objects to translate: 2510 (MyMemory en|ks per unique English)
…cached 1450 strings
…cached 1500 strings
…cached 1550 strings
…cached 1600 strings
…cached 1650 strings
…cached 1700 strings
…cached 1750 strings
…cached 1800 strings
…cached 1850 strings
…cached 1900 strings
…cached 1950 strings
…cached 2000 strings
MyMemory error: 'If he decides to take revenge..' attempt 1 429 Client Error: Too Many Requests for url: https://api.mymemory.translated.net/get?q=If+he+decides+to+take+revenge..&langpair=en%7Cks
MyMemory error: 'If he decides to take revenge..' attempt 2 429 Client Error: Too Many Requests for url: https://api.mymemory.translated.net/get?q=If+he+decides+to+take+revenge..&langpair=en%7Cks
MyMemory error: 'If he decides to take revenge..' attempt 3 429 Client Error: Too Many Requests for url: https://api.mymemory.translated.net/get?q=If+he+decides+to+take+revenge..&langpair=en%7Cks
MyMemory error: 'If he decides to take revenge..' attempt 4 429 Client Error: Too Many Requests for url: https://api.mymemory.translated.net/get?q=If+he+decides+to+take+revenge..&langpair=en%7Cks
MyMemory error: 'If he decides to take revenge..' attempt 5 429 Client Error: Too Many Requests for url: https://api.mymemory.translated.net/get?q=If+he+decides+to+take+revenge..&langpair=en%7Cks
MyMemory error: 'If he decides to take revenge..' attempt 6 429 Client Error: Too Many Requests for url: https://api.mymemory.translated.net/get?q=If+he+decides+to+take+revenge..&langpair=en%7Cks
give up: 'If he decides to take revenge..' 429 Client Error: Too Many Requests for url: https://api.mymemory.translated.net/get?q=If+he+decides+to+take+revenge..&langpair=en%7Cks
MyMemory error: 'I have decided a plan for tonight' attempt 1 429 Client Error: Too Many Requests for url: https://api.mymemory.translated.net/get?q=I+have+decided+a+plan+for+tonight&langpair=en%7Cks
MyMemory error: 'I have decided a plan for tonight' attempt 2 429 Client Error: Too Many Requests for url: https://api.mymemory.translated.net/get?q=I+have+decided+a+plan+for+tonight&langpair=en%7Cks
MyMemory error: 'I have decided a plan for tonight' attempt 3 429 Client Error: Too Many Requests for url: https://api.mymemory.translated.net/get?q=I+have+decided+a+plan+for+tonight&langpair=en%7Cks
MyMemory error: 'I have decided a plan for tonight' attempt 4 429 Client Error: Too Many Requests for url: https://api.mymemory.translated.net/get?q=I+have+decided+a+plan+for+tonight&langpair=en%7Cks
MyMemory error: 'I have decided a plan for tonight' attempt 5 429 Client Error: Too Many Requests for url: https://api.mymemory.translated.net/get?q=I+have+decided+a+plan+for+tonight&langpair=en%7Cks
MyMemory error: 'I have decided a plan for tonight' attempt 6 429 Client Error: Too Many Requests for url: https://api.mymemory.translated.net/get?q=I+have+decided+a+plan+for+tonight&langpair=en%7Cks
give up: 'I have decided a plan for tonight' 429 Client Error: Too Many Requests for url: https://api.mymemory.translated.net/get?q=I+have+decided+a+plan+for+tonight&langpair=en%7Cks
MyMemory error: 'I feel this way' attempt 1 429 Client Error: Too Many Requests for url: https://api.mymemory.translated.net/get?q=I+feel+this+way&langpair=en%7Cks
MyMemory error: 'I feel this way' attempt 2 429 Client Error: Too Many Requests for url: https://api.mymemory.translated.net/get?q=I+feel+this+way&langpair=en%7Cks
MyMemory error: 'I feel this way' attempt 3 429 Client Error: Too Many Requests for url: https://api.mymemory.translated.net/get?q=I+feel+this+way&langpair=en%7Cks
MyMemory error: 'I feel this way' attempt 4 429 Client Error: Too Many Requests for url: https://api.mymemory.translated.net/get?q=I+feel+this+way&langpair=en%7Cks
MyMemory error: 'I feel this way' attempt 5 429 Client Error: Too Many Requests for url: https://api.mymemory.translated.net/get?q=I+feel+this+way&langpair=en%7Cks
MyMemory error: 'I feel this way' attempt 6 429 Client Error: Too Many Requests for url: https://api.mymemory.translated.net/get?q=I+feel+this+way&langpair=en%7Cks
give up: 'I feel this way' 429 Client Error: Too Many Requests for url: https://api.mymemory.translated.net/get?q=I+feel+this+way&langpair=en%7Cks
MyMemory error: 'I feel this' attempt 1 429 Client Error: Too Many Requests for url: https://api.mymemory.translated.net/get?q=I+feel+this&langpair=en%7Cks
MyMemory error: 'I feel this' attempt 2 429 Client Error: Too Many Requests for url: https://api.mymemory.translated.net/get?q=I+feel+this&langpair=en%7Cks
MyMemory error: 'I feel this' attempt 3 429 Client Error: Too Many Requests for url: https://api.mymemory.translated.net/get?q=I+feel+this&langpair=en%7Cks
MyMemory error: 'I feel this' attempt 4 429 Client Error: Too Many Requests for url: https://api.mymemory.translated.net/get?q=I+feel+this&langpair=en%7Cks
MyMemory error: 'I feel this' attempt 5 429 Client Error: Too Many Requests for url: https://api.mymemory.translated.net/get?q=I+feel+this&langpair=en%7Cks
MyMemory error: 'I feel this' attempt 6 429 Client Error: Too Many Requests for url: https://api.mymemory.translated.net/get?q=I+feel+this&langpair=en%7Cks
give up: 'I feel this' 429 Client Error: Too Many Requests for url: https://api.mymemory.translated.net/get?q=I+feel+this&langpair=en%7Cks
MyMemory error: 'He felt that I will not come' attempt 1 429 Client Error: Too Many Requests for url: https://api.mymemory.translated.net/get?q=He+felt+that+I+will+not+come&langpair=en%7Cks
MyMemory error: 'He felt that I will not come' attempt 2 429 Client Error: Too Many Requests for url: https://api.mymemory.translated.net/get?q=He+felt+that+I+will+not+come&langpair=en%7Cks
MyMemory error: 'He felt that I will not come' attempt 3 429 Client Error: Too Many Requests for url: https://api.mymemory.translated.net/get?q=He+felt+that+I+will+not+come&langpair=en%7Cks
MyMemory error: 'He felt that I will not come' attempt 4 429 Client Error: Too Many Requests for url: https://api.mymemory.translated.net/get?q=He+felt+that+I+will+not+come&langpair=en%7Cks
MyMemory error: 'He felt that I will not come' attempt 5 429 Client Error: Too Many Requests for url: https://api.mymemory.translated.net/get?q=He+felt+that+I+will+not+come&langpair=en%7Cks
MyMemory error: 'He felt that I will not come' attempt 6 429 Client Error: Too Many Requests for url: https://api.mymemory.translated.net/get?q=He+felt+that+I+will+not+come&langpair=en%7Cks
give up: 'He felt that I will not come' 429 Client Error: Too Many Requests for url: https://api.mymemory.translated.net/get?q=He+felt+that+I+will+not+come&langpair=en%7Cks
…cached 2050 strings
MyMemory error: 'What do you feel?' attempt 1 429 Client Error: Too Many Requests for url: https://api.mymemory.translated.net/get?q=What+do+you+feel%3F&langpair=en%7Cks
MyMemory error: 'What do you feel?' attempt 2 429 Client Error: Too Many Requests for url: https://api.mymemory.translated.net/get?q=What+do+you+feel%3F&langpair=en%7Cks
MyMemory error: 'What do you feel?' attempt 3 429 Client Error: Too Many Requests for url: https://api.mymemory.translated.net/get?q=What+do+you+feel%3F&langpair=en%7Cks
MyMemory error: 'What do you feel?' attempt 4 429 Client Error: Too Many Requests for url: https://api.mymemory.translated.net/get?q=What+do+you+feel%3F&langpair=en%7Cks
MyMemory error: 'What do you feel?' attempt 5 429 Client Error: Too Many Requests for url: https://api.mymemory.translated.net/get?q=What+do+you+feel%3F&langpair=en%7Cks
MyMemory error: 'What do you feel?' attempt 6 429 Client Error: Too Many Requests for url: https://api.mymemory.translated.net/get?q=What+do+you+feel%3F&langpair=en%7Cks
give up: 'What do you feel?' 429 Client Error: Too Many Requests for url: https://api.mymemory.translated.net/get?q=What+do+you+feel%3F&langpair=en%7Cks
MyMemory error: 'He felt happiness' attempt 1 429 Client Error: Too Many Requests for url: https://api.mymemory.translated.net/get?q=He+felt+happiness&langpair=en%7Cks
MyMemory error: 'He felt happiness' attempt 2 429 Client Error: Too Many Requests for url: https://api.mymemory.translated.net/get?q=He+felt+happiness&langpair=en%7Cks
MyMemory error: 'He felt happiness' attempt 3 429 Client Error: Too Many Requests for url: https://api.mymemory.translated.net/get?q=He+felt+happiness&langpair=en%7Cks
MyMemory error: 'He felt happiness' attempt 4 429 Client Error: Too Many Requests for url: https://api.mymemory.translated.net/get?q=He+felt+happiness&langpair=en%7Cks
MyMemory error: 'He felt happiness' attempt 5 429 Client Error: Too Many Requests for url: https://api.mymemory.translated.net/get?q=He+felt+happiness&langpair=en%7Cks
MyMemory error: 'He felt happiness' attempt 6 429 Client Error: Too Many Requests for url: https://api.mymemory.translated.net/get?q=He+felt+happiness&langpair=en%7Cks
give up: 'He felt happiness' 429 Client Error: Too Many Requests for url: https://api.mymemory.translated.net/get?q=He+felt+happiness&langpair=en%7Cks
MyMemory error: "Don't you feel ashamed?" attempt 1 429 Client Error: Too Many Requests for url: https://api.mymemory.translated.net/get?q=Don%27t+you+feel+ashamed%3F&langpair=en%7Cks
MyMemory error: "Don't you feel ashamed?" attempt 2 429 Client Error: Too Many Requests for url: https://api.mymemory.translated.net/get?q=Don%27t+you+feel+ashamed%3F&langpair=en%7Cks
MyMemory error: "Don't you feel ashamed?" attempt 3 429 Client Error: Too Many Requests for url: https://api.mymemory.translated.net/get?q=Don%27t+you+feel+ashamed%3F&langpair=en%7Cks
MyMemory error: "Don't you feel ashamed?" attempt 4 429 Client Error: Too Many Requests for url: https://api.mymemory.translated.net/get?q=Don%27t+you+feel+ashamed%3F&langpair=en%7Cks
MyMemory error: "Don't you feel ashamed?" attempt 5 429 Client Error: Too Many Requests for url: https://api.mymemory.translated.net/get?q=Don%27t+you+feel+ashamed%3F&langpair=en%7Cks
MyMemory error: "Don't you feel ashamed?" attempt 6 429 Client Error: Too Many Requests for url: https://api.mymemory.translated.net/get?q=Don%27t+you+feel+ashamed%3F&langpair=en%7Cks
give up: "Don't you feel ashamed?" 429 Client Error: Too Many Requests for url: https://api.mymemory.translated.net/get?q=Don%27t+you+feel+ashamed%3F&langpair=en%7Cks
MyMemory error: 'Kaushik thinks he should go' attempt 1 429 Client Error: Too Many Requests for url: https://api.mymemory.translated.net/get?q=Kaushik+thinks+he+should+go&langpair=en%7Cks
MyMemory error: 'Kaushik thinks he should go' attempt 2 429 Client Error: Too Many Requests for url: https://api.mymemory.translated.net/get?q=Kaushik+thinks+he+should+go&langpair=en%7Cks
MyMemory error: 'Kaushik thinks he should go' attempt 3 429 Client Error: Too Many Requests for url: https://api.mymemory.translated.net/get?q=Kaushik+thinks+he+should+go&langpair=en%7Cks
MyMemory error: 'Kaushik thinks he should go' attempt 4 429 Client Error: Too Many Requests for url: https://api.mymemory.translated.net/get?q=Kaushik+thinks+he+should+go&langpair=en%7Cks
MyMemory error: 'Kaushik thinks he should go' attempt 5 429 Client Error: Too Many Requests for url: https://api.mymemory.translated.net/get?q=Kaushik+thinks+he+should+go&langpair=en%7Cks
MyMemory error: 'Kaushik thinks he should go' attempt 6 429 Client Error: Too Many Requests for url: https://api.mymemory.translated.net/get?q=Kaushik+thinks+he+should+go&langpair=en%7Cks
give up: 'Kaushik thinks he should go' 429 Client Error: Too Many Requests for url: https://api.mymemory.translated.net/get?q=Kaushik+thinks+he+should+go&langpair=en%7Cks
MyMemory error: 'He will feel bad' attempt 1 429 Client Error: Too Many Requests for url: https://api.mymemory.translated.net/get?q=He+will+feel+bad&langpair=en%7Cks
MyMemory error: 'He will feel bad' attempt 2 429 Client Error: Too Many Requests for url: https://api.mymemory.translated.net/get?q=He+will+feel+bad&langpair=en%7Cks
MyMemory error: 'He will feel bad' attempt 3 429 Client Error: Too Many Requests for url: https://api.mymemory.translated.net/get?q=He+will+feel+bad&langpair=en%7Cks
MyMemory error: 'He will feel bad' attempt 4 429 Client Error: Too Many Requests for url: https://api.mymemory.translated.net/get?q=He+will+feel+bad&langpair=en%7Cks
MyMemory error: 'He will feel bad' attempt 5 429 Client Error: Too Many Requests for url: https://api.mymemory.translated.net/get?q=He+will+feel+bad&langpair=en%7Cks
MyMemory error: 'He will feel bad' attempt 6 429 Client Error: Too Many Requests for url: https://api.mymemory.translated.net/get?q=He+will+feel+bad&langpair=en%7Cks
give up: 'He will feel bad' 429 Client Error: Too Many Requests for url: https://api.mymemory.translated.net/get?q=He+will+feel+bad&langpair=en%7Cks
MyMemory error: 'To show different aspects' attempt 1 429 Client Error: Too Many Requests for url: https://api.mymemory.translated.net/get?q=To+show+different+aspects&langpair=en%7Cks
MyMemory error: 'To show different aspects' attempt 2 429 Client Error: Too Many Requests for url: https://api.mymemory.translated.net/get?q=To+show+different+aspects&langpair=en%7Cks
MyMemory error: 'To show different aspects' attempt 3 429 Client Error: Too Many Requests for url: https://api.mymemory.translated.net/get?q=To+show+different+aspects&langpair=en%7Cks
MyMemory error: 'To show different aspects' attempt 4 429 Client Error: Too Many Requests for url: https://api.mymemory.translated.net/get?q=To+show+different+aspects&langpair=en%7Cks
MyMemory error: 'To show different aspects' attempt 5 429 Client Error: Too Many Requests for url: https://api.mymemory.translated.net/get?q=To+show+different+aspects&langpair=en%7Cks
MyMemory error: 'To show different aspects' attempt 6 429 Client Error: Too Many Requests for url: https://api.mymemory.translated.net/get?q=To+show+different+aspects&langpair=en%7Cks
give up: 'To show different aspects' 429 Client Error: Too Many Requests for url: https://api.mymemory.translated.net/get?q=To+show+different+aspects&langpair=en%7Cks
MyMemory error: 'To follow up & pressurize' attempt 1 429 Client Error: Too Many Requests for url: https://api.mymemory.translated.net/get?q=To+follow+up+%26+pressurize&langpair=en%7Cks
MyMemory error: 'To follow up & pressurize' attempt 2 429 Client Error: Too Many Requests for url: https://api.mymemory.translated.net/get?q=To+follow+up+%26+pressurize&langpair=en%7Cks
MyMemory error: 'To follow up & pressurize' attempt 3 429 Client Error: Too Many Requests for url: https://api.mymemory.translated.net/get?q=To+follow+up+%26+pressurize&langpair=en%7Cks
MyMemory error: 'To follow up & pressurize' attempt 4 429 Client Error: Too Many Requests for url: https://api.mymemory.translated.net/get?q=To+follow+up+%26+pressurize&langpair=en%7Cks
MyMemory error: 'To follow up & pressurize' attempt 5 429 Client Error: Too Many Requests for url: https://api.mymemory.translated.net/get?q=To+follow+up+%26+pressurize&langpair=en%7Cks
MyMemory error: 'To follow up & pressurize' attempt 6 429 Client Error: Too Many Requests for url: https://api.mymemory.translated.net/get?q=To+follow+up+%26+pressurize&langpair=en%7Cks
give up: 'To follow up & pressurize' 429 Client Error: Too Many Requests for url: https://api.mymemory.translated.net/get?q=To+follow+up+%26+pressurize&langpair=en%7Cks
MyMemory error: 'Every home same story' attempt 1 429 Client Error: Too Many Requests for url: https://api.mymemory.translated.net/get?q=Every+home+same+story&langpair=en%7Cks
MyMemory error: 'Every home same story' attempt 2 429 Client Error: Too Many Requests for url: https://api.mymemory.translated.net/get?q=Every+home+same+story&langpair=en%7Cks
MyMemory error: 'Every home same story' attempt 3 429 Client Error: Too Many Requests for url: https://api.mymemory.translated.net/get?q=Every+home+same+story&langpair=en%7Cks
MyMemory error: 'Every home same story' attempt 4 429 Client Error: Too Many Requests for url: https://api.mymemory.translated.net/get?q=Every+home+same+story&langpair=en%7Cks
MyMemory error: 'Every home same story' attempt 5 429 Client Error: Too Many Requests for url: https://api.mymemory.translated.net/get?q=Every+home+same+story&langpair=en%7Cks
MyMemory error: 'Every home same story' attempt 6 429 Client Error: Too Many Requests for url: https://api.mymemory.translated.net/get?q=Every+home+same+story&langpair=en%7Cks
give up: 'Every home same story' 429 Client Error: Too Many Requests for url: https://api.mymemory.translated.net/get?q=Every+home+same+story&langpair=en%7Cks
MyMemory error: 'To approve formally' attempt 1 429 Client Error: Too Many Requests for url: https://api.mymemory.translated.net/get?q=To+approve+formally&langpair=en%7Cks
MyMemory error: 'To approve formally' attempt 2 429 Client Error: Too Many Requests for url: https://api.mymemory.translated.net/get?q=To+approve+formally&langpair=en%7Cks
MyMemory error: 'To approve formally' attempt 3 429 Client Error: Too Many Requests for url: https://api.mymemory.translated.net/get?q=To+approve+formally&langpair=en%7Cks
MyMemory error: 'To approve formally' attempt 4 429 Client Error: Too Many Requests for url: https://api.mymemory.translated.net/get?q=To+approve+formally&langpair=en%7Cks
MyMemory error: 'To approve formally' attempt 5 429 Client Error: Too Many Requests for url: https://api.mymemory.translated.net/get?q=To+approve+formally&langpair=en%7Cks
MyMemory error: 'To approve formally' attempt 6 429 Client Error: Too Many Requests for url: https://api.mymemory.translated.net/get?q=To+approve+formally&langpair=en%7Cks
give up: 'To approve formally' 429 Client Error: Too Many Requests for url: https://api.mymemory.translated.net/get?q=To+approve+formally&langpair=en%7Cks
MyMemory error: 'To cause destruction' attempt 1 429 Client Error: Too Many Requests for url: https://api.mymemory.translated.net/get?q=To+cause+destruction&langpair=en%7Cks
MyMemory error: 'To cause destruction' attempt 2 429 Client Error: Too Many Requests for url: https://api.mymemory.translated.net/get?q=To+cause+destruction&langpair=en%7Cks
MyMemory error: 'To cause destruction' attempt 3 429 Client Error: Too Many Requests for url: https://api.mymemory.translated.net/get?q=To+cause+destruction&langpair=en%7Cks
MyMemory error: 'To cause destruction' attempt 4 429 Client Error: Too Many Requests for url: https://api.mymemory.translated.net/get?q=To+cause+destruction&langpair=en%7Cks
MyMemory error: 'To cause destruction' attempt 5 429 Client Error: Too Many Requests for url: https://api.mymemory.translated.net/get?q=To+cause+destruction&langpair=en%7Cks
MyMemory error: 'To cause destruction' attempt 6 429 Client Error: Too Many Requests for url: https://api.mymemory.translated.net/get?q=To+cause+destruction&langpair=en%7Cks
give up: 'To cause destruction' 429 Client Error: Too Many Requests for url: https://api.mymemory.translated.net/get?q=To+cause+destruction&langpair=en%7Cks
MyMemory error: 'Repeat like tape' attempt 1 429 Client Error: Too Many Requests for url: https://api.mymemory.translated.net/get?q=Repeat+like+tape&langpair=en%7Cks
MyMemory error: 'Repeat like tape' attempt 2 429 Client Error: Too Many Requests for url: https://api.mymemory.translated.net/get?q=Repeat+like+tape&langpair=en%7Cks
MyMemory error: 'Repeat like tape' attempt 3 429 Client Error: Too Many Requests for url: https://api.mymemory.translated.net/get?q=Repeat+like+tape&langpair=en%7Cks
MyMemory error: 'Repeat like tape' attempt 4 429 Client Error: Too Many Requests for url: https://api.mymemory.translated.net/get?q=Repeat+like+tape&langpair=en%7Cks
MyMemory error: 'Repeat like tape' attempt 5 429 Client Error: Too Many Requests for url: https://api.mymemory.translated.net/get?q=Repeat+like+tape&langpair=en%7Cks
MyMemory error: 'Repeat like tape' attempt 6 429 Client Error: Too Many Requests for url: https://api.mymemory.translated.net/get?q=Repeat+like+tape&langpair=en%7Cks
give up: 'Repeat like tape' 429 Client Error: Too Many Requests for url: https://api.mymemory.translated.net/get?q=Repeat+like+tape&langpair=en%7Cks
MyMemory error: 'To force to do' attempt 1 429 Client Error: Too Many Requests for url: https://api.mymemory.translated.net/get?q=To+force+to+do&langpair=en%7Cks
MyMemory error: 'To force to do' attempt 2 429 Client Error: Too Many Requests for url: https://api.mymemory.translated.net/get?q=To+force+to+do&langpair=en%7Cks
MyMemory error: 'To force to do' attempt 3 429 Client Error: Too Many Requests for url: https://api.mymemory.translated.net/get?q=To+force+to+do&langpair=en%7Cks
MyMemory error: 'To force to do' attempt 4 429 Client Error: Too Many Requests for url: https://api.mymemory.translated.net/get?q=To+force+to+do&langpair=en%7Cks
MyMemory error: 'To force to do' attempt 5 429 Client Error: Too Many Requests for url: https://api.mymemory.translated.net/get?q=To+force+to+do&langpair=en%7Cks
MyMemory error: 'To force to do' attempt 6 429 Client Error: Too Many Requests for url: https://api.mymemory.translated.net/get?q=To+force+to+do&langpair=en%7Cks
give up: 'To force to do' 429 Client Error: Too Many Requests for url: https://api.mymemory.translated.net/get?q=To+force+to+do&langpair=en%7Cks
MyMemory error: 'No control on tongue' attempt 1 429 Client Error: Too Many Requests for url: https://api.mymemory.translated.net/get?q=No+control+on+tongue&langpair=en%7Cks
MyMemory error: 'No control on tongue' attempt 2 429 Client Error: Too Many Requests for url: https://api.mymemory.translated.net/get?q=No+control+on+tongue&langpair=en%7Cks
MyMemory error: 'No control on tongue' attempt 3 429 Client Error: Too Many Requests for url: https://api.mymemory.translated.net/get?q=No+control+on+tongue&langpair=en%7Cks
MyMemory error: 'No control on tongue' attempt 4 429 Client Error: Too Many Requests for url: https://api.mymemory.translated.net/get?q=No+control+on+tongue&langpair=en%7Cks
MyMemory error: 'No control on tongue' attempt 5 429 Client Error: Too Many Requests for url: https://api.mymemory.translated.net/get?q=No+control+on+tongue&langpair=en%7Cks
MyMemory error: 'No control on tongue' attempt 6 429 Client Error: Too Many Requests for url: https://api.mymemory.translated.net/get?q=No+control+on+tongue&langpair=en%7Cks
give up: 'No control on tongue' 429 Client Error: Too Many Requests for url: https://api.mymemory.translated.net/get?q=No+control+on+tongue&langpair=en%7Cks
MyMemory error: 'Not utter a word' attempt 1 429 Client Error: Too Many Requests for url: https://api.mymemory.translated.net/get?q=Not+utter+a+word&langpair=en%7Cks
MyMemory error: 'Not utter a word' attempt 2 429 Client Error: Too Many Requests for url: https://api.mymemory.translated.net/get?q=Not+utter+a+word&langpair=en%7Cks
MyMemory error: 'Not utter a word' attempt 3 429 Client Error: Too Many Requests for url: https://api.mymemory.translated.net/get?q=Not+utter+a+word&langpair=en%7Cks
MyMemory error: 'Not utter a word' attempt 4 429 Client Error: Too Many Requests for url: https://api.mymemory.translated.net/get?q=Not+utter+a+word&langpair=en%7Cks
MyMemory error: 'Not utter a word' attempt 5 429 Client Error: Too Many Requests for url: https://api.mymemory.translated.net/get?q=Not+utter+a+word&langpair=en%7Cks
MyMemory error: 'Not utter a word' attempt 6 429 Client Error: Too Many Requests for url: https://api.mymemory.translated.net/get?q=Not+utter+a+word&langpair=en%7Cks
give up: 'Not utter a word' 429 Client Error: Too Many Requests for url: https://api.mymemory.translated.net/get?q=Not+utter+a+word&langpair=en%7Cks
MyMemory error: 'To take control' attempt 1 429 Client Error: Too Many Requests for url: https://api.mymemory.translated.net/get?q=To+take+control&langpair=en%7Cks
MyMemory error: 'To take control' attempt 2 429 Client Error: Too Many Requests for url: https://api.mymemory.translated.net/get?q=To+take+control&langpair=en%7Cks
MyMemory error: 'To take control' attempt 3 429 Client Error: Too Many Requests for url: https://api.mymemory.translated.net/get?q=To+take+control&langpair=en%7Cks
MyMemory error: 'To take control' attempt 4 429 Client Error: Too Many Requests for url: https://api.mymemory.translated.net/get?q=To+take+control&langpair=en%7Cks
MyMemory error: 'To take control' attempt 5 429 Client Error: Too Many Requests for url: https://api.mymemory.translated.net/get?q=To+take+control&langpair=en%7Cks
MyMemory error: 'To take control' attempt 6 429 Client Error: Too Many Requests for url: https://api.mymemory.translated.net/get?q=To+take+control&langpair=en%7Cks
give up: 'To take control' 429 Client Error: Too Many Requests for url: https://api.mymemory.translated.net/get?q=To+take+control&langpair=en%7Cks
MyMemory error: 'To feel embarrassed' attempt 1 429 Client Error: Too Many Requests for url: https://api.mymemory.translated.net/get?q=To+feel+embarrassed&langpair=en%7Cks
MyMemory error: 'To feel embarrassed' attempt 2 429 Client Error: Too Many Requests for url: https://api.mymemory.translated.net/get?q=To+feel+embarrassed&langpair=en%7Cks
MyMemory error: 'To feel embarrassed' attempt 3 429 Client Error: Too Many Requests for url: https://api.mymemory.translated.net/get?q=To+feel+embarrassed&langpair=en%7Cks
MyMemory error: 'To feel embarrassed' attempt 4 429 Client Error: Too Many Requests for url: https://api.mymemory.translated.net/get?q=To+feel+embarrassed&langpair=en%7Cks
MyMemory error: 'To feel embarrassed' attempt 5 429 Client Error: Too Many Requests for url: https://api.mymemory.translated.net/get?q=To+feel+embarrassed&langpair=en%7Cks
MyMemory error: 'To feel embarrassed' attempt 6 429 Client Error: Too Many Requests for url: https://api.mymemory.translated.net/get?q=To+feel+embarrassed&langpair=en%7Cks
give up: 'To feel embarrassed' 429 Client Error: Too Many Requests for url: https://api.mymemory.translated.net/get?q=To+feel+embarrassed&langpair=en%7Cks
MyMemory error: 'To spew venom' attempt 1 429 Client Error: Too Many Requests for url: https://api.mymemory.translated.net/get?q=To+spew+venom&langpair=en%7Cks
MyMemory error: 'To spew venom' attempt 2 429 Client Error: Too Many Requests for url: https://api.mymemory.translated.net/get?q=To+spew+venom&langpair=en%7Cks
MyMemory error: 'To spew venom' attempt 3 429 Client Error: Too Many Requests for url: https://api.mymemory.translated.net/get?q=To+spew+venom&langpair=en%7Cks
MyMemory error: 'To spew venom' attempt 4 429 Client Error: Too Many Requests for url: https://api.mymemory.translated.net/get?q=To+spew+venom&langpair=en%7Cks
MyMemory error: 'To spew venom' attempt 5 429 Client Error: Too Many Requests for url: https://api.mymemory.translated.net/get?q=To+spew+venom&langpair=en%7Cks
MyMemory error: 'To spew venom' attempt 6 429 Client Error: Too Many Requests for url: https://api.mymemory.translated.net/get?q=To+spew+venom&langpair=en%7Cks
give up: 'To spew venom' 429 Client Error: Too Many Requests for url: https://api.mymemory.translated.net/get?q=To+spew+venom&langpair=en%7Cks
MyMemory error: 'To uncover mystery' attempt 1 429 Client Error: Too Many Requests for url: https://api.mymemory.translated.net/get?q=To+uncover+mystery&langpair=en%7Cks
MyMemory error: 'To uncover mystery' attempt 2 429 Client Error: Too Many Requests for url: https://api.mymemory.translated.net/get?q=To+uncover+mystery&langpair=en%7Cks
MyMemory error: 'To uncover mystery' attempt 3 429 Client Error: Too Many Requests for url: https://api.mymemory.translated.net/get?q=To+uncover+mystery&langpair=en%7Cks
MyMemory error: 'To uncover mystery' attempt 4 429 Client Error: Too Many Requests for url: https://api.mymemory.translated.net/get?q=To+uncover+mystery&langpair=en%7Cks
MyMemory error: 'To uncover mystery' attempt 5 429 Client Error: Too Many Requests for url: https://api.mymemory.translated.net/get?q=To+uncover+mystery&langpair=en%7Cks
MyMemory error: 'To uncover mystery' attempt 6 429 Client Error: Too Many Requests for url: https://api.mymemory.translated.net/get?q=To+uncover+mystery&langpair=en%7Cks
give up: 'To uncover mystery' 429 Client Error: Too Many Requests for url: https://api.mymemory.translated.net/get?q=To+uncover+mystery&langpair=en%7Cks
MyMemory error: 'To be puzzled' attempt 1 429 Client Error: Too Many Requests for url: https://api.mymemory.translated.net/get?q=To+be+puzzled&langpair=en%7Cks
MyMemory error: 'To be puzzled' attempt 2 429 Client Error: Too Many Requests for url: https://api.mymemory.translated.net/get?q=To+be+puzzled&langpair=en%7Cks
MyMemory error: 'To be puzzled' attempt 3 429 Client Error: Too Many Requests for url: https://api.mymemory.translated.net/get?q=To+be+puzzled&langpair=en%7Cks
MyMemory error: 'To be puzzled' attempt 4 429 Client Error: Too Many Requests for url: https://api.mymemory.translated.net/get?q=To+be+puzzled&langpair=en%7Cks
MyMemory error: 'To be puzzled' attempt 5 429 Client Error: Too Many Requests for url: https://api.mymemory.translated.net/get?q=To+be+puzzled&langpair=en%7Cks
MyMemory error: 'To be puzzled' attempt 6 429 Client Error: Too Many Requests for url: https://api.mymemory.translated.net/get?q=To+be+puzzled&langpair=en%7Cks
give up: 'To be puzzled' 429 Client Error: Too Many Requests for url: https://api.mymemory.translated.net/get?q=To+be+puzzled&langpair=en%7Cks
MyMemory error: 'To defeat completely' attempt 1 429 Client Error: Too Many Requests for url: https://api.mymemory.translated.net/get?q=To+defeat+completely&langpair=en%7Cks
MyMemory error: 'To defeat completely' attempt 2 429 Client Error: Too Many Requests for url: https://api.mymemory.translated.net/get?q=To+defeat+completely&langpair=en%7Cks
MyMemory error: 'To defeat completely' attempt 3 429 Client Error: Too Many Requests for url: https://api.mymemory.translated.net/get?q=To+defeat+completely&langpair=en%7Cks
MyMemory error: 'To defeat completely' attempt 4 429 Client Error: Too Many Requests for url: https://api.mymemory.translated.net/get?q=To+defeat+completely&langpair=en%7Cks
MyMemory error: 'To defeat completely' attempt 5 429 Client Error: Too Many Requests for url: https://api.mymemory.translated.net/get?q=To+defeat+completely&langpair=en%7Cks
MyMemory error: 'To defeat completely' attempt 6 429 Client Error: Too Many Requests for url: https://api.mymemory.translated.net/get?q=To+defeat+completely&langpair=en%7Cks
give up: 'To defeat completely' 429 Client Error: Too Many Requests for url: https://api.mymemory.translated.net/get?q=To+defeat+completely&langpair=en%7Cks
MyMemory error: 'If employee works 1 year, gratuity right' attempt 1 429 Client Error: Too Many Requests for url: https://api.mymemory.translated.net/get?q=If+employee+works+1+year%2C+gratuity+right&langpair=en%7Cks
MyMemory error: 'If employee works 1 year, gratuity right' attempt 2 429 Client Error: Too Many Requests for url: https://api.mymemory.translated.net/get?q=If+employee+works+1+year%2C+gratuity+right&langpair=en%7Cks
MyMemory error: 'If employee works 1 year, gratuity right' attempt 3 429 Client Error: Too Many Requests for url: https://api.mymemory.translated.net/get?q=If+employee+works+1+year%2C+gratuity+right&langpair=en%7Cks
MyMemory error: 'If employee works 1 year, gratuity right' attempt 4 429 Client Error: Too Many Requests for url: https://api.mymemory.translated.net/get?q=If+employee+works+1+year%2C+gratuity+right&langpair=en%7Cks
MyMemory error: 'If employee works 1 year, gratuity right' attempt 5 429 Client Error: Too Many Requests for url: https://api.mymemory.translated.net/get?q=If+employee+works+1+year%2C+gratuity+right&langpair=en%7Cks
MyMemory error: 'If employee works 1 year, gratuity right' attempt 6 429 Client Error: Too Many Requests for url: https://api.mymemory.translated.net/get?q=If+employee+works+1+year%2C+gratuity+right&langpair=en%7Cks
give up: 'If employee works 1 year, gratuity right' 429 Client Error: Too Many Requests for url: https://api.mymemory.translated.net/get?q=If+employee+works+1+year%2C+gratuity+right&langpair=en%7Cks
MyMemory error: 'If wrong info given, disciplinary action' attempt 1 429 Client Error: Too Many Requests for url: https://api.mymemory.translated.net/get?q=If+wrong+info+given%2C+disciplinary+action&langpair=en%7Cks
MyMemory error: 'If wrong info given, disciplinary action' attempt 2 429 Client Error: Too Many Requests for url: https://api.mymemory.translated.net/get?q=If+wrong+info+given%2C+disciplinary+action&langpair=en%7Cks
MyMemory error: 'If wrong info given, disciplinary action' attempt 3 429 Client Error: Too Many Requests for url: https://api.mymemory.translated.net/get?q=If+wrong+info+given%2C+disciplinary+action&langpair=en%7Cks
MyMemory error: 'If wrong info given, disciplinary action' attempt 4 429 Client Error: Too Many Requests for url: https://api.mymemory.translated.net/get?q=If+wrong+info+given%2C+disciplinary+action&langpair=en%7Cks
MyMemory error: 'If wrong info given, disciplinary action' attempt 5 429 Client Error: Too Many Requests for url: https://api.mymemory.translated.net/get?q=If+wrong+info+given%2C+disciplinary+action&langpair=en%7Cks
MyMemory error: 'If wrong info given, disciplinary action' attempt 6 429 Client Error: Too Many Requests for url: https://api.mymemory.translated.net/get?q=If+wrong+info+given%2C+disciplinary+action&langpair=en%7Cks
give up: 'If wrong info given, disciplinary action' 429 Client Error: Too Many Requests for url: https://api.mymemory.translated.net/get?q=If+wrong+info+given%2C+disciplinary+action&langpair=en%7Cks
MyMemory error: 'If possible, come to meet me' attempt 1 429 Client Error: Too Many Requests for url: https://api.mymemory.translated.net/get?q=If+possible%2C+come+to+meet+me&langpair=en%7Cks
MyMemory error: 'If possible, come to meet me' attempt 2 429 Client Error: Too Many Requests for url: https://api.mymemory.translated.net/get?q=If+possible%2C+come+to+meet+me&langpair=en%7Cks
MyMemory error: 'If possible, come to meet me' attempt 3 429 Client Error: Too Many Requests for url: https://api.mymemory.translated.net/get?q=If+possible%2C+come+to+meet+me&langpair=en%7Cks
MyMemory error: 'If possible, come to meet me' attempt 4 429 Client Error: Too Many Requests for url: https://api.mymemory.translated.net/get?q=If+possible%2C+come+to+meet+me&langpair=en%7Cks
MyMemory error: 'If possible, come to meet me' attempt 5 429 Client Error: Too Many Requests for url: https://api.mymemory.translated.net/get?q=If+possible%2C+come+to+meet+me&langpair=en%7Cks
MyMemory error: 'If possible, come to meet me' attempt 6 429 Client Error: Too Many Requests for url: https://api.mymemory.translated.net/get?q=If+possible%2C+come+to+meet+me&langpair=en%7Cks
give up: 'If possible, come to meet me' 429 Client Error: Too Many Requests for url: https://api.mymemory.translated.net/get?q=If+possible%2C+come+to+meet+me&langpair=en%7Cks
MyMemory error: 'What does this mean?' attempt 1 429 Client Error: Too Many Requests for url: https://api.mymemory.translated.net/get?q=What+does+this+mean%3F&langpair=en%7Cks
MyMemory error: 'What does this mean?' attempt 2 429 Client Error: Too Many Requests for url: https://api.mymemory.translated.net/get?q=What+does+this+mean%3F&langpair=en%7Cks
MyMemory error: 'What does this mean?' attempt 3 429 Client Error: Too Many Requests for url: https://api.mymemory.translated.net/get?q=What+does+this+mean%3F&langpair=en%7Cks
MyMemory error: 'What does this mean?' attempt 4 429 Client Error: Too Many Requests for url: https://api.mymemory.translated.net/get?q=What+does+this+mean%3F&langpair=en%7Cks
MyMemory error: 'What does this mean?' attempt 5 429 Client Error: Too Many Requests for url: https://api.mymemory.translated.net/get?q=What+does+this+mean%3F&langpair=en%7Cks
MyMemory error: 'What does this mean?' attempt 6 429 Client Error: Too Many Requests for url: https://api.mymemory.translated.net/get?q=What+does+this+mean%3F&langpair=en%7Cks
give up: 'What does this mean?' 429 Client Error: Too Many Requests for url: https://api.mymemory.translated.net/get?q=What+does+this+mean%3F&langpair=en%7Cks
MyMemory error: 'I came because you called' attempt 1 429 Client Error: Too Many Requests for url: https://api.mymemory.translated.net/get?q=I+came+because+you+called&langpair=en%7Cks
MyMemory error: 'I came because you called' attempt 2 429 Client Error: Too Many Requests for url: https://api.mymemory.translated.net/get?q=I+came+because+you+called&langpair=en%7Cks
MyMemory error: 'I came because you called' attempt 3 429 Client Error: Too Many Requests for url: https://api.mymemory.translated.net/get?q=I+came+because+you+called&langpair=en%7Cks
MyMemory error: 'I came because you called' attempt 4 429 Client Error: Too Many Requests for url: https://api.mymemory.translated.net/get?q=I+came+because+you+called&langpair=en%7Cks
MyMemory error: 'I came because you called' attempt 5 429 Client Error: Too Many Requests for url: https://api.mymemory.translated.net/get?q=I+came+because+you+called&langpair=en%7Cks
MyMemory error: 'I came because you called' attempt 6 429 Client Error: Too Many Requests for url: https://api.mymemory.translated.net/get?q=I+came+because+you+called&langpair=en%7Cks
give up: 'I came because you called' 429 Client Error: Too Many Requests for url: https://api.mymemory.translated.net/get?q=I+came+because+you+called&langpair=en%7Cks
MyMemory error: 'Someone called Kaushik has come' attempt 1 429 Client Error: Too Many Requests for url: https://api.mymemory.translated.net/get?q=Someone+called+Kaushik+has+come&langpair=en%7Cks
MyMemory error: 'Someone called Kaushik has come' attempt 2 429 Client Error: Too Many Requests for url: https://api.mymemory.translated.net/get?q=Someone+called+Kaushik+has+come&langpair=en%7Cks
MyMemory error: 'Someone called Kaushik has come' attempt 3 429 Client Error: Too Many Requests for url: https://api.mymemory.translated.net/get?q=Someone+called+Kaushik+has+come&langpair=en%7Cks
MyMemory error: 'Someone called Kaushik has come' attempt 4 429 Client Error: Too Many Requests for url: https://api.mymemory.translated.net/get?q=Someone+called+Kaushik+has+come&langpair=en%7Cks
MyMemory error: 'Someone called Kaushik has come' attempt 5 429 Client Error: Too Many Requests for url: https://api.mymemory.translated.net/get?q=Someone+called+Kaushik+has+come&langpair=en%7Cks
MyMemory error: 'Someone called Kaushik has come' attempt 6 429 Client Error: Too Many Requests for url: https://api.mymemory.translated.net/get?q=Someone+called+Kaushik+has+come&langpair=en%7Cks
give up: 'Someone called Kaushik has come' 429 Client Error: Too Many Requests for url: https://api.mymemory.translated.net/get?q=Someone+called+Kaushik+has+come&langpair=en%7Cks
MyMemory error: 'Someone named Kaushik has come' attempt 1 429 Client Error: Too Many Requests for url: https://api.mymemory.translated.net/get?q=Someone+named+Kaushik+has+come&langpair=en%7Cks
MyMemory error: 'Someone named Kaushik has come' attempt 2 429 Client Error: Too Many Requests for url: https://api.mymemory.translated.net/get?q=Someone+named+Kaushik+has+come&langpair=en%7Cks
MyMemory error: 'Someone named Kaushik has come' attempt 3 429 Client Error: Too Many Requests for url: https://api.mymemory.translated.net/get?q=Someone+named+Kaushik+has+come&langpair=en%7Cks
MyMemory error: 'Someone named Kaushik has come' attempt 4 429 Client Error: Too Many Requests for url: https://api.mymemory.translated.net/get?q=Someone+named+Kaushik+has+come&langpair=en%7Cks
MyMemory error: 'Someone named Kaushik has come' attempt 5 429 Client Error: Too Many Requests for url: https://api.mymemory.translated.net/get?q=Someone+named+Kaushik+has+come&langpair=en%7Cks
MyMemory error: 'Someone named Kaushik has come' attempt 6 429 Client Error: Too Many Requests for url: https://api.mymemory.translated.net/get?q=Someone+named+Kaushik+has+come&langpair=en%7Cks
give up: 'Someone named Kaushik has come' 429 Client Error: Too Many Requests for url: https://api.mymemory.translated.net/get?q=Someone+named+Kaushik+has+come&langpair=en%7Cks
MyMemory error: 'Why do you want it for?' attempt 1 429 Client Error: Too Many Requests for url: https://api.mymemory.translated.net/get?q=Why+do+you+want+it+for%3F&langpair=en%7Cks
MyMemory error: 'Why do you want it for?' attempt 2 429 Client Error: Too Many Requests for url: https://api.mymemory.translated.net/get?q=Why+do+you+want+it+for%3F&langpair=en%7Cks
MyMemory error: 'Why do you want it for?' attempt 3 429 Client Error: Too Many Requests for url: https://api.mymemory.translated.net/get?q=Why+do+you+want+it+for%3F&langpair=en%7Cks
MyMemory error: 'Why do you want it for?' attempt 4 429 Client Error: Too Many Requests for url: https://api.mymemory.translated.net/get?q=Why+do+you+want+it+for%3F&langpair=en%7Cks
MyMemory error: 'Why do you want it for?' attempt 5 429 Client Error: Too Many Requests for url: https://api.mymemory.translated.net/get?q=Why+do+you+want+it+for%3F&langpair=en%7Cks
MyMemory error: 'Why do you want it for?' attempt 6 429 Client Error: Too Many Requests for url: https://api.mymemory.translated.net/get?q=Why+do+you+want+it+for%3F&langpair=en%7Cks
give up: 'Why do you want it for?' 429 Client Error: Too Many Requests for url: https://api.mymemory.translated.net/get?q=Why+do+you+want+it+for%3F&langpair=en%7Cks
MyMemory error: 'What is its reason?' attempt 1 429 Client Error: Too Many Requests for url: https://api.mymemory.translated.net/get?q=What+is+its+reason%3F&langpair=en%7Cks
MyMemory error: 'What is its reason?' attempt 2 429 Client Error: Too Many Requests for url: https://api.mymemory.translated.net/get?q=What+is+its+reason%3F&langpair=en%7Cks
MyMemory error: 'What is its reason?' attempt 3 429 Client Error: Too Many Requests for url: https://api.mymemory.translated.net/get?q=What+is+its+reason%3F&langpair=en%7Cks
MyMemory error: 'What is its reason?' attempt 4 429 Client Error: Too Many Requests for url: https://api.mymemory.translated.net/get?q=What+is+its+reason%3F&langpair=en%7Cks
MyMemory error: 'What is its reason?' attempt 5 429 Client Error: Too Many Requests for url: https://api.mymemory.translated.net/get?q=What+is+its+reason%3F&langpair=en%7Cks
MyMemory error: 'What is its reason?' attempt 6 429 Client Error: Too Many Requests for url: https://api.mymemory.translated.net/get?q=What+is+its+reason%3F&langpair=en%7Cks
give up: 'What is its reason?' 429 Client Error: Too Many Requests for url: https://api.mymemory.translated.net/get?q=What+is+its+reason%3F&langpair=en%7Cks
MyMemory error: 'You only complete this' attempt 1 429 Client Error: Too Many Requests for url: https://api.mymemory.translated.net/get?q=You+only+complete+this&langpair=en%7Cks
MyMemory error: 'You only complete this' attempt 2 429 Client Error: Too Many Requests for url: https://api.mymemory.translated.net/get?q=You+only+complete+this&langpair=en%7Cks
MyMemory error: 'You only complete this' attempt 3 429 Client Error: Too Many Requests for url: https://api.mymemory.translated.net/get?q=You+only+complete+this&langpair=en%7Cks
MyMemory error: 'You only complete this' attempt 4 429 Client Error: Too Many Requests for url: https://api.mymemory.translated.net/get?q=You+only+complete+this&langpair=en%7Cks
MyMemory error: 'You only complete this' attempt 5 429 Client Error: Too Many Requests for url: https://api.mymemory.translated.net/get?q=You+only+complete+this&langpair=en%7Cks
MyMemory error: 'You only complete this' attempt 6 429 Client Error: Too Many Requests for url: https://api.mymemory.translated.net/get?q=You+only+complete+this&langpair=en%7Cks
give up: 'You only complete this' 429 Client Error: Too Many Requests for url: https://api.mymemory.translated.net/get?q=You+only+complete+this&langpair=en%7Cks
MyMemory error: 'It is you who told' attempt 1 429 Client Error: Too Many Requests for url: https://api.mymemory.translated.net/get?q=It+is+you+who+told&langpair=en%7Cks
MyMemory error: 'It is you who told' attempt 2 429 Client Error: Too Many Requests for url: https://api.mymemory.translated.net/get?q=It+is+you+who+told&langpair=en%7Cks
MyMemory error: 'It is you who told' attempt 3 429 Client Error: Too Many Requests for url: https://api.mymemory.translated.net/get?q=It+is+you+who+told&langpair=en%7Cks
MyMemory error: 'It is you who told' attempt 4 429 Client Error: Too Many Requests for url: https://api.mymemory.translated.net/get?q=It+is+you+who+told&langpair=en%7Cks
MyMemory error: 'It is you who told' attempt 5 429 Client Error: Too Many Requests for url: https://api.mymemory.translated.net/get?q=It+is+you+who+told&langpair=en%7Cks
MyMemory error: 'It is you who told' attempt 6 429 Client Error: Too Many Requests for url: https://api.mymemory.translated.net/get?q=It+is+you+who+told&langpair=en%7Cks
give up: 'It is you who told' 429 Client Error: Too Many Requests for url: https://api.mymemory.translated.net/get?q=It+is+you+who+told&langpair=en%7Cks
MyMemory error: 'I want it tomorrow itself' attempt 1 429 Client Error: Too Many Requests for url: https://api.mymemory.translated.net/get?q=I+want+it+tomorrow+itself&langpair=en%7Cks
MyMemory error: 'I want it tomorrow itself' attempt 2 429 Client Error: Too Many Requests for url: https://api.mymemory.translated.net/get?q=I+want+it+tomorrow+itself&langpair=en%7Cks
MyMemory error: 'I want it tomorrow itself' attempt 3 429 Client Error: Too Many Requests for url: https://api.mymemory.translated.net/get?q=I+want+it+tomorrow+itself&langpair=en%7Cks
MyMemory error: 'I want it tomorrow itself' attempt 4 429 Client Error: Too Many Requests for url: https://api.mymemory.translated.net/get?q=I+want+it+tomorrow+itself&langpair=en%7Cks
MyMemory error: 'I want it tomorrow itself' attempt 5 429 Client Error: Too Many Requests for url: https://api.mymemory.translated.net/get?q=I+want+it+tomorrow+itself&langpair=en%7Cks
MyMemory error: 'I want it tomorrow itself' attempt 6 429 Client Error: Too Many Requests for url: https://api.mymemory.translated.net/get?q=I+want+it+tomorrow+itself&langpair=en%7Cks
give up: 'I want it tomorrow itself' 429 Client Error: Too Many Requests for url: https://api.mymemory.translated.net/get?q=I+want+it+tomorrow+itself&langpair=en%7Cks
MyMemory error: 'I am bored' attempt 1 429 Client Error: Too Many Requests for url: https://api.mymemory.translated.net/get?q=I+am+bored&langpair=en%7Cks
MyMemory error: 'I am bored' attempt 2 429 Client Error: Too Many Requests for url: https://api.mymemory.translated.net/get?q=I+am+bored&langpair=en%7Cks
MyMemory error: 'I am bored' attempt 3 429 Client Error: Too Many Requests for url: https://api.mymemory.translated.net/get?q=I+am+bored&langpair=en%7Cks
MyMemory error: 'I am bored' attempt 4 429 Client Error: Too Many Requests for url: https://api.mymemory.translated.net/get?q=I+am+bored&langpair=en%7Cks
MyMemory error: 'I am bored' attempt 5 429 Client Error: Too Many Requests for url: https://api.mymemory.translated.net/get?q=I+am+bored&langpair=en%7Cks
MyMemory error: 'I am bored' attempt 6 429 Client Error: Too Many Requests for url: https://api.mymemory.translated.net/get?q=I+am+bored&langpair=en%7Cks
give up: 'I am bored' 429 Client Error: Too Many Requests for url: https://api.mymemory.translated.net/get?q=I+am+bored&langpair=en%7Cks
MyMemory error: 'He was bored' attempt 1 429 Client Error: Too Many Requests for url: https://api.mymemory.translated.net/get?q=He+was+bored&langpair=en%7Cks
MyMemory error: 'He was bored' attempt 2 429 Client Error: Too Many Requests for url: https://api.mymemory.translated.net/get?q=He+was+bored&langpair=en%7Cks
MyMemory error: 'He was bored' attempt 3 429 Client Error: Too Many Requests for url: https://api.mymemory.translated.net/get?q=He+was+bored&langpair=en%7Cks
MyMemory error: 'He was bored' attempt 4 429 Client Error: Too Many Requests for url: https://api.mymemory.translated.net/get?q=He+was+bored&langpair=en%7Cks
MyMemory error: 'He was bored' attempt 5 429 Client Error: Too Many Requests for url: https://api.mymemory.translated.net/get?q=He+was+bored&langpair=en%7Cks
MyMemory error: 'He was bored' attempt 6 429 Client Error: Too Many Requests for url: https://api.mymemory.translated.net/get?q=He+was+bored&langpair=en%7Cks
give up: 'He was bored' 429 Client Error: Too Many Requests for url: https://api.mymemory.translated.net/get?q=He+was+bored&langpair=en%7Cks
MyMemory error: 'Relative / Relatives' attempt 1 429 Client Error: Too Many Requests for url: https://api.mymemory.translated.net/get?q=Relative+%2F+Relatives&langpair=en%7Cks
MyMemory error: 'Relative / Relatives' attempt 2 429 Client Error: Too Many Requests for url: https://api.mymemory.translated.net/get?q=Relative+%2F+Relatives&langpair=en%7Cks
MyMemory error: 'Relative / Relatives' attempt 3 429 Client Error: Too Many Requests for url: https://api.mymemory.translated.net/get?q=Relative+%2F+Relatives&langpair=en%7Cks
MyMemory error: 'Relative / Relatives' attempt 4 429 Client Error: Too Many Requests for url: https://api.mymemory.translated.net/get?q=Relative+%2F+Relatives&langpair=en%7Cks
MyMemory error: 'Relative / Relatives' attempt 5 429 Client Error: Too Many Requests for url: https://api.mymemory.translated.net/get?q=Relative+%2F+Relatives&langpair=en%7Cks
MyMemory error: 'Relative / Relatives' attempt 6 429 Client Error: Too Many Requests for url: https://api.mymemory.translated.net/get?q=Relative+%2F+Relatives&langpair=en%7Cks
give up: 'Relative / Relatives' 429 Client Error: Too Many Requests for url: https://api.mymemory.translated.net/get?q=Relative+%2F+Relatives&langpair=en%7Cks
MyMemory error: "Father's brother's wife" attempt 1 429 Client Error: Too Many Requests for url: https://api.mymemory.translated.net/get?q=Father%27s+brother%27s+wife&langpair=en%7Cks
MyMemory error: "Father's brother's wife" attempt 2 429 Client Error: Too Many Requests for url: https://api.mymemory.translated.net/get?q=Father%27s+brother%27s+wife&langpair=en%7Cks
MyMemory error: "Father's brother's wife" attempt 3 429 Client Error: Too Many Requests for url: https://api.mymemory.translated.net/get?q=Father%27s+brother%27s+wife&langpair=en%7Cks
MyMemory error: "Father's brother's wife" attempt 4 429 Client Error: Too Many Requests for url: https://api.mymemory.translated.net/get?q=Father%27s+brother%27s+wife&langpair=en%7Cks
MyMemory error: "Father's brother's wife" attempt 5 429 Client Error: Too Many Requests for url: https://api.mymemory.translated.net/get?q=Father%27s+brother%27s+wife&langpair=en%7Cks
MyMemory error: "Father's brother's wife" attempt 6 429 Client Error: Too Many Requests for url: https://api.mymemory.translated.net/get?q=Father%27s+brother%27s+wife&langpair=en%7Cks
give up: "Father's brother's wife" 429 Client Error: Too Many Requests for url: https://api.mymemory.translated.net/get?q=Father%27s+brother%27s+wife&langpair=en%7Cks
MyMemory error: "Father's brother's son" attempt 1 429 Client Error: Too Many Requests for url: https://api.mymemory.translated.net/get?q=Father%27s+brother%27s+son&langpair=en%7Cks
MyMemory error: "Father's brother's son" attempt 2 429 Client Error: Too Many Requests for url: https://api.mymemory.translated.net/get?q=Father%27s+brother%27s+son&langpair=en%7Cks
MyMemory error: "Father's brother's son" attempt 3 429 Client Error: Too Many Requests for url: https://api.mymemory.translated.net/get?q=Father%27s+brother%27s+son&langpair=en%7Cks
MyMemory error: "Father's brother's son" attempt 4 429 Client Error: Too Many Requests for url: https://api.mymemory.translated.net/get?q=Father%27s+brother%27s+son&langpair=en%7Cks
MyMemory error: "Father's brother's son" attempt 5 429 Client Error: Too Many Requests for url: https://api.mymemory.translated.net/get?q=Father%27s+brother%27s+son&langpair=en%7Cks
MyMemory error: "Father's brother's son" attempt 6 429 Client Error: Too Many Requests for url: https://api.mymemory.translated.net/get?q=Father%27s+brother%27s+son&langpair=en%7Cks
give up: "Father's brother's son" 429 Client Error: Too Many Requests for url: https://api.mymemory.translated.net/get?q=Father%27s+brother%27s+son&langpair=en%7Cks
MyMemory error: "Father's brother's daughter" attempt 1 429 Client Error: Too Many Requests for url: https://api.mymemory.translated.net/get?q=Father%27s+brother%27s+daughter&langpair=en%7Cks
MyMemory error: "Father's brother's daughter" attempt 2 429 Client Error: Too Many Requests for url: https://api.mymemory.translated.net/get?q=Father%27s+brother%27s+daughter&langpair=en%7Cks
MyMemory error: "Father's brother's daughter" attempt 3 429 Client Error: Too Many Requests for url: https://api.mymemory.translated.net/get?q=Father%27s+brother%27s+daughter&langpair=en%7Cks
MyMemory error: "Father's brother's daughter" attempt 4 429 Client Error: Too Many Requests for url: https://api.mymemory.translated.net/get?q=Father%27s+brother%27s+daughter&langpair=en%7Cks
MyMemory error: "Father's brother's daughter" attempt 5 429 Client Error: Too Many Requests for url: https://api.mymemory.translated.net/get?q=Father%27s+brother%27s+daughter&langpair=en%7Cks
MyMemory error: "Father's brother's daughter" attempt 6 429 Client Error: Too Many Requests for url: https://api.mymemory.translated.net/get?q=Father%27s+brother%27s+daughter&langpair=en%7Cks
give up: "Father's brother's daughter" 429 Client Error: Too Many Requests for url: https://api.mymemory.translated.net/get?q=Father%27s+brother%27s+daughter&langpair=en%7Cks
MyMemory error: "Mother's brother's wife" attempt 1 429 Client Error: Too Many Requests for url: https://api.mymemory.translated.net/get?q=Mother%27s+brother%27s+wife&langpair=en%7Cks
MyMemory error: "Mother's brother's wife" attempt 2 429 Client Error: Too Many Requests for url: https://api.mymemory.translated.net/get?q=Mother%27s+brother%27s+wife&langpair=en%7Cks
MyMemory error: "Mother's brother's wife" attempt 3 429 Client Error: Too Many Requests for url: https://api.mymemory.translated.net/get?q=Mother%27s+brother%27s+wife&langpair=en%7Cks
MyMemory error: "Mother's brother's wife" attempt 4 429 Client Error: Too Many Requests for url: https://api.mymemory.translated.net/get?q=Mother%27s+brother%27s+wife&langpair=en%7Cks
MyMemory error: "Mother's brother's wife" attempt 5 429 Client Error: Too Many Requests for url: https://api.mymemory.translated.net/get?q=Mother%27s+brother%27s+wife&langpair=en%7Cks
MyMemory error: "Mother's brother's wife" attempt 6 429 Client Error: Too Many Requests for url: https://api.mymemory.translated.net/get?q=Mother%27s+brother%27s+wife&langpair=en%7Cks
give up: "Mother's brother's wife" 429 Client Error: Too Many Requests for url: https://api.mymemory.translated.net/get?q=Mother%27s+brother%27s+wife&langpair=en%7Cks
MyMemory error: "Mother's brother's son" attempt 1 429 Client Error: Too Many Requests for url: https://api.mymemory.translated.net/get?q=Mother%27s+brother%27s+son&langpair=en%7Cks
MyMemory error: "Mother's brother's son" attempt 2 429 Client Error: Too Many Requests for url: https://api.mymemory.translated.net/get?q=Mother%27s+brother%27s+son&langpair=en%7Cks
MyMemory error: "Mother's brother's son" attempt 3 429 Client Error: Too Many Requests for url: https://api.mymemory.translated.net/get?q=Mother%27s+brother%27s+son&langpair=en%7Cks
MyMemory error: "Mother's brother's son" attempt 4 429 Client Error: Too Many Requests for url: https://api.mymemory.translated.net/get?q=Mother%27s+brother%27s+son&langpair=en%7Cks
MyMemory error: "Mother's brother's son" attempt 5 429 Client Error: Too Many Requests for url: https://api.mymemory.translated.net/get?q=Mother%27s+brother%27s+son&langpair=en%7Cks
MyMemory error: "Mother's brother's son" attempt 6 429 Client Error: Too Many Requests for url: https://api.mymemory.translated.net/get?q=Mother%27s+brother%27s+son&langpair=en%7Cks
give up: "Mother's brother's son" 429 Client Error: Too Many Requests for url: https://api.mymemory.translated.net/get?q=Mother%27s+brother%27s+son&langpair=en%7Cks
MyMemory error: "Mother's brother's daughter" attempt 1 429 Client Error: Too Many Requests for url: https://api.mymemory.translated.net/get?q=Mother%27s+brother%27s+daughter&langpair=en%7Cks
MyMemory error: "Mother's brother's daughter" attempt 2 429 Client Error: Too Many Requests for url: https://api.mymemory.translated.net/get?q=Mother%27s+brother%27s+daughter&langpair=en%7Cks
MyMemory error: "Mother's brother's daughter" attempt 3 429 Client Error: Too Many Requests for url: https://api.mymemory.translated.net/get?q=Mother%27s+brother%27s+daughter&langpair=en%7Cks
MyMemory error: "Mother's brother's daughter" attempt 4 429 Client Error: Too Many Requests for url: https://api.mymemory.translated.net/get?q=Mother%27s+brother%27s+daughter&langpair=en%7Cks
MyMemory error: "Mother's brother's daughter" attempt 5 429 Client Error: Too Many Requests for url: https://api.mymemory.translated.net/get?q=Mother%27s+brother%27s+daughter&langpair=en%7Cks
MyMemory error: "Mother's brother's daughter" attempt 6 429 Client Error: Too Many Requests for url: https://api.mymemory.translated.net/get?q=Mother%27s+brother%27s+daughter&langpair=en%7Cks
give up: "Mother's brother's daughter" 429 Client Error: Too Many Requests for url: https://api.mymemory.translated.net/get?q=Mother%27s+brother%27s+daughter&langpair=en%7Cks
MyMemory error: "Father's sister's son" attempt 1 429 Client Error: Too Many Requests for url: https://api.mymemory.translated.net/get?q=Father%27s+sister%27s+son&langpair=en%7Cks
MyMemory error: "Father's sister's son" attempt 2 429 Client Error: Too Many Requests for url: https://api.mymemory.translated.net/get?q=Father%27s+sister%27s+son&langpair=en%7Cks
MyMemory error: "Father's sister's son" attempt 3 429 Client Error: Too Many Requests for url: https://api.mymemory.translated.net/get?q=Father%27s+sister%27s+son&langpair=en%7Cks
MyMemory error: "Father's sister's son" attempt 4 429 Client Error: Too Many Requests for url: https://api.mymemory.translated.net/get?q=Father%27s+sister%27s+son&langpair=en%7Cks
MyMemory error: "Father's sister's son" attempt 5 429 Client Error: Too Many Requests for url: https://api.mymemory.translated.net/get?q=Father%27s+sister%27s+son&langpair=en%7Cks
MyMemory error: "Father's sister's son" attempt 6 429 Client Error: Too Many Requests for url: https://api.mymemory.translated.net/get?q=Father%27s+sister%27s+son&langpair=en%7Cks
give up: "Father's sister's son" 429 Client Error: Too Many Requests for url: https://api.mymemory.translated.net/get?q=Father%27s+sister%27s+son&langpair=en%7Cks
MyMemory error: "Father's sister's daughter" attempt 1 429 Client Error: Too Many Requests for url: https://api.mymemory.translated.net/get?q=Father%27s+sister%27s+daughter&langpair=en%7Cks
MyMemory error: "Father's sister's daughter" attempt 2 429 Client Error: Too Many Requests for url: https://api.mymemory.translated.net/get?q=Father%27s+sister%27s+daughter&langpair=en%7Cks
MyMemory error: "Father's sister's daughter" attempt 3 429 Client Error: Too Many Requests for url: https://api.mymemory.translated.net/get?q=Father%27s+sister%27s+daughter&langpair=en%7Cks
MyMemory error: "Father's sister's daughter" attempt 4 429 Client Error: Too Many Requests for url: https://api.mymemory.translated.net/get?q=Father%27s+sister%27s+daughter&langpair=en%7Cks
MyMemory error: "Father's sister's daughter" attempt 5 429 Client Error: Too Many Requests for url: https://api.mymemory.translated.net/get?q=Father%27s+sister%27s+daughter&langpair=en%7Cks
MyMemory error: "Father's sister's daughter" attempt 6 429 Client Error: Too Many Requests for url: https://api.mymemory.translated.net/get?q=Father%27s+sister%27s+daughter&langpair=en%7Cks
give up: "Father's sister's daughter" 429 Client Error: Too Many Requests for url: https://api.mymemory.translated.net/get?q=Father%27s+sister%27s+daughter&langpair=en%7Cks
MyMemory error: "Father's sister's husband" attempt 1 429 Client Error: Too Many Requests for url: https://api.mymemory.translated.net/get?q=Father%27s+sister%27s+husband&langpair=en%7Cks
MyMemory error: "Father's sister's husband" attempt 2 429 Client Error: Too Many Requests for url: https://api.mymemory.translated.net/get?q=Father%27s+sister%27s+husband&langpair=en%7Cks
MyMemory error: "Father's sister's husband" attempt 3 429 Client Error: Too Many Requests for url: https://api.mymemory.translated.net/get?q=Father%27s+sister%27s+husband&langpair=en%7Cks
MyMemory error: "Father's sister's husband" attempt 4 429 Client Error: Too Many Requests for url: https://api.mymemory.translated.net/get?q=Father%27s+sister%27s+husband&langpair=en%7Cks
MyMemory error: "Father's sister's husband" attempt 5 429 Client Error: Too Many Requests for url: https://api.mymemory.translated.net/get?q=Father%27s+sister%27s+husband&langpair=en%7Cks
MyMemory error: "Father's sister's husband" attempt 6 429 Client Error: Too Many Requests for url: https://api.mymemory.translated.net/get?q=Father%27s+sister%27s+husband&langpair=en%7Cks
give up: "Father's sister's husband" 429 Client Error: Too Many Requests for url: https://api.mymemory.translated.net/get?q=Father%27s+sister%27s+husband&langpair=en%7Cks
MyMemory error: "Mother's sister's son" attempt 1 429 Client Error: Too Many Requests for url: https://api.mymemory.translated.net/get?q=Mother%27s+sister%27s+son&langpair=en%7Cks
MyMemory error: "Mother's sister's son" attempt 2 429 Client Error: Too Many Requests for url: https://api.mymemory.translated.net/get?q=Mother%27s+sister%27s+son&langpair=en%7Cks
MyMemory error: "Mother's sister's son" attempt 3 429 Client Error: Too Many Requests for url: https://api.mymemory.translated.net/get?q=Mother%27s+sister%27s+son&langpair=en%7Cks
MyMemory error: "Mother's sister's son" attempt 4 429 Client Error: Too Many Requests for url: https://api.mymemory.translated.net/get?q=Mother%27s+sister%27s+son&langpair=en%7Cks
MyMemory error: "Mother's sister's son" attempt 5 429 Client Error: Too Many Requests for url: https://api.mymemory.translated.net/get?q=Mother%27s+sister%27s+son&langpair=en%7Cks
MyMemory error: "Mother's sister's son" attempt 6 429 Client Error: Too Many Requests for url: https://api.mymemory.translated.net/get?q=Mother%27s+sister%27s+son&langpair=en%7Cks
give up: "Mother's sister's son" 429 Client Error: Too Many Requests for url: https://api.mymemory.translated.net/get?q=Mother%27s+sister%27s+son&langpair=en%7Cks
MyMemory error: "Mother's sister's daughter" attempt 1 429 Client Error: Too Many Requests for url: https://api.mymemory.translated.net/get?q=Mother%27s+sister%27s+daughter&langpair=en%7Cks
MyMemory error: "Mother's sister's daughter" attempt 2 429 Client Error: Too Many Requests for url: https://api.mymemory.translated.net/get?q=Mother%27s+sister%27s+daughter&langpair=en%7Cks
MyMemory error: "Mother's sister's daughter" attempt 3 429 Client Error: Too Many Requests for url: https://api.mymemory.translated.net/get?q=Mother%27s+sister%27s+daughter&langpair=en%7Cks
MyMemory error: "Mother's sister's daughter" attempt 4 429 Client Error: Too Many Requests for url: https://api.mymemory.translated.net/get?q=Mother%27s+sister%27s+daughter&langpair=en%7Cks
MyMemory error: "Mother's sister's daughter" attempt 5 429 Client Error: Too Many Requests for url: https://api.mymemory.translated.net/get?q=Mother%27s+sister%27s+daughter&langpair=en%7Cks
MyMemory error: "Mother's sister's daughter" attempt 6 429 Client Error: Too Many Requests for url: https://api.mymemory.translated.net/get?q=Mother%27s+sister%27s+daughter&langpair=en%7Cks
give up: "Mother's sister's daughter" 429 Client Error: Too Many Requests for url: https://api.mymemory.translated.net/get?q=Mother%27s+sister%27s+daughter&langpair=en%7Cks
MyMemory error: "Mother's sister's husband" attempt 1 429 Client Error: Too Many Requests for url: https://api.mymemory.translated.net/get?q=Mother%27s+sister%27s+husband&langpair=en%7Cks
MyMemory error: "Mother's sister's husband" attempt 2 429 Client Error: Too Many Requests for url: https://api.mymemory.translated.net/get?q=Mother%27s+sister%27s+husband&langpair=en%7Cks
MyMemory error: "Mother's sister's husband" attempt 3 429 Client Error: Too Many Requests for url: https://api.mymemory.translated.net/get?q=Mother%27s+sister%27s+husband&langpair=en%7Cks
MyMemory error: "Mother's sister's husband" attempt 4 429 Client Error: Too Many Requests for url: https://api.mymemory.translated.net/get?q=Mother%27s+sister%27s+husband&langpair=en%7Cks
MyMemory error: "Mother's sister's husband" attempt 5 429 Client Error: Too Many Requests for url: https://api.mymemory.translated.net/get?q=Mother%27s+sister%27s+husband&langpair=en%7Cks
MyMemory error: "Mother's sister's husband" attempt 6 429 Client Error: Too Many Requests for url: https://api.mymemory.translated.net/get?q=Mother%27s+sister%27s+husband&langpair=en%7Cks
give up: "Mother's sister's husband" 429 Client Error: Too Many Requests for url: https://api.mymemory.translated.net/get?q=Mother%27s+sister%27s+husband&langpair=en%7Cks
MyMemory error: 'Great grand father' attempt 1 429 Client Error: Too Many Requests for url: https://api.mymemory.translated.net/get?q=Great+grand+father&langpair=en%7Cks
MyMemory error: 'Great grand father' attempt 2 429 Client Error: Too Many Requests for url: https://api.mymemory.translated.net/get?q=Great+grand+father&langpair=en%7Cks
MyMemory error: 'Great grand father' attempt 3 429 Client Error: Too Many Requests for url: https://api.mymemory.translated.net/get?q=Great+grand+father&langpair=en%7Cks
MyMemory error: 'Great grand father' attempt 4 429 Client Error: Too Many Requests for url: https://api.mymemory.translated.net/get?q=Great+grand+father&langpair=en%7Cks
MyMemory error: 'Great grand father' attempt 5 429 Client Error: Too Many Requests for url: https://api.mymemory.translated.net/get?q=Great+grand+father&langpair=en%7Cks
MyMemory error: 'Great grand father' attempt 6 429 Client Error: Too Many Requests for url: https://api.mymemory.translated.net/get?q=Great+grand+father&langpair=en%7Cks
give up: 'Great grand father' 429 Client Error: Too Many Requests for url: https://api.mymemory.translated.net/get?q=Great+grand+father&langpair=en%7Cks
MyMemory error: 'Great grand mother' attempt 1 429 Client Error: Too Many Requests for url: https://api.mymemory.translated.net/get?q=Great+grand+mother&langpair=en%7Cks
MyMemory error: 'Great grand mother' attempt 2 429 Client Error: Too Many Requests for url: https://api.mymemory.translated.net/get?q=Great+grand+mother&langpair=en%7Cks
MyMemory error: 'Great grand mother' attempt 3 429 Client Error: Too Many Requests for url: https://api.mymemory.translated.net/get?q=Great+grand+mother&langpair=en%7Cks
MyMemory error: 'Great grand mother' attempt 4 429 Client Error: Too Many Requests for url: https://api.mymemory.translated.net/get?q=Great+grand+mother&langpair=en%7Cks
MyMemory error: 'Great grand mother' attempt 5 429 Client Error: Too Many Requests for url: https://api.mymemory.translated.net/get?q=Great+grand+mother&langpair=en%7Cks
MyMemory error: 'Great grand mother' attempt 6 429 Client Error: Too Many Requests for url: https://api.mymemory.translated.net/get?q=Great+grand+mother&langpair=en%7Cks
give up: 'Great grand mother' 429 Client Error: Too Many Requests for url: https://api.mymemory.translated.net/get?q=Great+grand+mother&langpair=en%7Cks
MyMemory error: "Son's wife / Daughter in law" attempt 1 429 Client Error: Too Many Requests for url: https://api.mymemory.translated.net/get?q=Son%27s+wife+%2F+Daughter+in+law&langpair=en%7Cks
MyMemory error: "Son's wife / Daughter in law" attempt 2 429 Client Error: Too Many Requests for url: https://api.mymemory.translated.net/get?q=Son%27s+wife+%2F+Daughter+in+law&langpair=en%7Cks
MyMemory error: "Son's wife / Daughter in law" attempt 3 429 Client Error: Too Many Requests for url: https://api.mymemory.translated.net/get?q=Son%27s+wife+%2F+Daughter+in+law&langpair=en%7Cks
MyMemory error: "Son's wife / Daughter in law" attempt 4 429 Client Error: Too Many Requests for url: https://api.mymemory.translated.net/get?q=Son%27s+wife+%2F+Daughter+in+law&langpair=en%7Cks
MyMemory error: "Son's wife / Daughter in law" attempt 5 429 Client Error: Too Many Requests for url: https://api.mymemory.translated.net/get?q=Son%27s+wife+%2F+Daughter+in+law&langpair=en%7Cks
MyMemory error: "Son's wife / Daughter in law" attempt 6 429 Client Error: Too Many Requests for url: https://api.mymemory.translated.net/get?q=Son%27s+wife+%2F+Daughter+in+law&langpair=en%7Cks
give up: "Son's wife / Daughter in law" 429 Client Error: Too Many Requests for url: https://api.mymemory.translated.net/get?q=Son%27s+wife+%2F+Daughter+in+law&langpair=en%7Cks
…cached 2100 strings
MyMemory error: "Daughter's husband / Son in law" attempt 1 429 Client Error: Too Many Requests for url: https://api.mymemory.translated.net/get?q=Daughter%27s+husband+%2F+Son+in+law&langpair=en%7Cks
MyMemory error: "Daughter's husband / Son in law" attempt 2 429 Client Error: Too Many Requests for url: https://api.mymemory.translated.net/get?q=Daughter%27s+husband+%2F+Son+in+law&langpair=en%7Cks
MyMemory error: "Daughter's husband / Son in law" attempt 3 429 Client Error: Too Many Requests for url: https://api.mymemory.translated.net/get?q=Daughter%27s+husband+%2F+Son+in+law&langpair=en%7Cks
MyMemory error: "Daughter's husband / Son in law" attempt 4 429 Client Error: Too Many Requests for url: https://api.mymemory.translated.net/get?q=Daughter%27s+husband+%2F+Son+in+law&langpair=en%7Cks
MyMemory error: "Daughter's husband / Son in law" attempt 5 429 Client Error: Too Many Requests for url: https://api.mymemory.translated.net/get?q=Daughter%27s+husband+%2F+Son+in+law&langpair=en%7Cks
MyMemory error: "Daughter's husband / Son in law" attempt 6 429 Client Error: Too Many Requests for url: https://api.mymemory.translated.net/get?q=Daughter%27s+husband+%2F+Son+in+law&langpair=en%7Cks
give up: "Daughter's husband / Son in law" 429 Client Error: Too Many Requests for url: https://api.mymemory.translated.net/get?q=Daughter%27s+husband+%2F+Son+in+law&langpair=en%7Cks
MyMemory error: 'Father in law' attempt 1 429 Client Error: Too Many Requests for url: https://api.mymemory.translated.net/get?q=Father+in+law&langpair=en%7Cks
MyMemory error: 'Father in law' attempt 2 429 Client Error: Too Many Requests for url: https://api.mymemory.translated.net/get?q=Father+in+law&langpair=en%7Cks
MyMemory error: 'Father in law' attempt 3 429 Client Error: Too Many Requests for url: https://api.mymemory.translated.net/get?q=Father+in+law&langpair=en%7Cks
MyMemory error: 'Father in law' attempt 4 429 Client Error: Too Many Requests for url: https://api.mymemory.translated.net/get?q=Father+in+law&langpair=en%7Cks
MyMemory error: 'Father in law' attempt 5 429 Client Error: Too Many Requests for url: https://api.mymemory.translated.net/get?q=Father+in+law&langpair=en%7Cks
MyMemory error: 'Father in law' attempt 6 429 Client Error: Too Many Requests for url: https://api.mymemory.translated.net/get?q=Father+in+law&langpair=en%7Cks
give up: 'Father in law' 429 Client Error: Too Many Requests for url: https://api.mymemory.translated.net/get?q=Father+in+law&langpair=en%7Cks
MyMemory error: 'Mother in law' attempt 1 429 Client Error: Too Many Requests for url: https://api.mymemory.translated.net/get?q=Mother+in+law&langpair=en%7Cks
MyMemory error: 'Mother in law' attempt 2 429 Client Error: Too Many Requests for url: https://api.mymemory.translated.net/get?q=Mother+in+law&langpair=en%7Cks
MyMemory error: 'Mother in law' attempt 3 429 Client Error: Too Many Requests for url: https://api.mymemory.translated.net/get?q=Mother+in+law&langpair=en%7Cks
MyMemory error: 'Mother in law' attempt 4 429 Client Error: Too Many Requests for url: https://api.mymemory.translated.net/get?q=Mother+in+law&langpair=en%7Cks
MyMemory error: 'Mother in law' attempt 5 429 Client Error: Too Many Requests for url: https://api.mymemory.translated.net/get?q=Mother+in+law&langpair=en%7Cks
MyMemory error: 'Mother in law' attempt 6 429 Client Error: Too Many Requests for url: https://api.mymemory.translated.net/get?q=Mother+in+law&langpair=en%7Cks
give up: 'Mother in law' 429 Client Error: Too Many Requests for url: https://api.mymemory.translated.net/get?q=Mother+in+law&langpair=en%7Cks
MyMemory error: "Father in law's father" attempt 1 429 Client Error: Too Many Requests for url: https://api.mymemory.translated.net/get?q=Father+in+law%27s+father&langpair=en%7Cks
MyMemory error: "Father in law's father" attempt 2 429 Client Error: Too Many Requests for url: https://api.mymemory.translated.net/get?q=Father+in+law%27s+father&langpair=en%7Cks
MyMemory error: "Father in law's father" attempt 3 429 Client Error: Too Many Requests for url: https://api.mymemory.translated.net/get?q=Father+in+law%27s+father&langpair=en%7Cks
MyMemory error: "Father in law's father" attempt 4 429 Client Error: Too Many Requests for url: https://api.mymemory.translated.net/get?q=Father+in+law%27s+father&langpair=en%7Cks
MyMemory error: "Father in law's father" attempt 5 429 Client Error: Too Many Requests for url: https://api.mymemory.translated.net/get?q=Father+in+law%27s+father&langpair=en%7Cks
MyMemory error: "Father in law's father" attempt 6 429 Client Error: Too Many Requests for url: https://api.mymemory.translated.net/get?q=Father+in+law%27s+father&langpair=en%7Cks
give up: "Father in law's father" 429 Client Error: Too Many Requests for url: https://api.mymemory.translated.net/get?q=Father+in+law%27s+father&langpair=en%7Cks
MyMemory error: 'We' attempt 1 429 Client Error: Too Many Requests for url: https://api.mymemory.translated.net/get?q=We&langpair=en%7Cks
MyMemory error: 'We' attempt 2 429 Client Error: Too Many Requests for url: https://api.mymemory.translated.net/get?q=We&langpair=en%7Cks
MyMemory error: 'We' attempt 3 429 Client Error: Too Many Requests for url: https://api.mymemory.translated.net/get?q=We&langpair=en%7Cks
MyMemory error: 'We' attempt 4 429 Client Error: Too Many Requests for url: https://api.mymemory.translated.net/get?q=We&langpair=en%7Cks
MyMemory error: 'We' attempt 5 429 Client Error: Too Many Requests for url: https://api.mymemory.translated.net/get?q=We&langpair=en%7Cks
MyMemory error: 'We' attempt 6 429 Client Error: Too Many Requests for url: https://api.mymemory.translated.net/get?q=We&langpair=en%7Cks
give up: 'We' 429 Client Error: Too Many Requests for url: https://api.mymemory.translated.net/get?q=We&langpair=en%7Cks
MyMemory error: 'You (singular)' attempt 1 429 Client Error: Too Many Requests for url: https://api.mymemory.translated.net/get?q=You+%28singular%29&langpair=en%7Cks
MyMemory error: 'You (singular)' attempt 2 429 Client Error: Too Many Requests for url: https://api.mymemory.translated.net/get?q=You+%28singular%29&langpair=en%7Cks
MyMemory error: 'You (singular)' attempt 3 429 Client Error: Too Many Requests for url: https://api.mymemory.translated.net/get?q=You+%28singular%29&langpair=en%7Cks
MyMemory error: 'You (singular)' attempt 4 429 Client Error: Too Many Requests for url: https://api.mymemory.translated.net/get?q=You+%28singular%29&langpair=en%7Cks
MyMemory error: 'You (singular)' attempt 5 429 Client Error: Too Many Requests for url: https://api.mymemory.translated.net/get?q=You+%28singular%29&langpair=en%7Cks
MyMemory error: 'You (singular)' attempt 6 429 Client Error: Too Many Requests for url: https://api.mymemory.translated.net/get?q=You+%28singular%29&langpair=en%7Cks
give up: 'You (singular)' 429 Client Error: Too Many Requests for url: https://api.mymemory.translated.net/get?q=You+%28singular%29&langpair=en%7Cks
MyMemory error: 'You (plural)' attempt 1 429 Client Error: Too Many Requests for url: https://api.mymemory.translated.net/get?q=You+%28plural%29&langpair=en%7Cks
MyMemory error: 'You (plural)' attempt 2 429 Client Error: Too Many Requests for url: https://api.mymemory.translated.net/get?q=You+%28plural%29&langpair=en%7Cks
MyMemory error: 'You (plural)' attempt 3 429 Client Error: Too Many Requests for url: https://api.mymemory.translated.net/get?q=You+%28plural%29&langpair=en%7Cks
MyMemory error: 'You (plural)' attempt 4 429 Client Error: Too Many Requests for url: https://api.mymemory.translated.net/get?q=You+%28plural%29&langpair=en%7Cks
MyMemory error: 'You (plural)' attempt 5 429 Client Error: Too Many Requests for url: https://api.mymemory.translated.net/get?q=You+%28plural%29&langpair=en%7Cks
MyMemory error: 'You (plural)' attempt 6 429 Client Error: Too Many Requests for url: https://api.mymemory.translated.net/get?q=You+%28plural%29&langpair=en%7Cks
give up: 'You (plural)' 429 Client Error: Too Many Requests for url: https://api.mymemory.translated.net/get?q=You+%28plural%29&langpair=en%7Cks
MyMemory error: 'This (m.)' attempt 1 429 Client Error: Too Many Requests for url: https://api.mymemory.translated.net/get?q=This+%28m.%29&langpair=en%7Cks
MyMemory error: 'This (m.)' attempt 2 429 Client Error: Too Many Requests for url: https://api.mymemory.translated.net/get?q=This+%28m.%29&langpair=en%7Cks
MyMemory error: 'This (m.)' attempt 3 429 Client Error: Too Many Requests for url: https://api.mymemory.translated.net/get?q=This+%28m.%29&langpair=en%7Cks
MyMemory error: 'This (m.)' attempt 4 429 Client Error: Too Many Requests for url: https://api.mymemory.translated.net/get?q=This+%28m.%29&langpair=en%7Cks
MyMemory error: 'This (m.)' attempt 5 429 Client Error: Too Many Requests for url: https://api.mymemory.translated.net/get?q=This+%28m.%29&langpair=en%7Cks
MyMemory error: 'This (m.)' attempt 6 429 Client Error: Too Many Requests for url: https://api.mymemory.translated.net/get?q=This+%28m.%29&langpair=en%7Cks
give up: 'This (m.)' 429 Client Error: Too Many Requests for url: https://api.mymemory.translated.net/get?q=This+%28m.%29&langpair=en%7Cks
MyMemory error: 'This (f.)' attempt 1 429 Client Error: Too Many Requests for url: https://api.mymemory.translated.net/get?q=This+%28f.%29&langpair=en%7Cks
MyMemory error: 'This (f.)' attempt 2 429 Client Error: Too Many Requests for url: https://api.mymemory.translated.net/get?q=This+%28f.%29&langpair=en%7Cks
MyMemory error: 'This (f.)' attempt 3 429 Client Error: Too Many Requests for url: https://api.mymemory.translated.net/get?q=This+%28f.%29&langpair=en%7Cks
MyMemory error: 'This (f.)' attempt 4 429 Client Error: Too Many Requests for url: https://api.mymemory.translated.net/get?q=This+%28f.%29&langpair=en%7Cks
MyMemory error: 'This (f.)' attempt 5 429 Client Error: Too Many Requests for url: https://api.mymemory.translated.net/get?q=This+%28f.%29&langpair=en%7Cks
MyMemory error: 'This (f.)' attempt 6 429 Client Error: Too Many Requests for url: https://api.mymemory.translated.net/get?q=This+%28f.%29&langpair=en%7Cks
give up: 'This (f.)' 429 Client Error: Too Many Requests for url: https://api.mymemory.translated.net/get?q=This+%28f.%29&langpair=en%7Cks
MyMemory error: 'This (n.)' attempt 1 429 Client Error: Too Many Requests for url: https://api.mymemory.translated.net/get?q=This+%28n.%29&langpair=en%7Cks
MyMemory error: 'This (n.)' attempt 2 429 Client Error: Too Many Requests for url: https://api.mymemory.translated.net/get?q=This+%28n.%29&langpair=en%7Cks
MyMemory error: 'This (n.)' attempt 3 429 Client Error: Too Many Requests for url: https://api.mymemory.translated.net/get?q=This+%28n.%29&langpair=en%7Cks
MyMemory error: 'This (n.)' attempt 4 429 Client Error: Too Many Requests for url: https://api.mymemory.translated.net/get?q=This+%28n.%29&langpair=en%7Cks
MyMemory error: 'This (n.)' attempt 5 429 Client Error: Too Many Requests for url: https://api.mymemory.translated.net/get?q=This+%28n.%29&langpair=en%7Cks
MyMemory error: 'This (n.)' attempt 6 429 Client Error: Too Many Requests for url: https://api.mymemory.translated.net/get?q=This+%28n.%29&langpair=en%7Cks
give up: 'This (n.)' 429 Client Error: Too Many Requests for url: https://api.mymemory.translated.net/get?q=This+%28n.%29&langpair=en%7Cks
MyMemory error: 'These (m.)' attempt 1 429 Client Error: Too Many Requests for url: https://api.mymemory.translated.net/get?q=These+%28m.%29&langpair=en%7Cks
MyMemory error: 'These (m.)' attempt 2 429 Client Error: Too Many Requests for url: https://api.mymemory.translated.net/get?q=These+%28m.%29&langpair=en%7Cks
MyMemory error: 'These (m.)' attempt 3 429 Client Error: Too Many Requests for url: https://api.mymemory.translated.net/get?q=These+%28m.%29&langpair=en%7Cks
MyMemory error: 'These (m.)' attempt 4 429 Client Error: Too Many Requests for url: https://api.mymemory.translated.net/get?q=These+%28m.%29&langpair=en%7Cks
MyMemory error: 'These (m.)' attempt 5 429 Client Error: Too Many Requests for url: https://api.mymemory.translated.net/get?q=These+%28m.%29&langpair=en%7Cks
MyMemory error: 'These (m.)' attempt 6 429 Client Error: Too Many Requests for url: https://api.mymemory.translated.net/get?q=These+%28m.%29&langpair=en%7Cks
give up: 'These (m.)' 429 Client Error: Too Many Requests for url: https://api.mymemory.translated.net/get?q=These+%28m.%29&langpair=en%7Cks
MyMemory error: 'These (f.)' attempt 1 429 Client Error: Too Many Requests for url: https://api.mymemory.translated.net/get?q=These+%28f.%29&langpair=en%7Cks
MyMemory error: 'These (f.)' attempt 2 429 Client Error: Too Many Requests for url: https://api.mymemory.translated.net/get?q=These+%28f.%29&langpair=en%7Cks
MyMemory error: 'These (f.)' attempt 3 429 Client Error: Too Many Requests for url: https://api.mymemory.translated.net/get?q=These+%28f.%29&langpair=en%7Cks
MyMemory error: 'These (f.)' attempt 4 429 Client Error: Too Many Requests for url: https://api.mymemory.translated.net/get?q=These+%28f.%29&langpair=en%7Cks
MyMemory error: 'These (f.)' attempt 5 429 Client Error: Too Many Requests for url: https://api.mymemory.translated.net/get?q=These+%28f.%29&langpair=en%7Cks
MyMemory error: 'These (f.)' attempt 6 429 Client Error: Too Many Requests for url: https://api.mymemory.translated.net/get?q=These+%28f.%29&langpair=en%7Cks
give up: 'These (f.)' 429 Client Error: Too Many Requests for url: https://api.mymemory.translated.net/get?q=These+%28f.%29&langpair=en%7Cks
MyMemory error: 'These (n.)' attempt 1 429 Client Error: Too Many Requests for url: https://api.mymemory.translated.net/get?q=These+%28n.%29&langpair=en%7Cks
MyMemory error: 'These (n.)' attempt 2 429 Client Error: Too Many Requests for url: https://api.mymemory.translated.net/get?q=These+%28n.%29&langpair=en%7Cks
MyMemory error: 'These (n.)' attempt 3 429 Client Error: Too Many Requests for url: https://api.mymemory.translated.net/get?q=These+%28n.%29&langpair=en%7Cks
MyMemory error: 'These (n.)' attempt 4 429 Client Error: Too Many Requests for url: https://api.mymemory.translated.net/get?q=These+%28n.%29&langpair=en%7Cks
MyMemory error: 'These (n.)' attempt 5 429 Client Error: Too Many Requests for url: https://api.mymemory.translated.net/get?q=These+%28n.%29&langpair=en%7Cks
MyMemory error: 'These (n.)' attempt 6 429 Client Error: Too Many Requests for url: https://api.mymemory.translated.net/get?q=These+%28n.%29&langpair=en%7Cks
give up: 'These (n.)' 429 Client Error: Too Many Requests for url: https://api.mymemory.translated.net/get?q=These+%28n.%29&langpair=en%7Cks
MyMemory error: 'Self' attempt 1 429 Client Error: Too Many Requests for url: https://api.mymemory.translated.net/get?q=Self&langpair=en%7Cks
MyMemory error: 'Self' attempt 2 429 Client Error: Too Many Requests for url: https://api.mymemory.translated.net/get?q=Self&langpair=en%7Cks
MyMemory error: 'Self' attempt 3 429 Client Error: Too Many Requests for url: https://api.mymemory.translated.net/get?q=Self&langpair=en%7Cks
MyMemory error: 'Self' attempt 4 429 Client Error: Too Many Requests for url: https://api.mymemory.translated.net/get?q=Self&langpair=en%7Cks
MyMemory error: 'Self' attempt 5 429 Client Error: Too Many Requests for url: https://api.mymemory.translated.net/get?q=Self&langpair=en%7Cks
MyMemory error: 'Self' attempt 6 429 Client Error: Too Many Requests for url: https://api.mymemory.translated.net/get?q=Self&langpair=en%7Cks
give up: 'Self' 429 Client Error: Too Many Requests for url: https://api.mymemory.translated.net/get?q=Self&langpair=en%7Cks
MyMemory error: 'Sing' attempt 1 429 Client Error: Too Many Requests for url: https://api.mymemory.translated.net/get?q=Sing&langpair=en%7Cks
MyMemory error: 'Sing' attempt 2 429 Client Error: Too Many Requests for url: https://api.mymemory.translated.net/get?q=Sing&langpair=en%7Cks
MyMemory error: 'Sing' attempt 3 429 Client Error: Too Many Requests for url: https://api.mymemory.translated.net/get?q=Sing&langpair=en%7Cks
MyMemory error: 'Sing' attempt 4 429 Client Error: Too Many Requests for url: https://api.mymemory.translated.net/get?q=Sing&langpair=en%7Cks
MyMemory error: 'Sing' attempt 5 429 Client Error: Too Many Requests for url: https://api.mymemory.translated.net/get?q=Sing&langpair=en%7Cks
MyMemory error: 'Sing' attempt 6 429 Client Error: Too Many Requests for url: https://api.mymemory.translated.net/get?q=Sing&langpair=en%7Cks
give up: 'Sing' 429 Client Error: Too Many Requests for url: https://api.mymemory.translated.net/get?q=Sing&langpair=en%7Cks
MyMemory error: 'Beat' attempt 1 429 Client Error: Too Many Requests for url: https://api.mymemory.translated.net/get?q=Beat&langpair=en%7Cks
MyMemory error: 'Beat' attempt 2 429 Client Error: Too Many Requests for url: https://api.mymemory.translated.net/get?q=Beat&langpair=en%7Cks
MyMemory error: 'Beat' attempt 3 429 Client Error: Too Many Requests for url: https://api.mymemory.translated.net/get?q=Beat&langpair=en%7Cks
MyMemory error: 'Beat' attempt 4 429 Client Error: Too Many Requests for url: https://api.mymemory.translated.net/get?q=Beat&langpair=en%7Cks
MyMemory error: 'Beat' attempt 5 429 Client Error: Too Many Requests for url: https://api.mymemory.translated.net/get?q=Beat&langpair=en%7Cks
MyMemory error: 'Beat' attempt 6 429 Client Error: Too Many Requests for url: https://api.mymemory.translated.net/get?q=Beat&langpair=en%7Cks
give up: 'Beat' 429 Client Error: Too Many Requests for url: https://api.mymemory.translated.net/get?q=Beat&langpair=en%7Cks
MyMemory error: 'Write' attempt 1 429 Client Error: Too Many Requests for url: https://api.mymemory.translated.net/get?q=Write&langpair=en%7Cks
MyMemory error: 'Write' attempt 2 429 Client Error: Too Many Requests for url: https://api.mymemory.translated.net/get?q=Write&langpair=en%7Cks
MyMemory error: 'Write' attempt 3 429 Client Error: Too Many Requests for url: https://api.mymemory.translated.net/get?q=Write&langpair=en%7Cks
MyMemory error: 'Write' attempt 4 429 Client Error: Too Many Requests for url: https://api.mymemory.translated.net/get?q=Write&langpair=en%7Cks
MyMemory error: 'Write' attempt 5 429 Client Error: Too Many Requests for url: https://api.mymemory.translated.net/get?q=Write&langpair=en%7Cks
MyMemory error: 'Write' attempt 6 429 Client Error: Too Many Requests for url: https://api.mymemory.translated.net/get?q=Write&langpair=en%7Cks
give up: 'Write' 429 Client Error: Too Many Requests for url: https://api.mymemory.translated.net/get?q=Write&langpair=en%7Cks
MyMemory error: 'Do' attempt 1 429 Client Error: Too Many Requests for url: https://api.mymemory.translated.net/get?q=Do&langpair=en%7Cks
MyMemory error: 'Do' attempt 2 429 Client Error: Too Many Requests for url: https://api.mymemory.translated.net/get?q=Do&langpair=en%7Cks
MyMemory error: 'Do' attempt 3 429 Client Error: Too Many Requests for url: https://api.mymemory.translated.net/get?q=Do&langpair=en%7Cks
MyMemory error: 'Do' attempt 4 429 Client Error: Too Many Requests for url: https://api.mymemory.translated.net/get?q=Do&langpair=en%7Cks
MyMemory error: 'Do' attempt 5 429 Client Error: Too Many Requests for url: https://api.mymemory.translated.net/get?q=Do&langpair=en%7Cks
MyMemory error: 'Do' attempt 6 429 Client Error: Too Many Requests for url: https://api.mymemory.translated.net/get?q=Do&langpair=en%7Cks
give up: 'Do' 429 Client Error: Too Many Requests for url: https://api.mymemory.translated.net/get?q=Do&langpair=en%7Cks
MyMemory error: 'Get up' attempt 1 429 Client Error: Too Many Requests for url: https://api.mymemory.translated.net/get?q=Get+up&langpair=en%7Cks
MyMemory error: 'Get up' attempt 2 429 Client Error: Too Many Requests for url: https://api.mymemory.translated.net/get?q=Get+up&langpair=en%7Cks
MyMemory error: 'Get up' attempt 3 429 Client Error: Too Many Requests for url: https://api.mymemory.translated.net/get?q=Get+up&langpair=en%7Cks
MyMemory error: 'Get up' attempt 4 429 Client Error: Too Many Requests for url: https://api.mymemory.translated.net/get?q=Get+up&langpair=en%7Cks
MyMemory error: 'Get up' attempt 5 429 Client Error: Too Many Requests for url: https://api.mymemory.translated.net/get?q=Get+up&langpair=en%7Cks
MyMemory error: 'Get up' attempt 6 429 Client Error: Too Many Requests for url: https://api.mymemory.translated.net/get?q=Get+up&langpair=en%7Cks
give up: 'Get up' 429 Client Error: Too Many Requests for url: https://api.mymemory.translated.net/get?q=Get+up&langpair=en%7Cks
MyMemory error: 'Stop' attempt 1 429 Client Error: Too Many Requests for url: https://api.mymemory.translated.net/get?q=Stop&langpair=en%7Cks
MyMemory error: 'Stop' attempt 2 429 Client Error: Too Many Requests for url: https://api.mymemory.translated.net/get?q=Stop&langpair=en%7Cks
MyMemory error: 'Stop' attempt 3 429 Client Error: Too Many Requests for url: https://api.mymemory.translated.net/get?q=Stop&langpair=en%7Cks
MyMemory error: 'Stop' attempt 4 429 Client Error: Too Many Requests for url: https://api.mymemory.translated.net/get?q=Stop&langpair=en%7Cks
MyMemory error: 'Stop' attempt 5 429 Client Error: Too Many Requests for url: https://api.mymemory.translated.net/get?q=Stop&langpair=en%7Cks
MyMemory error: 'Stop' attempt 6 429 Client Error: Too Many Requests for url: https://api.mymemory.translated.net/get?q=Stop&langpair=en%7Cks
give up: 'Stop' 429 Client Error: Too Many Requests for url: https://api.mymemory.translated.net/get?q=Stop&langpair=en%7Cks
MyMemory error: 'Close' attempt 1 429 Client Error: Too Many Requests for url: https://api.mymemory.translated.net/get?q=Close&langpair=en%7Cks
MyMemory error: 'Close' attempt 2 429 Client Error: Too Many Requests for url: https://api.mymemory.translated.net/get?q=Close&langpair=en%7Cks
MyMemory error: 'Close' attempt 3 429 Client Error: Too Many Requests for url: https://api.mymemory.translated.net/get?q=Close&langpair=en%7Cks
MyMemory error: 'Close' attempt 4 429 Client Error: Too Many Requests for url: https://api.mymemory.translated.net/get?q=Close&langpair=en%7Cks
MyMemory error: 'Close' attempt 5 429 Client Error: Too Many Requests for url: https://api.mymemory.translated.net/get?q=Close&langpair=en%7Cks
MyMemory error: 'Close' attempt 6 429 Client Error: Too Many Requests for url: https://api.mymemory.translated.net/get?q=Close&langpair=en%7Cks
give up: 'Close' 429 Client Error: Too Many Requests for url: https://api.mymemory.translated.net/get?q=Close&langpair=en%7Cks
MyMemory error: 'I (male)' attempt 1 429 Client Error: Too Many Requests for url: https://api.mymemory.translated.net/get?q=I+%28male%29&langpair=en%7Cks
MyMemory error: 'I (male)' attempt 2 429 Client Error: Too Many Requests for url: https://api.mymemory.translated.net/get?q=I+%28male%29&langpair=en%7Cks
MyMemory error: 'I (male)' attempt 3 429 Client Error: Too Many Requests for url: https://api.mymemory.translated.net/get?q=I+%28male%29&langpair=en%7Cks
MyMemory error: 'I (male)' attempt 4 429 Client Error: Too Many Requests for url: https://api.mymemory.translated.net/get?q=I+%28male%29&langpair=en%7Cks
MyMemory error: 'I (male)' attempt 5 429 Client Error: Too Many Requests for url: https://api.mymemory.translated.net/get?q=I+%28male%29&langpair=en%7Cks
MyMemory error: 'I (male)' attempt 6 429 Client Error: Too Many Requests for url: https://api.mymemory.translated.net/get?q=I+%28male%29&langpair=en%7Cks
give up: 'I (male)' 429 Client Error: Too Many Requests for url: https://api.mymemory.translated.net/get?q=I+%28male%29&langpair=en%7Cks
MyMemory error: 'I (female)' attempt 1 429 Client Error: Too Many Requests for url: https://api.mymemory.translated.net/get?q=I+%28female%29&langpair=en%7Cks
MyMemory error: 'I (female)' attempt 2 429 Client Error: Too Many Requests for url: https://api.mymemory.translated.net/get?q=I+%28female%29&langpair=en%7Cks
MyMemory error: 'I (female)' attempt 3 429 Client Error: Too Many Requests for url: https://api.mymemory.translated.net/get?q=I+%28female%29&langpair=en%7Cks
MyMemory error: 'I (female)' attempt 4 429 Client Error: Too Many Requests for url: https://api.mymemory.translated.net/get?q=I+%28female%29&langpair=en%7Cks
MyMemory error: 'I (female)' attempt 5 429 Client Error: Too Many Requests for url: https://api.mymemory.translated.net/get?q=I+%28female%29&langpair=en%7Cks
MyMemory error: 'I (female)' attempt 6 429 Client Error: Too Many Requests for url: https://api.mymemory.translated.net/get?q=I+%28female%29&langpair=en%7Cks
give up: 'I (female)' 429 Client Error: Too Many Requests for url: https://api.mymemory.translated.net/get?q=I+%28female%29&langpair=en%7Cks
MyMemory error: 'We dance' attempt 1 429 Client Error: Too Many Requests for url: https://api.mymemory.translated.net/get?q=We+dance&langpair=en%7Cks
MyMemory error: 'We dance' attempt 2 429 Client Error: Too Many Requests for url: https://api.mymemory.translated.net/get?q=We+dance&langpair=en%7Cks
MyMemory error: 'We dance' attempt 3 429 Client Error: Too Many Requests for url: https://api.mymemory.translated.net/get?q=We+dance&langpair=en%7Cks
MyMemory error: 'We dance' attempt 4 429 Client Error: Too Many Requests for url: https://api.mymemory.translated.net/get?q=We+dance&langpair=en%7Cks
MyMemory error: 'We dance' attempt 5 429 Client Error: Too Many Requests for url: https://api.mymemory.translated.net/get?q=We+dance&langpair=en%7Cks
MyMemory error: 'We dance' attempt 6 429 Client Error: Too Many Requests for url: https://api.mymemory.translated.net/get?q=We+dance&langpair=en%7Cks
give up: 'We dance' 429 Client Error: Too Many Requests for url: https://api.mymemory.translated.net/get?q=We+dance&langpair=en%7Cks
MyMemory error: 'He walks' attempt 1 429 Client Error: Too Many Requests for url: https://api.mymemory.translated.net/get?q=He+walks&langpair=en%7Cks
MyMemory error: 'He walks' attempt 2 429 Client Error: Too Many Requests for url: https://api.mymemory.translated.net/get?q=He+walks&langpair=en%7Cks
MyMemory error: 'He walks' attempt 3 429 Client Error: Too Many Requests for url: https://api.mymemory.translated.net/get?q=He+walks&langpair=en%7Cks
MyMemory error: 'He walks' attempt 4 429 Client Error: Too Many Requests for url: https://api.mymemory.translated.net/get?q=He+walks&langpair=en%7Cks
MyMemory error: 'He walks' attempt 5 429 Client Error: Too Many Requests for url: https://api.mymemory.translated.net/get?q=He+walks&langpair=en%7Cks
MyMemory error: 'He walks' attempt 6 429 Client Error: Too Many Requests for url: https://api.mymemory.translated.net/get?q=He+walks&langpair=en%7Cks
give up: 'He walks' 429 Client Error: Too Many Requests for url: https://api.mymemory.translated.net/get?q=He+walks&langpair=en%7Cks
MyMemory error: 'She speaks' attempt 1 429 Client Error: Too Many Requests for url: https://api.mymemory.translated.net/get?q=She+speaks&langpair=en%7Cks
MyMemory error: 'She speaks' attempt 2 429 Client Error: Too Many Requests for url: https://api.mymemory.translated.net/get?q=She+speaks&langpair=en%7Cks
MyMemory error: 'She speaks' attempt 3 429 Client Error: Too Many Requests for url: https://api.mymemory.translated.net/get?q=She+speaks&langpair=en%7Cks
MyMemory error: 'She speaks' attempt 4 429 Client Error: Too Many Requests for url: https://api.mymemory.translated.net/get?q=She+speaks&langpair=en%7Cks
MyMemory error: 'She speaks' attempt 5 429 Client Error: Too Many Requests for url: https://api.mymemory.translated.net/get?q=She+speaks&langpair=en%7Cks
MyMemory error: 'She speaks' attempt 6 429 Client Error: Too Many Requests for url: https://api.mymemory.translated.net/get?q=She+speaks&langpair=en%7Cks
give up: 'She speaks' 429 Client Error: Too Many Requests for url: https://api.mymemory.translated.net/get?q=She+speaks&langpair=en%7Cks
MyMemory error: 'It moves' attempt 1 429 Client Error: Too Many Requests for url: https://api.mymemory.translated.net/get?q=It+moves&langpair=en%7Cks
MyMemory error: 'It moves' attempt 2 429 Client Error: Too Many Requests for url: https://api.mymemory.translated.net/get?q=It+moves&langpair=en%7Cks
MyMemory error: 'It moves' attempt 3 429 Client Error: Too Many Requests for url: https://api.mymemory.translated.net/get?q=It+moves&langpair=en%7Cks
MyMemory error: 'It moves' attempt 4 429 Client Error: Too Many Requests for url: https://api.mymemory.translated.net/get?q=It+moves&langpair=en%7Cks
MyMemory error: 'It moves' attempt 5 429 Client Error: Too Many Requests for url: https://api.mymemory.translated.net/get?q=It+moves&langpair=en%7Cks
MyMemory error: 'It moves' attempt 6 429 Client Error: Too Many Requests for url: https://api.mymemory.translated.net/get?q=It+moves&langpair=en%7Cks
give up: 'It moves' 429 Client Error: Too Many Requests for url: https://api.mymemory.translated.net/get?q=It+moves&langpair=en%7Cks
MyMemory error: 'They dance' attempt 1 429 Client Error: Too Many Requests for url: https://api.mymemory.translated.net/get?q=They+dance&langpair=en%7Cks
MyMemory error: 'They dance' attempt 2 429 Client Error: Too Many Requests for url: https://api.mymemory.translated.net/get?q=They+dance&langpair=en%7Cks
MyMemory error: 'They dance' attempt 3 429 Client Error: Too Many Requests for url: https://api.mymemory.translated.net/get?q=They+dance&langpair=en%7Cks
MyMemory error: 'They dance' attempt 4 429 Client Error: Too Many Requests for url: https://api.mymemory.translated.net/get?q=They+dance&langpair=en%7Cks
MyMemory error: 'They dance' attempt 5 429 Client Error: Too Many Requests for url: https://api.mymemory.translated.net/get?q=They+dance&langpair=en%7Cks
MyMemory error: 'They dance' attempt 6 429 Client Error: Too Many Requests for url: https://api.mymemory.translated.net/get?q=They+dance&langpair=en%7Cks
give up: 'They dance' 429 Client Error: Too Many Requests for url: https://api.mymemory.translated.net/get?q=They+dance&langpair=en%7Cks
MyMemory error: 'You (singular/plural)' attempt 1 429 Client Error: Too Many Requests for url: https://api.mymemory.translated.net/get?q=You+%28singular%2Fplural%29&langpair=en%7Cks
MyMemory error: 'You (singular/plural)' attempt 2 429 Client Error: Too Many Requests for url: https://api.mymemory.translated.net/get?q=You+%28singular%2Fplural%29&langpair=en%7Cks
MyMemory error: 'You (singular/plural)' attempt 3 429 Client Error: Too Many Requests for url: https://api.mymemory.translated.net/get?q=You+%28singular%2Fplural%29&langpair=en%7Cks
MyMemory error: 'You (singular/plural)' attempt 4 429 Client Error: Too Many Requests for url: https://api.mymemory.translated.net/get?q=You+%28singular%2Fplural%29&langpair=en%7Cks
MyMemory error: 'You (singular/plural)' attempt 5 429 Client Error: Too Many Requests for url: https://api.mymemory.translated.net/get?q=You+%28singular%2Fplural%29&langpair=en%7Cks
MyMemory error: 'You (singular/plural)' attempt 6 429 Client Error: Too Many Requests for url: https://api.mymemory.translated.net/get?q=You+%28singular%2Fplural%29&langpair=en%7Cks
give up: 'You (singular/plural)' 429 Client Error: Too Many Requests for url: https://api.mymemory.translated.net/get?q=You+%28singular%2Fplural%29&langpair=en%7Cks
MyMemory error: 'They (all)' attempt 1 429 Client Error: Too Many Requests for url: https://api.mymemory.translated.net/get?q=They+%28all%29&langpair=en%7Cks
MyMemory error: 'They (all)' attempt 2 429 Client Error: Too Many Requests for url: https://api.mymemory.translated.net/get?q=They+%28all%29&langpair=en%7Cks
MyMemory error: 'They (all)' attempt 3 429 Client Error: Too Many Requests for url: https://api.mymemory.translated.net/get?q=They+%28all%29&langpair=en%7Cks
MyMemory error: 'They (all)' attempt 4 429 Client Error: Too Many Requests for url: https://api.mymemory.translated.net/get?q=They+%28all%29&langpair=en%7Cks
MyMemory error: 'They (all)' attempt 5 429 Client Error: Too Many Requests for url: https://api.mymemory.translated.net/get?q=They+%28all%29&langpair=en%7Cks
MyMemory error: 'They (all)' attempt 6 429 Client Error: Too Many Requests for url: https://api.mymemory.translated.net/get?q=They+%28all%29&langpair=en%7Cks
give up: 'They (all)' 429 Client Error: Too Many Requests for url: https://api.mymemory.translated.net/get?q=They+%28all%29&langpair=en%7Cks
MyMemory error: 'I (male/female)' attempt 1 429 Client Error: Too Many Requests for url: https://api.mymemory.translated.net/get?q=I+%28male%2Ffemale%29&langpair=en%7Cks
MyMemory error: 'I (male/female)' attempt 2 429 Client Error: Too Many Requests for url: https://api.mymemory.translated.net/get?q=I+%28male%2Ffemale%29&langpair=en%7Cks
MyMemory error: 'I (male/female)' attempt 3 429 Client Error: Too Many Requests for url: https://api.mymemory.translated.net/get?q=I+%28male%2Ffemale%29&langpair=en%7Cks
MyMemory error: 'I (male/female)' attempt 4 429 Client Error: Too Many Requests for url: https://api.mymemory.translated.net/get?q=I+%28male%2Ffemale%29&langpair=en%7Cks
MyMemory error: 'I (male/female)' attempt 5 429 Client Error: Too Many Requests for url: https://api.mymemory.translated.net/get?q=I+%28male%2Ffemale%29&langpair=en%7Cks
MyMemory error: 'I (male/female)' attempt 6 429 Client Error: Too Many Requests for url: https://api.mymemory.translated.net/get?q=I+%28male%2Ffemale%29&langpair=en%7Cks
give up: 'I (male/female)' 429 Client Error: Too Many Requests for url: https://api.mymemory.translated.net/get?q=I+%28male%2Ffemale%29&langpair=en%7Cks
MyMemory error: 'He' attempt 1 429 Client Error: Too Many Requests for url: https://api.mymemory.translated.net/get?q=He&langpair=en%7Cks
MyMemory error: 'He' attempt 2 429 Client Error: Too Many Requests for url: https://api.mymemory.translated.net/get?q=He&langpair=en%7Cks
MyMemory error: 'He' attempt 3 429 Client Error: Too Many Requests for url: https://api.mymemory.translated.net/get?q=He&langpair=en%7Cks
MyMemory error: 'He' attempt 4 429 Client Error: Too Many Requests for url: https://api.mymemory.translated.net/get?q=He&langpair=en%7Cks
MyMemory error: 'He' attempt 5 429 Client Error: Too Many Requests for url: https://api.mymemory.translated.net/get?q=He&langpair=en%7Cks
MyMemory error: 'He' attempt 6 429 Client Error: Too Many Requests for url: https://api.mymemory.translated.net/get?q=He&langpair=en%7Cks
give up: 'He' 429 Client Error: Too Many Requests for url: https://api.mymemory.translated.net/get?q=He&langpair=en%7Cks
MyMemory error: 'She' attempt 1 429 Client Error: Too Many Requests for url: https://api.mymemory.translated.net/get?q=She&langpair=en%7Cks
MyMemory error: 'She' attempt 2 429 Client Error: Too Many Requests for url: https://api.mymemory.translated.net/get?q=She&langpair=en%7Cks
MyMemory error: 'She' attempt 3 429 Client Error: Too Many Requests for url: https://api.mymemory.translated.net/get?q=She&langpair=en%7Cks
MyMemory error: 'She' attempt 4 429 Client Error: Too Many Requests for url: https://api.mymemory.translated.net/get?q=She&langpair=en%7Cks
MyMemory error: 'She' attempt 5 429 Client Error: Too Many Requests for url: https://api.mymemory.translated.net/get?q=She&langpair=en%7Cks
MyMemory error: 'She' attempt 6 429 Client Error: Too Many Requests for url: https://api.mymemory.translated.net/get?q=She&langpair=en%7Cks
give up: 'She' 429 Client Error: Too Many Requests for url: https://api.mymemory.translated.net/get?q=She&langpair=en%7Cks
MyMemory error: 'It' attempt 1 429 Client Error: Too Many Requests for url: https://api.mymemory.translated.net/get?q=It&langpair=en%7Cks
MyMemory error: 'It' attempt 2 429 Client Error: Too Many Requests for url: https://api.mymemory.translated.net/get?q=It&langpair=en%7Cks
MyMemory error: 'It' attempt 3 429 Client Error: Too Many Requests for url: https://api.mymemory.translated.net/get?q=It&langpair=en%7Cks
MyMemory error: 'It' attempt 4 429 Client Error: Too Many Requests for url: https://api.mymemory.translated.net/get?q=It&langpair=en%7Cks
MyMemory error: 'It' attempt 5 429 Client Error: Too Many Requests for url: https://api.mymemory.translated.net/get?q=It&langpair=en%7Cks
MyMemory error: 'It' attempt 6 429 Client Error: Too Many Requests for url: https://api.mymemory.translated.net/get?q=It&langpair=en%7Cks
give up: 'It' 429 Client Error: Too Many Requests for url: https://api.mymemory.translated.net/get?q=It&langpair=en%7Cks
MyMemory error: 'They (m.)' attempt 1 429 Client Error: Too Many Requests for url: https://api.mymemory.translated.net/get?q=They+%28m.%29&langpair=en%7Cks
MyMemory error: 'They (m.)' attempt 2 429 Client Error: Too Many Requests for url: https://api.mymemory.translated.net/get?q=They+%28m.%29&langpair=en%7Cks
MyMemory error: 'They (m.)' attempt 3 429 Client Error: Too Many Requests for url: https://api.mymemory.translated.net/get?q=They+%28m.%29&langpair=en%7Cks
MyMemory error: 'They (m.)' attempt 4 429 Client Error: Too Many Requests for url: https://api.mymemory.translated.net/get?q=They+%28m.%29&langpair=en%7Cks
MyMemory error: 'They (m.)' attempt 5 429 Client Error: Too Many Requests for url: https://api.mymemory.translated.net/get?q=They+%28m.%29&langpair=en%7Cks
MyMemory error: 'They (m.)' attempt 6 429 Client Error: Too Many Requests for url: https://api.mymemory.translated.net/get?q=They+%28m.%29&langpair=en%7Cks
give up: 'They (m.)' 429 Client Error: Too Many Requests for url: https://api.mymemory.translated.net/get?q=They+%28m.%29&langpair=en%7Cks
MyMemory error: 'They (f.)' attempt 1 429 Client Error: Too Many Requests for url: https://api.mymemory.translated.net/get?q=They+%28f.%29&langpair=en%7Cks
MyMemory error: 'They (f.)' attempt 2 429 Client Error: Too Many Requests for url: https://api.mymemory.translated.net/get?q=They+%28f.%29&langpair=en%7Cks
MyMemory error: 'They (f.)' attempt 3 429 Client Error: Too Many Requests for url: https://api.mymemory.translated.net/get?q=They+%28f.%29&langpair=en%7Cks
MyMemory error: 'They (f.)' attempt 4 429 Client Error: Too Many Requests for url: https://api.mymemory.translated.net/get?q=They+%28f.%29&langpair=en%7Cks
MyMemory error: 'They (f.)' attempt 5 429 Client Error: Too Many Requests for url: https://api.mymemory.translated.net/get?q=They+%28f.%29&langpair=en%7Cks
MyMemory error: 'They (f.)' attempt 6 429 Client Error: Too Many Requests for url: https://api.mymemory.translated.net/get?q=They+%28f.%29&langpair=en%7Cks
give up: 'They (f.)' 429 Client Error: Too Many Requests for url: https://api.mymemory.translated.net/get?q=They+%28f.%29&langpair=en%7Cks
MyMemory error: 'They (n.)' attempt 1 429 Client Error: Too Many Requests for url: https://api.mymemory.translated.net/get?q=They+%28n.%29&langpair=en%7Cks
MyMemory error: 'They (n.)' attempt 2 429 Client Error: Too Many Requests for url: https://api.mymemory.translated.net/get?q=They+%28n.%29&langpair=en%7Cks
MyMemory error: 'They (n.)' attempt 3 429 Client Error: Too Many Requests for url: https://api.mymemory.translated.net/get?q=They+%28n.%29&langpair=en%7Cks
MyMemory error: 'They (n.)' attempt 4 429 Client Error: Too Many Requests for url: https://api.mymemory.translated.net/get?q=They+%28n.%29&langpair=en%7Cks
MyMemory error: 'They (n.)' attempt 5 429 Client Error: Too Many Requests for url: https://api.mymemory.translated.net/get?q=They+%28n.%29&langpair=en%7Cks
MyMemory error: 'They (n.)' attempt 6 429 Client Error: Too Many Requests for url: https://api.mymemory.translated.net/get?q=They+%28n.%29&langpair=en%7Cks
give up: 'They (n.)' 429 Client Error: Too Many Requests for url: https://api.mymemory.translated.net/get?q=They+%28n.%29&langpair=en%7Cks
MyMemory error: 'This (Male)' attempt 1 429 Client Error: Too Many Requests for url: https://api.mymemory.translated.net/get?q=This+%28Male%29&langpair=en%7Cks
MyMemory error: 'This (Male)' attempt 2 429 Client Error: Too Many Requests for url: https://api.mymemory.translated.net/get?q=This+%28Male%29&langpair=en%7Cks
MyMemory error: 'This (Male)' attempt 3 429 Client Error: Too Many Requests for url: https://api.mymemory.translated.net/get?q=This+%28Male%29&langpair=en%7Cks
MyMemory error: 'This (Male)' attempt 4 429 Client Error: Too Many Requests for url: https://api.mymemory.translated.net/get?q=This+%28Male%29&langpair=en%7Cks
MyMemory error: 'This (Male)' attempt 5 429 Client Error: Too Many Requests for url: https://api.mymemory.translated.net/get?q=This+%28Male%29&langpair=en%7Cks
MyMemory error: 'This (Male)' attempt 6 429 Client Error: Too Many Requests for url: https://api.mymemory.translated.net/get?q=This+%28Male%29&langpair=en%7Cks
give up: 'This (Male)' 429 Client Error: Too Many Requests for url: https://api.mymemory.translated.net/get?q=This+%28Male%29&langpair=en%7Cks
MyMemory error: 'This (Female)' attempt 1 429 Client Error: Too Many Requests for url: https://api.mymemory.translated.net/get?q=This+%28Female%29&langpair=en%7Cks
MyMemory error: 'This (Female)' attempt 2 429 Client Error: Too Many Requests for url: https://api.mymemory.translated.net/get?q=This+%28Female%29&langpair=en%7Cks
MyMemory error: 'This (Female)' attempt 3 429 Client Error: Too Many Requests for url: https://api.mymemory.translated.net/get?q=This+%28Female%29&langpair=en%7Cks
MyMemory error: 'This (Female)' attempt 4 429 Client Error: Too Many Requests for url: https://api.mymemory.translated.net/get?q=This+%28Female%29&langpair=en%7Cks
MyMemory error: 'This (Female)' attempt 5 429 Client Error: Too Many Requests for url: https://api.mymemory.translated.net/get?q=This+%28Female%29&langpair=en%7Cks
MyMemory error: 'This (Female)' attempt 6 429 Client Error: Too Many Requests for url: https://api.mymemory.translated.net/get?q=This+%28Female%29&langpair=en%7Cks
give up: 'This (Female)' 429 Client Error: Too Many Requests for url: https://api.mymemory.translated.net/get?q=This+%28Female%29&langpair=en%7Cks
MyMemory error: 'This (neuter)' attempt 1 429 Client Error: Too Many Requests for url: https://api.mymemory.translated.net/get?q=This+%28neuter%29&langpair=en%7Cks
MyMemory error: 'This (neuter)' attempt 2 429 Client Error: Too Many Requests for url: https://api.mymemory.translated.net/get?q=This+%28neuter%29&langpair=en%7Cks
MyMemory error: 'This (neuter)' attempt 3 429 Client Error: Too Many Requests for url: https://api.mymemory.translated.net/get?q=This+%28neuter%29&langpair=en%7Cks
MyMemory error: 'This (neuter)' attempt 4 429 Client Error: Too Many Requests for url: https://api.mymemory.translated.net/get?q=This+%28neuter%29&langpair=en%7Cks
MyMemory error: 'This (neuter)' attempt 5 429 Client Error: Too Many Requests for url: https://api.mymemory.translated.net/get?q=This+%28neuter%29&langpair=en%7Cks
MyMemory error: 'This (neuter)' attempt 6 429 Client Error: Too Many Requests for url: https://api.mymemory.translated.net/get?q=This+%28neuter%29&langpair=en%7Cks
give up: 'This (neuter)' 429 Client Error: Too Many Requests for url: https://api.mymemory.translated.net/get?q=This+%28neuter%29&langpair=en%7Cks
MyMemory error: 'These (male/female/neuter)' attempt 1 429 Client Error: Too Many Requests for url: https://api.mymemory.translated.net/get?q=These+%28male%2Ffemale%2Fneuter%29&langpair=en%7Cks
MyMemory error: 'These (male/female/neuter)' attempt 2 429 Client Error: Too Many Requests for url: https://api.mymemory.translated.net/get?q=These+%28male%2Ffemale%2Fneuter%29&langpair=en%7Cks
MyMemory error: 'These (male/female/neuter)' attempt 3 429 Client Error: Too Many Requests for url: https://api.mymemory.translated.net/get?q=These+%28male%2Ffemale%2Fneuter%29&langpair=en%7Cks
MyMemory error: 'These (male/female/neuter)' attempt 4 429 Client Error: Too Many Requests for url: https://api.mymemory.translated.net/get?q=These+%28male%2Ffemale%2Fneuter%29&langpair=en%7Cks
MyMemory error: 'These (male/female/neuter)' attempt 5 429 Client Error: Too Many Requests for url: https://api.mymemory.translated.net/get?q=These+%28male%2Ffemale%2Fneuter%29&langpair=en%7Cks
MyMemory error: 'These (male/female/neuter)' attempt 6 429 Client Error: Too Many Requests for url: https://api.mymemory.translated.net/get?q=These+%28male%2Ffemale%2Fneuter%29&langpair=en%7Cks
give up: 'These (male/female/neuter)' 429 Client Error: Too Many Requests for url: https://api.mymemory.translated.net/get?q=These+%28male%2Ffemale%2Fneuter%29&langpair=en%7Cks
MyMemory error: 'about' attempt 1 429 Client Error: Too Many Requests for url: https://api.mymemory.translated.net/get?q=about&langpair=en%7Cks
MyMemory error: 'about' attempt 2 429 Client Error: Too Many Requests for url: https://api.mymemory.translated.net/get?q=about&langpair=en%7Cks
MyMemory error: 'about' attempt 3 429 Client Error: Too Many Requests for url: https://api.mymemory.translated.net/get?q=about&langpair=en%7Cks
MyMemory error: 'about' attempt 4 429 Client Error: Too Many Requests for url: https://api.mymemory.translated.net/get?q=about&langpair=en%7Cks
MyMemory error: 'about' attempt 5 429 Client Error: Too Many Requests for url: https://api.mymemory.translated.net/get?q=about&langpair=en%7Cks
MyMemory error: 'about' attempt 6 429 Client Error: Too Many Requests for url: https://api.mymemory.translated.net/get?q=about&langpair=en%7Cks
give up: 'about' 429 Client Error: Too Many Requests for url: https://api.mymemory.translated.net/get?q=about&langpair=en%7Cks
MyMemory error: 'across' attempt 1 429 Client Error: Too Many Requests for url: https://api.mymemory.translated.net/get?q=across&langpair=en%7Cks
MyMemory error: 'across' attempt 2 429 Client Error: Too Many Requests for url: https://api.mymemory.translated.net/get?q=across&langpair=en%7Cks
MyMemory error: 'across' attempt 3 429 Client Error: Too Many Requests for url: https://api.mymemory.translated.net/get?q=across&langpair=en%7Cks
MyMemory error: 'across' attempt 4 429 Client Error: Too Many Requests for url: https://api.mymemory.translated.net/get?q=across&langpair=en%7Cks
MyMemory error: 'across' attempt 5 429 Client Error: Too Many Requests for url: https://api.mymemory.translated.net/get?q=across&langpair=en%7Cks
MyMemory error: 'across' attempt 6 429 Client Error: Too Many Requests for url: https://api.mymemory.translated.net/get?q=across&langpair=en%7Cks
give up: 'across' 429 Client Error: Too Many Requests for url: https://api.mymemory.translated.net/get?q=across&langpair=en%7Cks
MyMemory error: 'against' attempt 1 429 Client Error: Too Many Requests for url: https://api.mymemory.translated.net/get?q=against&langpair=en%7Cks
MyMemory error: 'against' attempt 2 429 Client Error: Too Many Requests for url: https://api.mymemory.translated.net/get?q=against&langpair=en%7Cks
MyMemory error: 'against' attempt 3 429 Client Error: Too Many Requests for url: https://api.mymemory.translated.net/get?q=against&langpair=en%7Cks
MyMemory error: 'against' attempt 4 429 Client Error: Too Many Requests for url: https://api.mymemory.translated.net/get?q=against&langpair=en%7Cks
MyMemory error: 'against' attempt 5 429 Client Error: Too Many Requests for url: https://api.mymemory.translated.net/get?q=against&langpair=en%7Cks
MyMemory error: 'against' attempt 6 429 Client Error: Too Many Requests for url: https://api.mymemory.translated.net/get?q=against&langpair=en%7Cks
give up: 'against' 429 Client Error: Too Many Requests for url: https://api.mymemory.translated.net/get?q=against&langpair=en%7Cks
MyMemory error: 'Among' attempt 1 429 Client Error: Too Many Requests for url: https://api.mymemory.translated.net/get?q=Among&langpair=en%7Cks
MyMemory error: 'Among' attempt 2 429 Client Error: Too Many Requests for url: https://api.mymemory.translated.net/get?q=Among&langpair=en%7Cks
MyMemory error: 'Among' attempt 3 429 Client Error: Too Many Requests for url: https://api.mymemory.translated.net/get?q=Among&langpair=en%7Cks
MyMemory error: 'Among' attempt 4 429 Client Error: Too Many Requests for url: https://api.mymemory.translated.net/get?q=Among&langpair=en%7Cks
MyMemory error: 'Among' attempt 5 429 Client Error: Too Many Requests for url: https://api.mymemory.translated.net/get?q=Among&langpair=en%7Cks
MyMemory error: 'Among' attempt 6 429 Client Error: Too Many Requests for url: https://api.mymemory.translated.net/get?q=Among&langpair=en%7Cks
give up: 'Among' 429 Client Error: Too Many Requests for url: https://api.mymemory.translated.net/get?q=Among&langpair=en%7Cks
MyMemory error: 'Around' attempt 1 429 Client Error: Too Many Requests for url: https://api.mymemory.translated.net/get?q=Around&langpair=en%7Cks
MyMemory error: 'Around' attempt 2 429 Client Error: Too Many Requests for url: https://api.mymemory.translated.net/get?q=Around&langpair=en%7Cks
MyMemory error: 'Around' attempt 3 429 Client Error: Too Many Requests for url: https://api.mymemory.translated.net/get?q=Around&langpair=en%7Cks
MyMemory error: 'Around' attempt 4 429 Client Error: Too Many Requests for url: https://api.mymemory.translated.net/get?q=Around&langpair=en%7Cks
MyMemory error: 'Around' attempt 5 429 Client Error: Too Many Requests for url: https://api.mymemory.translated.net/get?q=Around&langpair=en%7Cks
MyMemory error: 'Around' attempt 6 429 Client Error: Too Many Requests for url: https://api.mymemory.translated.net/get?q=Around&langpair=en%7Cks
give up: 'Around' 429 Client Error: Too Many Requests for url: https://api.mymemory.translated.net/get?q=Around&langpair=en%7Cks
MyMemory error: 'As/like' attempt 1 429 Client Error: Too Many Requests for url: https://api.mymemory.translated.net/get?q=As%2Flike&langpair=en%7Cks
MyMemory error: 'As/like' attempt 2 429 Client Error: Too Many Requests for url: https://api.mymemory.translated.net/get?q=As%2Flike&langpair=en%7Cks
MyMemory error: 'As/like' attempt 3 429 Client Error: Too Many Requests for url: https://api.mymemory.translated.net/get?q=As%2Flike&langpair=en%7Cks
MyMemory error: 'As/like' attempt 4 429 Client Error: Too Many Requests for url: https://api.mymemory.translated.net/get?q=As%2Flike&langpair=en%7Cks
MyMemory error: 'As/like' attempt 5 429 Client Error: Too Many Requests for url: https://api.mymemory.translated.net/get?q=As%2Flike&langpair=en%7Cks
MyMemory error: 'As/like' attempt 6 429 Client Error: Too Many Requests for url: https://api.mymemory.translated.net/get?q=As%2Flike&langpair=en%7Cks
give up: 'As/like' 429 Client Error: Too Many Requests for url: https://api.mymemory.translated.net/get?q=As%2Flike&langpair=en%7Cks
MyMemory error: 'aside' attempt 1 429 Client Error: Too Many Requests for url: https://api.mymemory.translated.net/get?q=aside&langpair=en%7Cks
MyMemory error: 'aside' attempt 2 429 Client Error: Too Many Requests for url: https://api.mymemory.translated.net/get?q=aside&langpair=en%7Cks
MyMemory error: 'aside' attempt 3 429 Client Error: Too Many Requests for url: https://api.mymemory.translated.net/get?q=aside&langpair=en%7Cks
MyMemory error: 'aside' attempt 4 429 Client Error: Too Many Requests for url: https://api.mymemory.translated.net/get?q=aside&langpair=en%7Cks
MyMemory error: 'aside' attempt 5 429 Client Error: Too Many Requests for url: https://api.mymemory.translated.net/get?q=aside&langpair=en%7Cks
MyMemory error: 'aside' attempt 6 429 Client Error: Too Many Requests for url: https://api.mymemory.translated.net/get?q=aside&langpair=en%7Cks
give up: 'aside' 429 Client Error: Too Many Requests for url: https://api.mymemory.translated.net/get?q=aside&langpair=en%7Cks
MyMemory error: 'for' attempt 1 429 Client Error: Too Many Requests for url: https://api.mymemory.translated.net/get?q=for&langpair=en%7Cks
MyMemory error: 'for' attempt 2 429 Client Error: Too Many Requests for url: https://api.mymemory.translated.net/get?q=for&langpair=en%7Cks
MyMemory error: 'for' attempt 3 429 Client Error: Too Many Requests for url: https://api.mymemory.translated.net/get?q=for&langpair=en%7Cks
MyMemory error: 'for' attempt 4 429 Client Error: Too Many Requests for url: https://api.mymemory.translated.net/get?q=for&langpair=en%7Cks
MyMemory error: 'for' attempt 5 429 Client Error: Too Many Requests for url: https://api.mymemory.translated.net/get?q=for&langpair=en%7Cks
MyMemory error: 'for' attempt 6 429 Client Error: Too Many Requests for url: https://api.mymemory.translated.net/get?q=for&langpair=en%7Cks
give up: 'for' 429 Client Error: Too Many Requests for url: https://api.mymemory.translated.net/get?q=for&langpair=en%7Cks
MyMemory error: 'From/since' attempt 1 429 Client Error: Too Many Requests for url: https://api.mymemory.translated.net/get?q=From%2Fsince&langpair=en%7Cks
MyMemory error: 'From/since' attempt 2 429 Client Error: Too Many Requests for url: https://api.mymemory.translated.net/get?q=From%2Fsince&langpair=en%7Cks
MyMemory error: 'From/since' attempt 3 429 Client Error: Too Many Requests for url: https://api.mymemory.translated.net/get?q=From%2Fsince&langpair=en%7Cks
MyMemory error: 'From/since' attempt 4 429 Client Error: Too Many Requests for url: https://api.mymemory.translated.net/get?q=From%2Fsince&langpair=en%7Cks
MyMemory error: 'From/since' attempt 5 429 Client Error: Too Many Requests for url: https://api.mymemory.translated.net/get?q=From%2Fsince&langpair=en%7Cks
MyMemory error: 'From/since' attempt 6 429 Client Error: Too Many Requests for url: https://api.mymemory.translated.net/get?q=From%2Fsince&langpair=en%7Cks
give up: 'From/since' 429 Client Error: Too Many Requests for url: https://api.mymemory.translated.net/get?q=From%2Fsince&langpair=en%7Cks
…cached 2150 strings
MyMemory error: 'in' attempt 1 429 Client Error: Too Many Requests for url: https://api.mymemory.translated.net/get?q=in&langpair=en%7Cks
MyMemory error: 'in' attempt 2 429 Client Error: Too Many Requests for url: https://api.mymemory.translated.net/get?q=in&langpair=en%7Cks
MyMemory error: 'in' attempt 3 429 Client Error: Too Many Requests for url: https://api.mymemory.translated.net/get?q=in&langpair=en%7Cks
MyMemory error: 'in' attempt 4 429 Client Error: Too Many Requests for url: https://api.mymemory.translated.net/get?q=in&langpair=en%7Cks
MyMemory error: 'in' attempt 5 429 Client Error: Too Many Requests for url: https://api.mymemory.translated.net/get?q=in&langpair=en%7Cks
MyMemory error: 'in' attempt 6 429 Client Error: Too Many Requests for url: https://api.mymemory.translated.net/get?q=in&langpair=en%7Cks
give up: 'in' 429 Client Error: Too Many Requests for url: https://api.mymemory.translated.net/get?q=in&langpair=en%7Cks
MyMemory error: 'till/until' attempt 1 429 Client Error: Too Many Requests for url: https://api.mymemory.translated.net/get?q=till%2Funtil&langpair=en%7Cks
MyMemory error: 'till/until' attempt 2 429 Client Error: Too Many Requests for url: https://api.mymemory.translated.net/get?q=till%2Funtil&langpair=en%7Cks
MyMemory error: 'till/until' attempt 3 429 Client Error: Too Many Requests for url: https://api.mymemory.translated.net/get?q=till%2Funtil&langpair=en%7Cks
MyMemory error: 'till/until' attempt 4 429 Client Error: Too Many Requests for url: https://api.mymemory.translated.net/get?q=till%2Funtil&langpair=en%7Cks
MyMemory error: 'till/until' attempt 5 429 Client Error: Too Many Requests for url: https://api.mymemory.translated.net/get?q=till%2Funtil&langpair=en%7Cks
MyMemory error: 'till/until' attempt 6 429 Client Error: Too Many Requests for url: https://api.mymemory.translated.net/get?q=till%2Funtil&langpair=en%7Cks
give up: 'till/until' 429 Client Error: Too Many Requests for url: https://api.mymemory.translated.net/get?q=till%2Funtil&langpair=en%7Cks
MyMemory error: 'without' attempt 1 429 Client Error: Too Many Requests for url: https://api.mymemory.translated.net/get?q=without&langpair=en%7Cks
MyMemory error: 'without' attempt 2 429 Client Error: Too Many Requests for url: https://api.mymemory.translated.net/get?q=without&langpair=en%7Cks
MyMemory error: 'without' attempt 3 429 Client Error: Too Many Requests for url: https://api.mymemory.translated.net/get?q=without&langpair=en%7Cks
MyMemory error: 'without' attempt 4 429 Client Error: Too Many Requests for url: https://api.mymemory.translated.net/get?q=without&langpair=en%7Cks
MyMemory error: 'without' attempt 5 429 Client Error: Too Many Requests for url: https://api.mymemory.translated.net/get?q=without&langpair=en%7Cks
MyMemory error: 'without' attempt 6 429 Client Error: Too Many Requests for url: https://api.mymemory.translated.net/get?q=without&langpair=en%7Cks
give up: 'without' 429 Client Error: Too Many Requests for url: https://api.mymemory.translated.net/get?q=without&langpair=en%7Cks
MyMemory error: 'during' attempt 1 429 Client Error: Too Many Requests for url: https://api.mymemory.translated.net/get?q=during&langpair=en%7Cks
MyMemory error: 'during' attempt 2 429 Client Error: Too Many Requests for url: https://api.mymemory.translated.net/get?q=during&langpair=en%7Cks
MyMemory error: 'during' attempt 3 429 Client Error: Too Many Requests for url: https://api.mymemory.translated.net/get?q=during&langpair=en%7Cks
MyMemory error: 'during' attempt 4 429 Client Error: Too Many Requests for url: https://api.mymemory.translated.net/get?q=during&langpair=en%7Cks
MyMemory error: 'during' attempt 5 429 Client Error: Too Many Requests for url: https://api.mymemory.translated.net/get?q=during&langpair=en%7Cks
MyMemory error: 'during' attempt 6 429 Client Error: Too Many Requests for url: https://api.mymemory.translated.net/get?q=during&langpair=en%7Cks
give up: 'during' 429 Client Error: Too Many Requests for url: https://api.mymemory.translated.net/get?q=during&langpair=en%7Cks
MyMemory error: 'Near/close to' attempt 1 429 Client Error: Too Many Requests for url: https://api.mymemory.translated.net/get?q=Near%2Fclose+to&langpair=en%7Cks
MyMemory error: 'Near/close to' attempt 2 429 Client Error: Too Many Requests for url: https://api.mymemory.translated.net/get?q=Near%2Fclose+to&langpair=en%7Cks
MyMemory error: 'Near/close to' attempt 3 429 Client Error: Too Many Requests for url: https://api.mymemory.translated.net/get?q=Near%2Fclose+to&langpair=en%7Cks
MyMemory error: 'Near/close to' attempt 4 429 Client Error: Too Many Requests for url: https://api.mymemory.translated.net/get?q=Near%2Fclose+to&langpair=en%7Cks
MyMemory error: 'Near/close to' attempt 5 429 Client Error: Too Many Requests for url: https://api.mymemory.translated.net/get?q=Near%2Fclose+to&langpair=en%7Cks
MyMemory error: 'Near/close to' attempt 6 429 Client Error: Too Many Requests for url: https://api.mymemory.translated.net/get?q=Near%2Fclose+to&langpair=en%7Cks
give up: 'Near/close to' 429 Client Error: Too Many Requests for url: https://api.mymemory.translated.net/get?q=Near%2Fclose+to&langpair=en%7Cks
MyMemory error: 'towards' attempt 1 429 Client Error: Too Many Requests for url: https://api.mymemory.translated.net/get?q=towards&langpair=en%7Cks
MyMemory error: 'towards' attempt 2 429 Client Error: Too Many Requests for url: https://api.mymemory.translated.net/get?q=towards&langpair=en%7Cks
MyMemory error: 'towards' attempt 3 429 Client Error: Too Many Requests for url: https://api.mymemory.translated.net/get?q=towards&langpair=en%7Cks
MyMemory error: 'towards' attempt 4 429 Client Error: Too Many Requests for url: https://api.mymemory.translated.net/get?q=towards&langpair=en%7Cks
MyMemory error: 'towards' attempt 5 429 Client Error: Too Many Requests for url: https://api.mymemory.translated.net/get?q=towards&langpair=en%7Cks
MyMemory error: 'towards' attempt 6 429 Client Error: Too Many Requests for url: https://api.mymemory.translated.net/get?q=towards&langpair=en%7Cks
give up: 'towards' 429 Client Error: Too Many Requests for url: https://api.mymemory.translated.net/get?q=towards&langpair=en%7Cks
MyMemory error: 'with' attempt 1 429 Client Error: Too Many Requests for url: https://api.mymemory.translated.net/get?q=with&langpair=en%7Cks
MyMemory error: 'with' attempt 2 429 Client Error: Too Many Requests for url: https://api.mymemory.translated.net/get?q=with&langpair=en%7Cks
MyMemory error: 'with' attempt 3 429 Client Error: Too Many Requests for url: https://api.mymemory.translated.net/get?q=with&langpair=en%7Cks
MyMemory error: 'with' attempt 4 429 Client Error: Too Many Requests for url: https://api.mymemory.translated.net/get?q=with&langpair=en%7Cks
MyMemory error: 'with' attempt 5 429 Client Error: Too Many Requests for url: https://api.mymemory.translated.net/get?q=with&langpair=en%7Cks
MyMemory error: 'with' attempt 6 429 Client Error: Too Many Requests for url: https://api.mymemory.translated.net/get?q=with&langpair=en%7Cks
give up: 'with' 429 Client Error: Too Many Requests for url: https://api.mymemory.translated.net/get?q=with&langpair=en%7Cks
MyMemory error: 'Instead of' attempt 1 429 Client Error: Too Many Requests for url: https://api.mymemory.translated.net/get?q=Instead+of&langpair=en%7Cks
MyMemory error: 'Instead of' attempt 2 429 Client Error: Too Many Requests for url: https://api.mymemory.translated.net/get?q=Instead+of&langpair=en%7Cks
MyMemory error: 'Instead of' attempt 3 429 Client Error: Too Many Requests for url: https://api.mymemory.translated.net/get?q=Instead+of&langpair=en%7Cks
MyMemory error: 'Instead of' attempt 4 429 Client Error: Too Many Requests for url: https://api.mymemory.translated.net/get?q=Instead+of&langpair=en%7Cks
MyMemory error: 'Instead of' attempt 5 429 Client Error: Too Many Requests for url: https://api.mymemory.translated.net/get?q=Instead+of&langpair=en%7Cks
MyMemory error: 'Instead of' attempt 6 429 Client Error: Too Many Requests for url: https://api.mymemory.translated.net/get?q=Instead+of&langpair=en%7Cks
give up: 'Instead of' 429 Client Error: Too Many Requests for url: https://api.mymemory.translated.net/get?q=Instead+of&langpair=en%7Cks
MyMemory error: 'Prior to' attempt 1 429 Client Error: Too Many Requests for url: https://api.mymemory.translated.net/get?q=Prior+to&langpair=en%7Cks
MyMemory error: 'Prior to' attempt 2 429 Client Error: Too Many Requests for url: https://api.mymemory.translated.net/get?q=Prior+to&langpair=en%7Cks
MyMemory error: 'Prior to' attempt 3 429 Client Error: Too Many Requests for url: https://api.mymemory.translated.net/get?q=Prior+to&langpair=en%7Cks
MyMemory error: 'Prior to' attempt 4 429 Client Error: Too Many Requests for url: https://api.mymemory.translated.net/get?q=Prior+to&langpair=en%7Cks
MyMemory error: 'Prior to' attempt 5 429 Client Error: Too Many Requests for url: https://api.mymemory.translated.net/get?q=Prior+to&langpair=en%7Cks
MyMemory error: 'Prior to' attempt 6 429 Client Error: Too Many Requests for url: https://api.mymemory.translated.net/get?q=Prior+to&langpair=en%7Cks
give up: 'Prior to' 429 Client Error: Too Many Requests for url: https://api.mymemory.translated.net/get?q=Prior+to&langpair=en%7Cks
MyMemory error: 'Because of' attempt 1 429 Client Error: Too Many Requests for url: https://api.mymemory.translated.net/get?q=Because+of&langpair=en%7Cks
MyMemory error: 'Because of' attempt 2 429 Client Error: Too Many Requests for url: https://api.mymemory.translated.net/get?q=Because+of&langpair=en%7Cks
MyMemory error: 'Because of' attempt 3 429 Client Error: Too Many Requests for url: https://api.mymemory.translated.net/get?q=Because+of&langpair=en%7Cks
MyMemory error: 'Because of' attempt 4 429 Client Error: Too Many Requests for url: https://api.mymemory.translated.net/get?q=Because+of&langpair=en%7Cks
MyMemory error: 'Because of' attempt 5 429 Client Error: Too Many Requests for url: https://api.mymemory.translated.net/get?q=Because+of&langpair=en%7Cks
MyMemory error: 'Because of' attempt 6 429 Client Error: Too Many Requests for url: https://api.mymemory.translated.net/get?q=Because+of&langpair=en%7Cks
give up: 'Because of' 429 Client Error: Too Many Requests for url: https://api.mymemory.translated.net/get?q=Because+of&langpair=en%7Cks
MyMemory error: 'According to' attempt 1 429 Client Error: Too Many Requests for url: https://api.mymemory.translated.net/get?q=According+to&langpair=en%7Cks
MyMemory error: 'According to' attempt 2 429 Client Error: Too Many Requests for url: https://api.mymemory.translated.net/get?q=According+to&langpair=en%7Cks
MyMemory error: 'According to' attempt 3 429 Client Error: Too Many Requests for url: https://api.mymemory.translated.net/get?q=According+to&langpair=en%7Cks
MyMemory error: 'According to' attempt 4 429 Client Error: Too Many Requests for url: https://api.mymemory.translated.net/get?q=According+to&langpair=en%7Cks
MyMemory error: 'According to' attempt 5 429 Client Error: Too Many Requests for url: https://api.mymemory.translated.net/get?q=According+to&langpair=en%7Cks
MyMemory error: 'According to' attempt 6 429 Client Error: Too Many Requests for url: https://api.mymemory.translated.net/get?q=According+to&langpair=en%7Cks
give up: 'According to' 429 Client Error: Too Many Requests for url: https://api.mymemory.translated.net/get?q=According+to&langpair=en%7Cks
MyMemory error: 'Through' attempt 1 429 Client Error: Too Many Requests for url: https://api.mymemory.translated.net/get?q=Through&langpair=en%7Cks
MyMemory error: 'Through' attempt 2 429 Client Error: Too Many Requests for url: https://api.mymemory.translated.net/get?q=Through&langpair=en%7Cks
MyMemory error: 'Through' attempt 3 429 Client Error: Too Many Requests for url: https://api.mymemory.translated.net/get?q=Through&langpair=en%7Cks
MyMemory error: 'Through' attempt 4 429 Client Error: Too Many Requests for url: https://api.mymemory.translated.net/get?q=Through&langpair=en%7Cks
MyMemory error: 'Through' attempt 5 429 Client Error: Too Many Requests for url: https://api.mymemory.translated.net/get?q=Through&langpair=en%7Cks
MyMemory error: 'Through' attempt 6 429 Client Error: Too Many Requests for url: https://api.mymemory.translated.net/get?q=Through&langpair=en%7Cks
give up: 'Through' 429 Client Error: Too Many Requests for url: https://api.mymemory.translated.net/get?q=Through&langpair=en%7Cks
MyMemory error: 'You speak' attempt 1 429 Client Error: Too Many Requests for url: https://api.mymemory.translated.net/get?q=You+speak&langpair=en%7Cks
MyMemory error: 'You speak' attempt 2 429 Client Error: Too Many Requests for url: https://api.mymemory.translated.net/get?q=You+speak&langpair=en%7Cks
MyMemory error: 'You speak' attempt 3 429 Client Error: Too Many Requests for url: https://api.mymemory.translated.net/get?q=You+speak&langpair=en%7Cks
MyMemory error: 'You speak' attempt 4 429 Client Error: Too Many Requests for url: https://api.mymemory.translated.net/get?q=You+speak&langpair=en%7Cks
MyMemory error: 'You speak' attempt 5 429 Client Error: Too Many Requests for url: https://api.mymemory.translated.net/get?q=You+speak&langpair=en%7Cks
MyMemory error: 'You speak' attempt 6 429 Client Error: Too Many Requests for url: https://api.mymemory.translated.net/get?q=You+speak&langpair=en%7Cks
give up: 'You speak' 429 Client Error: Too Many Requests for url: https://api.mymemory.translated.net/get?q=You+speak&langpair=en%7Cks
MyMemory error: 'Read it' attempt 1 429 Client Error: Too Many Requests for url: https://api.mymemory.translated.net/get?q=Read+it&langpair=en%7Cks
MyMemory error: 'Read it' attempt 2 429 Client Error: Too Many Requests for url: https://api.mymemory.translated.net/get?q=Read+it&langpair=en%7Cks
MyMemory error: 'Read it' attempt 3 429 Client Error: Too Many Requests for url: https://api.mymemory.translated.net/get?q=Read+it&langpair=en%7Cks
MyMemory error: 'Read it' attempt 4 429 Client Error: Too Many Requests for url: https://api.mymemory.translated.net/get?q=Read+it&langpair=en%7Cks
MyMemory error: 'Read it' attempt 5 429 Client Error: Too Many Requests for url: https://api.mymemory.translated.net/get?q=Read+it&langpair=en%7Cks
MyMemory error: 'Read it' attempt 6 429 Client Error: Too Many Requests for url: https://api.mymemory.translated.net/get?q=Read+it&langpair=en%7Cks
give up: 'Read it' 429 Client Error: Too Many Requests for url: https://api.mymemory.translated.net/get?q=Read+it&langpair=en%7Cks
MyMemory error: 'Do it' attempt 1 429 Client Error: Too Many Requests for url: https://api.mymemory.translated.net/get?q=Do+it&langpair=en%7Cks
MyMemory error: 'Do it' attempt 2 429 Client Error: Too Many Requests for url: https://api.mymemory.translated.net/get?q=Do+it&langpair=en%7Cks
MyMemory error: 'Do it' attempt 3 429 Client Error: Too Many Requests for url: https://api.mymemory.translated.net/get?q=Do+it&langpair=en%7Cks
MyMemory error: 'Do it' attempt 4 429 Client Error: Too Many Requests for url: https://api.mymemory.translated.net/get?q=Do+it&langpair=en%7Cks
MyMemory error: 'Do it' attempt 5 429 Client Error: Too Many Requests for url: https://api.mymemory.translated.net/get?q=Do+it&langpair=en%7Cks
MyMemory error: 'Do it' attempt 6 429 Client Error: Too Many Requests for url: https://api.mymemory.translated.net/get?q=Do+it&langpair=en%7Cks
give up: 'Do it' 429 Client Error: Too Many Requests for url: https://api.mymemory.translated.net/get?q=Do+it&langpair=en%7Cks
MyMemory error: 'You go' attempt 1 429 Client Error: Too Many Requests for url: https://api.mymemory.translated.net/get?q=You+go&langpair=en%7Cks
MyMemory error: 'You go' attempt 2 429 Client Error: Too Many Requests for url: https://api.mymemory.translated.net/get?q=You+go&langpair=en%7Cks
MyMemory error: 'You go' attempt 3 429 Client Error: Too Many Requests for url: https://api.mymemory.translated.net/get?q=You+go&langpair=en%7Cks
MyMemory error: 'You go' attempt 4 429 Client Error: Too Many Requests for url: https://api.mymemory.translated.net/get?q=You+go&langpair=en%7Cks
MyMemory error: 'You go' attempt 5 429 Client Error: Too Many Requests for url: https://api.mymemory.translated.net/get?q=You+go&langpair=en%7Cks
MyMemory error: 'You go' attempt 6 429 Client Error: Too Many Requests for url: https://api.mymemory.translated.net/get?q=You+go&langpair=en%7Cks
give up: 'You go' 429 Client Error: Too Many Requests for url: https://api.mymemory.translated.net/get?q=You+go&langpair=en%7Cks
MyMemory error: 'You give' attempt 1 429 Client Error: Too Many Requests for url: https://api.mymemory.translated.net/get?q=You+give&langpair=en%7Cks
MyMemory error: 'You give' attempt 2 429 Client Error: Too Many Requests for url: https://api.mymemory.translated.net/get?q=You+give&langpair=en%7Cks
MyMemory error: 'You give' attempt 3 429 Client Error: Too Many Requests for url: https://api.mymemory.translated.net/get?q=You+give&langpair=en%7Cks
MyMemory error: 'You give' attempt 4 429 Client Error: Too Many Requests for url: https://api.mymemory.translated.net/get?q=You+give&langpair=en%7Cks
MyMemory error: 'You give' attempt 5 429 Client Error: Too Many Requests for url: https://api.mymemory.translated.net/get?q=You+give&langpair=en%7Cks
MyMemory error: 'You give' attempt 6 429 Client Error: Too Many Requests for url: https://api.mymemory.translated.net/get?q=You+give&langpair=en%7Cks
give up: 'You give' 429 Client Error: Too Many Requests for url: https://api.mymemory.translated.net/get?q=You+give&langpair=en%7Cks
MyMemory error: 'You drink' attempt 1 429 Client Error: Too Many Requests for url: https://api.mymemory.translated.net/get?q=You+drink&langpair=en%7Cks
MyMemory error: 'You drink' attempt 2 429 Client Error: Too Many Requests for url: https://api.mymemory.translated.net/get?q=You+drink&langpair=en%7Cks
MyMemory error: 'You drink' attempt 3 429 Client Error: Too Many Requests for url: https://api.mymemory.translated.net/get?q=You+drink&langpair=en%7Cks
MyMemory error: 'You drink' attempt 4 429 Client Error: Too Many Requests for url: https://api.mymemory.translated.net/get?q=You+drink&langpair=en%7Cks
MyMemory error: 'You drink' attempt 5 429 Client Error: Too Many Requests for url: https://api.mymemory.translated.net/get?q=You+drink&langpair=en%7Cks
MyMemory error: 'You drink' attempt 6 429 Client Error: Too Many Requests for url: https://api.mymemory.translated.net/get?q=You+drink&langpair=en%7Cks
give up: 'You drink' 429 Client Error: Too Many Requests for url: https://api.mymemory.translated.net/get?q=You+drink&langpair=en%7Cks
MyMemory error: 'Toy moved' attempt 1 429 Client Error: Too Many Requests for url: https://api.mymemory.translated.net/get?q=Toy+moved&langpair=en%7Cks
MyMemory error: 'Toy moved' attempt 2 429 Client Error: Too Many Requests for url: https://api.mymemory.translated.net/get?q=Toy+moved&langpair=en%7Cks
MyMemory error: 'Toy moved' attempt 3 429 Client Error: Too Many Requests for url: https://api.mymemory.translated.net/get?q=Toy+moved&langpair=en%7Cks
MyMemory error: 'Toy moved' attempt 4 429 Client Error: Too Many Requests for url: https://api.mymemory.translated.net/get?q=Toy+moved&langpair=en%7Cks
MyMemory error: 'Toy moved' attempt 5 429 Client Error: Too Many Requests for url: https://api.mymemory.translated.net/get?q=Toy+moved&langpair=en%7Cks
MyMemory error: 'Toy moved' attempt 6 429 Client Error: Too Many Requests for url: https://api.mymemory.translated.net/get?q=Toy+moved&langpair=en%7Cks
give up: 'Toy moved' 429 Client Error: Too Many Requests for url: https://api.mymemory.translated.net/get?q=Toy+moved&langpair=en%7Cks
MyMemory error: 'To cook' attempt 1 429 Client Error: Too Many Requests for url: https://api.mymemory.translated.net/get?q=To+cook&langpair=en%7Cks
MyMemory error: 'To cook' attempt 2 429 Client Error: Too Many Requests for url: https://api.mymemory.translated.net/get?q=To+cook&langpair=en%7Cks
MyMemory error: 'To cook' attempt 3 429 Client Error: Too Many Requests for url: https://api.mymemory.translated.net/get?q=To+cook&langpair=en%7Cks
MyMemory error: 'To cook' attempt 4 429 Client Error: Too Many Requests for url: https://api.mymemory.translated.net/get?q=To+cook&langpair=en%7Cks
MyMemory error: 'To cook' attempt 5 429 Client Error: Too Many Requests for url: https://api.mymemory.translated.net/get?q=To+cook&langpair=en%7Cks
MyMemory error: 'To cook' attempt 6 429 Client Error: Too Many Requests for url: https://api.mymemory.translated.net/get?q=To+cook&langpair=en%7Cks
give up: 'To cook' 429 Client Error: Too Many Requests for url: https://api.mymemory.translated.net/get?q=To+cook&langpair=en%7Cks
MyMemory error: 'Rice cooked' attempt 1 429 Client Error: Too Many Requests for url: https://api.mymemory.translated.net/get?q=Rice+cooked&langpair=en%7Cks
MyMemory error: 'Rice cooked' attempt 2 429 Client Error: Too Many Requests for url: https://api.mymemory.translated.net/get?q=Rice+cooked&langpair=en%7Cks
MyMemory error: 'Rice cooked' attempt 3 429 Client Error: Too Many Requests for url: https://api.mymemory.translated.net/get?q=Rice+cooked&langpair=en%7Cks
MyMemory error: 'Rice cooked' attempt 4 429 Client Error: Too Many Requests for url: https://api.mymemory.translated.net/get?q=Rice+cooked&langpair=en%7Cks
MyMemory error: 'Rice cooked' attempt 5 429 Client Error: Too Many Requests for url: https://api.mymemory.translated.net/get?q=Rice+cooked&langpair=en%7Cks
MyMemory error: 'Rice cooked' attempt 6 429 Client Error: Too Many Requests for url: https://api.mymemory.translated.net/get?q=Rice+cooked&langpair=en%7Cks
give up: 'Rice cooked' 429 Client Error: Too Many Requests for url: https://api.mymemory.translated.net/get?q=Rice+cooked&langpair=en%7Cks
MyMemory error: 'To die' attempt 1 429 Client Error: Too Many Requests for url: https://api.mymemory.translated.net/get?q=To+die&langpair=en%7Cks
MyMemory error: 'To die' attempt 2 429 Client Error: Too Many Requests for url: https://api.mymemory.translated.net/get?q=To+die&langpair=en%7Cks
MyMemory error: 'To die' attempt 3 429 Client Error: Too Many Requests for url: https://api.mymemory.translated.net/get?q=To+die&langpair=en%7Cks
MyMemory error: 'To die' attempt 4 429 Client Error: Too Many Requests for url: https://api.mymemory.translated.net/get?q=To+die&langpair=en%7Cks
MyMemory error: 'To die' attempt 5 429 Client Error: Too Many Requests for url: https://api.mymemory.translated.net/get?q=To+die&langpair=en%7Cks
MyMemory error: 'To die' attempt 6 429 Client Error: Too Many Requests for url: https://api.mymemory.translated.net/get?q=To+die&langpair=en%7Cks
give up: 'To die' 429 Client Error: Too Many Requests for url: https://api.mymemory.translated.net/get?q=To+die&langpair=en%7Cks
MyMemory error: 'To fall' attempt 1 429 Client Error: Too Many Requests for url: https://api.mymemory.translated.net/get?q=To+fall&langpair=en%7Cks
MyMemory error: 'To fall' attempt 2 429 Client Error: Too Many Requests for url: https://api.mymemory.translated.net/get?q=To+fall&langpair=en%7Cks
MyMemory error: 'To fall' attempt 3 429 Client Error: Too Many Requests for url: https://api.mymemory.translated.net/get?q=To+fall&langpair=en%7Cks
MyMemory error: 'To fall' attempt 4 429 Client Error: Too Many Requests for url: https://api.mymemory.translated.net/get?q=To+fall&langpair=en%7Cks
MyMemory error: 'To fall' attempt 5 429 Client Error: Too Many Requests for url: https://api.mymemory.translated.net/get?q=To+fall&langpair=en%7Cks
MyMemory error: 'To fall' attempt 6 429 Client Error: Too Many Requests for url: https://api.mymemory.translated.net/get?q=To+fall&langpair=en%7Cks
give up: 'To fall' 429 Client Error: Too Many Requests for url: https://api.mymemory.translated.net/get?q=To+fall&langpair=en%7Cks
MyMemory error: 'Glass broke' attempt 1 429 Client Error: Too Many Requests for url: https://api.mymemory.translated.net/get?q=Glass+broke&langpair=en%7Cks
MyMemory error: 'Glass broke' attempt 2 429 Client Error: Too Many Requests for url: https://api.mymemory.translated.net/get?q=Glass+broke&langpair=en%7Cks
MyMemory error: 'Glass broke' attempt 3 429 Client Error: Too Many Requests for url: https://api.mymemory.translated.net/get?q=Glass+broke&langpair=en%7Cks
MyMemory error: 'Glass broke' attempt 4 429 Client Error: Too Many Requests for url: https://api.mymemory.translated.net/get?q=Glass+broke&langpair=en%7Cks
MyMemory error: 'Glass broke' attempt 5 429 Client Error: Too Many Requests for url: https://api.mymemory.translated.net/get?q=Glass+broke&langpair=en%7Cks
MyMemory error: 'Glass broke' attempt 6 429 Client Error: Too Many Requests for url: https://api.mymemory.translated.net/get?q=Glass+broke&langpair=en%7Cks
give up: 'Glass broke' 429 Client Error: Too Many Requests for url: https://api.mymemory.translated.net/get?q=Glass+broke&langpair=en%7Cks
MyMemory error: 'To leave' attempt 1 429 Client Error: Too Many Requests for url: https://api.mymemory.translated.net/get?q=To+leave&langpair=en%7Cks
MyMemory error: 'To leave' attempt 2 429 Client Error: Too Many Requests for url: https://api.mymemory.translated.net/get?q=To+leave&langpair=en%7Cks
MyMemory error: 'To leave' attempt 3 429 Client Error: Too Many Requests for url: https://api.mymemory.translated.net/get?q=To+leave&langpair=en%7Cks
MyMemory error: 'To leave' attempt 4 429 Client Error: Too Many Requests for url: https://api.mymemory.translated.net/get?q=To+leave&langpair=en%7Cks
MyMemory error: 'To leave' attempt 5 429 Client Error: Too Many Requests for url: https://api.mymemory.translated.net/get?q=To+leave&langpair=en%7Cks
MyMemory error: 'To leave' attempt 6 429 Client Error: Too Many Requests for url: https://api.mymemory.translated.net/get?q=To+leave&langpair=en%7Cks
give up: 'To leave' 429 Client Error: Too Many Requests for url: https://api.mymemory.translated.net/get?q=To+leave&langpair=en%7Cks
MyMemory error: 'To drink' attempt 1 429 Client Error: Too Many Requests for url: https://api.mymemory.translated.net/get?q=To+drink&langpair=en%7Cks
MyMemory error: 'To drink' attempt 2 429 Client Error: Too Many Requests for url: https://api.mymemory.translated.net/get?q=To+drink&langpair=en%7Cks
MyMemory error: 'To drink' attempt 3 429 Client Error: Too Many Requests for url: https://api.mymemory.translated.net/get?q=To+drink&langpair=en%7Cks
MyMemory error: 'To drink' attempt 4 429 Client Error: Too Many Requests for url: https://api.mymemory.translated.net/get?q=To+drink&langpair=en%7Cks
MyMemory error: 'To drink' attempt 5 429 Client Error: Too Many Requests for url: https://api.mymemory.translated.net/get?q=To+drink&langpair=en%7Cks
MyMemory error: 'To drink' attempt 6 429 Client Error: Too Many Requests for url: https://api.mymemory.translated.net/get?q=To+drink&langpair=en%7Cks
give up: 'To drink' 429 Client Error: Too Many Requests for url: https://api.mymemory.translated.net/get?q=To+drink&langpair=en%7Cks
MyMemory error: 'To eat' attempt 1 429 Client Error: Too Many Requests for url: https://api.mymemory.translated.net/get?q=To+eat&langpair=en%7Cks
MyMemory error: 'To eat' attempt 2 429 Client Error: Too Many Requests for url: https://api.mymemory.translated.net/get?q=To+eat&langpair=en%7Cks
MyMemory error: 'To eat' attempt 3 429 Client Error: Too Many Requests for url: https://api.mymemory.translated.net/get?q=To+eat&langpair=en%7Cks
MyMemory error: 'To eat' attempt 4 429 Client Error: Too Many Requests for url: https://api.mymemory.translated.net/get?q=To+eat&langpair=en%7Cks
MyMemory error: 'To eat' attempt 5 429 Client Error: Too Many Requests for url: https://api.mymemory.translated.net/get?q=To+eat&langpair=en%7Cks
MyMemory error: 'To eat' attempt 6 429 Client Error: Too Many Requests for url: https://api.mymemory.translated.net/get?q=To+eat&langpair=en%7Cks
give up: 'To eat' 429 Client Error: Too Many Requests for url: https://api.mymemory.translated.net/get?q=To+eat&langpair=en%7Cks
MyMemory error: 'To feed' attempt 1 429 Client Error: Too Many Requests for url: https://api.mymemory.translated.net/get?q=To+feed&langpair=en%7Cks
MyMemory error: 'To feed' attempt 2 429 Client Error: Too Many Requests for url: https://api.mymemory.translated.net/get?q=To+feed&langpair=en%7Cks
MyMemory error: 'To feed' attempt 3 429 Client Error: Too Many Requests for url: https://api.mymemory.translated.net/get?q=To+feed&langpair=en%7Cks
MyMemory error: 'To feed' attempt 4 429 Client Error: Too Many Requests for url: https://api.mymemory.translated.net/get?q=To+feed&langpair=en%7Cks
MyMemory error: 'To feed' attempt 5 429 Client Error: Too Many Requests for url: https://api.mymemory.translated.net/get?q=To+feed&langpair=en%7Cks
MyMemory error: 'To feed' attempt 6 429 Client Error: Too Many Requests for url: https://api.mymemory.translated.net/get?q=To+feed&langpair=en%7Cks
give up: 'To feed' 429 Client Error: Too Many Requests for url: https://api.mymemory.translated.net/get?q=To+feed&langpair=en%7Cks
MyMemory error: 'To speak' attempt 1 429 Client Error: Too Many Requests for url: https://api.mymemory.translated.net/get?q=To+speak&langpair=en%7Cks
MyMemory error: 'To speak' attempt 2 429 Client Error: Too Many Requests for url: https://api.mymemory.translated.net/get?q=To+speak&langpair=en%7Cks
MyMemory error: 'To speak' attempt 3 429 Client Error: Too Many Requests for url: https://api.mymemory.translated.net/get?q=To+speak&langpair=en%7Cks
MyMemory error: 'To speak' attempt 4 429 Client Error: Too Many Requests for url: https://api.mymemory.translated.net/get?q=To+speak&langpair=en%7Cks
MyMemory error: 'To speak' attempt 5 429 Client Error: Too Many Requests for url: https://api.mymemory.translated.net/get?q=To+speak&langpair=en%7Cks
MyMemory error: 'To speak' attempt 6 429 Client Error: Too Many Requests for url: https://api.mymemory.translated.net/get?q=To+speak&langpair=en%7Cks
give up: 'To speak' 429 Client Error: Too Many Requests for url: https://api.mymemory.translated.net/get?q=To+speak&langpair=en%7Cks
MyMemory error: 'To run' attempt 1 429 Client Error: Too Many Requests for url: https://api.mymemory.translated.net/get?q=To+run&langpair=en%7Cks
MyMemory error: 'To run' attempt 2 429 Client Error: Too Many Requests for url: https://api.mymemory.translated.net/get?q=To+run&langpair=en%7Cks
MyMemory error: 'To run' attempt 3 429 Client Error: Too Many Requests for url: https://api.mymemory.translated.net/get?q=To+run&langpair=en%7Cks
MyMemory error: 'To run' attempt 4 429 Client Error: Too Many Requests for url: https://api.mymemory.translated.net/get?q=To+run&langpair=en%7Cks
MyMemory error: 'To run' attempt 5 429 Client Error: Too Many Requests for url: https://api.mymemory.translated.net/get?q=To+run&langpair=en%7Cks
MyMemory error: 'To run' attempt 6 429 Client Error: Too Many Requests for url: https://api.mymemory.translated.net/get?q=To+run&langpair=en%7Cks
give up: 'To run' 429 Client Error: Too Many Requests for url: https://api.mymemory.translated.net/get?q=To+run&langpair=en%7Cks
MyMemory error: 'my' attempt 1 429 Client Error: Too Many Requests for url: https://api.mymemory.translated.net/get?q=my&langpair=en%7Cks
MyMemory error: 'my' attempt 2 429 Client Error: Too Many Requests for url: https://api.mymemory.translated.net/get?q=my&langpair=en%7Cks
MyMemory error: 'my' attempt 3 429 Client Error: Too Many Requests for url: https://api.mymemory.translated.net/get?q=my&langpair=en%7Cks
MyMemory error: 'my' attempt 4 429 Client Error: Too Many Requests for url: https://api.mymemory.translated.net/get?q=my&langpair=en%7Cks
MyMemory error: 'my' attempt 5 429 Client Error: Too Many Requests for url: https://api.mymemory.translated.net/get?q=my&langpair=en%7Cks
MyMemory error: 'my' attempt 6 429 Client Error: Too Many Requests for url: https://api.mymemory.translated.net/get?q=my&langpair=en%7Cks
give up: 'my' 429 Client Error: Too Many Requests for url: https://api.mymemory.translated.net/get?q=my&langpair=en%7Cks
MyMemory error: 'speaking' attempt 1 429 Client Error: Too Many Requests for url: https://api.mymemory.translated.net/get?q=speaking&langpair=en%7Cks
MyMemory error: 'speaking' attempt 2 429 Client Error: Too Many Requests for url: https://api.mymemory.translated.net/get?q=speaking&langpair=en%7Cks
MyMemory error: 'speaking' attempt 3 429 Client Error: Too Many Requests for url: https://api.mymemory.translated.net/get?q=speaking&langpair=en%7Cks
MyMemory error: 'speaking' attempt 4 429 Client Error: Too Many Requests for url: https://api.mymemory.translated.net/get?q=speaking&langpair=en%7Cks
MyMemory error: 'speaking' attempt 5 429 Client Error: Too Many Requests for url: https://api.mymemory.translated.net/get?q=speaking&langpair=en%7Cks
MyMemory error: 'speaking' attempt 6 429 Client Error: Too Many Requests for url: https://api.mymemory.translated.net/get?q=speaking&langpair=en%7Cks
give up: 'speaking' 429 Client Error: Too Many Requests for url: https://api.mymemory.translated.net/get?q=speaking&langpair=en%7Cks
MyMemory error: 'your' attempt 1 429 Client Error: Too Many Requests for url: https://api.mymemory.translated.net/get?q=your&langpair=en%7Cks
MyMemory error: 'your' attempt 2 429 Client Error: Too Many Requests for url: https://api.mymemory.translated.net/get?q=your&langpair=en%7Cks
MyMemory error: 'your' attempt 3 429 Client Error: Too Many Requests for url: https://api.mymemory.translated.net/get?q=your&langpair=en%7Cks
MyMemory error: 'your' attempt 4 429 Client Error: Too Many Requests for url: https://api.mymemory.translated.net/get?q=your&langpair=en%7Cks
MyMemory error: 'your' attempt 5 429 Client Error: Too Many Requests for url: https://api.mymemory.translated.net/get?q=your&langpair=en%7Cks
MyMemory error: 'your' attempt 6 429 Client Error: Too Many Requests for url: https://api.mymemory.translated.net/get?q=your&langpair=en%7Cks
give up: 'your' 429 Client Error: Too Many Requests for url: https://api.mymemory.translated.net/get?q=your&langpair=en%7Cks
MyMemory error: 'his' attempt 1 429 Client Error: Too Many Requests for url: https://api.mymemory.translated.net/get?q=his&langpair=en%7Cks
MyMemory error: 'his' attempt 2 429 Client Error: Too Many Requests for url: https://api.mymemory.translated.net/get?q=his&langpair=en%7Cks
MyMemory error: 'his' attempt 3 429 Client Error: Too Many Requests for url: https://api.mymemory.translated.net/get?q=his&langpair=en%7Cks
MyMemory error: 'his' attempt 4 429 Client Error: Too Many Requests for url: https://api.mymemory.translated.net/get?q=his&langpair=en%7Cks
MyMemory error: 'his' attempt 5 429 Client Error: Too Many Requests for url: https://api.mymemory.translated.net/get?q=his&langpair=en%7Cks
MyMemory error: 'his' attempt 6 429 Client Error: Too Many Requests for url: https://api.mymemory.translated.net/get?q=his&langpair=en%7Cks
give up: 'his' 429 Client Error: Too Many Requests for url: https://api.mymemory.translated.net/get?q=his&langpair=en%7Cks
MyMemory error: "Ram's" attempt 1 429 Client Error: Too Many Requests for url: https://api.mymemory.translated.net/get?q=Ram%27s&langpair=en%7Cks
MyMemory error: "Ram's" attempt 2 429 Client Error: Too Many Requests for url: https://api.mymemory.translated.net/get?q=Ram%27s&langpair=en%7Cks
MyMemory error: "Ram's" attempt 3 429 Client Error: Too Many Requests for url: https://api.mymemory.translated.net/get?q=Ram%27s&langpair=en%7Cks
MyMemory error: "Ram's" attempt 4 429 Client Error: Too Many Requests for url: https://api.mymemory.translated.net/get?q=Ram%27s&langpair=en%7Cks
MyMemory error: "Ram's" attempt 5 429 Client Error: Too Many Requests for url: https://api.mymemory.translated.net/get?q=Ram%27s&langpair=en%7Cks
MyMemory error: "Ram's" attempt 6 429 Client Error: Too Many Requests for url: https://api.mymemory.translated.net/get?q=Ram%27s&langpair=en%7Cks
give up: "Ram's" 429 Client Error: Too Many Requests for url: https://api.mymemory.translated.net/get?q=Ram%27s&langpair=en%7Cks
MyMemory error: 'dance' attempt 1 429 Client Error: Too Many Requests for url: https://api.mymemory.translated.net/get?q=dance&langpair=en%7Cks
MyMemory error: 'dance' attempt 2 429 Client Error: Too Many Requests for url: https://api.mymemory.translated.net/get?q=dance&langpair=en%7Cks
MyMemory error: 'dance' attempt 3 429 Client Error: Too Many Requests for url: https://api.mymemory.translated.net/get?q=dance&langpair=en%7Cks
MyMemory error: 'dance' attempt 4 429 Client Error: Too Many Requests for url: https://api.mymemory.translated.net/get?q=dance&langpair=en%7Cks
MyMemory error: 'dance' attempt 5 429 Client Error: Too Many Requests for url: https://api.mymemory.translated.net/get?q=dance&langpair=en%7Cks
MyMemory error: 'dance' attempt 6 429 Client Error: Too Many Requests for url: https://api.mymemory.translated.net/get?q=dance&langpair=en%7Cks
give up: 'dance' 429 Client Error: Too Many Requests for url: https://api.mymemory.translated.net/get?q=dance&langpair=en%7Cks
MyMemory error: 'About speaking' attempt 1 429 Client Error: Too Many Requests for url: https://api.mymemory.translated.net/get?q=About+speaking&langpair=en%7Cks
MyMemory error: 'About speaking' attempt 2 429 Client Error: Too Many Requests for url: https://api.mymemory.translated.net/get?q=About+speaking&langpair=en%7Cks
MyMemory error: 'About speaking' attempt 3 429 Client Error: Too Many Requests for url: https://api.mymemory.translated.net/get?q=About+speaking&langpair=en%7Cks
MyMemory error: 'About speaking' attempt 4 429 Client Error: Too Many Requests for url: https://api.mymemory.translated.net/get?q=About+speaking&langpair=en%7Cks
MyMemory error: 'About speaking' attempt 5 429 Client Error: Too Many Requests for url: https://api.mymemory.translated.net/get?q=About+speaking&langpair=en%7Cks
MyMemory error: 'About speaking' attempt 6 429 Client Error: Too Many Requests for url: https://api.mymemory.translated.net/get?q=About+speaking&langpair=en%7Cks
give up: 'About speaking' 429 Client Error: Too Many Requests for url: https://api.mymemory.translated.net/get?q=About+speaking&langpair=en%7Cks
MyMemory error: 'For eating' attempt 1 429 Client Error: Too Many Requests for url: https://api.mymemory.translated.net/get?q=For+eating&langpair=en%7Cks
MyMemory error: 'For eating' attempt 2 429 Client Error: Too Many Requests for url: https://api.mymemory.translated.net/get?q=For+eating&langpair=en%7Cks
MyMemory error: 'For eating' attempt 3 429 Client Error: Too Many Requests for url: https://api.mymemory.translated.net/get?q=For+eating&langpair=en%7Cks
MyMemory error: 'For eating' attempt 4 429 Client Error: Too Many Requests for url: https://api.mymemory.translated.net/get?q=For+eating&langpair=en%7Cks
MyMemory error: 'For eating' attempt 5 429 Client Error: Too Many Requests for url: https://api.mymemory.translated.net/get?q=For+eating&langpair=en%7Cks
MyMemory error: 'For eating' attempt 6 429 Client Error: Too Many Requests for url: https://api.mymemory.translated.net/get?q=For+eating&langpair=en%7Cks
give up: 'For eating' 429 Client Error: Too Many Requests for url: https://api.mymemory.translated.net/get?q=For+eating&langpair=en%7Cks
MyMemory error: 'while speaking' attempt 1 429 Client Error: Too Many Requests for url: https://api.mymemory.translated.net/get?q=while+speaking&langpair=en%7Cks
MyMemory error: 'while speaking' attempt 2 429 Client Error: Too Many Requests for url: https://api.mymemory.translated.net/get?q=while+speaking&langpair=en%7Cks
MyMemory error: 'while speaking' attempt 3 429 Client Error: Too Many Requests for url: https://api.mymemory.translated.net/get?q=while+speaking&langpair=en%7Cks
MyMemory error: 'while speaking' attempt 4 429 Client Error: Too Many Requests for url: https://api.mymemory.translated.net/get?q=while+speaking&langpair=en%7Cks
MyMemory error: 'while speaking' attempt 5 429 Client Error: Too Many Requests for url: https://api.mymemory.translated.net/get?q=while+speaking&langpair=en%7Cks
MyMemory error: 'while speaking' attempt 6 429 Client Error: Too Many Requests for url: https://api.mymemory.translated.net/get?q=while+speaking&langpair=en%7Cks
give up: 'while speaking' 429 Client Error: Too Many Requests for url: https://api.mymemory.translated.net/get?q=while+speaking&langpair=en%7Cks
MyMemory error: 'while doing' attempt 1 429 Client Error: Too Many Requests for url: https://api.mymemory.translated.net/get?q=while+doing&langpair=en%7Cks
MyMemory error: 'while doing' attempt 2 429 Client Error: Too Many Requests for url: https://api.mymemory.translated.net/get?q=while+doing&langpair=en%7Cks
MyMemory error: 'while doing' attempt 3 429 Client Error: Too Many Requests for url: https://api.mymemory.translated.net/get?q=while+doing&langpair=en%7Cks
MyMemory error: 'while doing' attempt 4 429 Client Error: Too Many Requests for url: https://api.mymemory.translated.net/get?q=while+doing&langpair=en%7Cks
MyMemory error: 'while doing' attempt 5 429 Client Error: Too Many Requests for url: https://api.mymemory.translated.net/get?q=while+doing&langpair=en%7Cks
MyMemory error: 'while doing' attempt 6 429 Client Error: Too Many Requests for url: https://api.mymemory.translated.net/get?q=while+doing&langpair=en%7Cks
give up: 'while doing' 429 Client Error: Too Many Requests for url: https://api.mymemory.translated.net/get?q=while+doing&langpair=en%7Cks
MyMemory error: 'while dancing' attempt 1 429 Client Error: Too Many Requests for url: https://api.mymemory.translated.net/get?q=while+dancing&langpair=en%7Cks
MyMemory error: 'while dancing' attempt 2 429 Client Error: Too Many Requests for url: https://api.mymemory.translated.net/get?q=while+dancing&langpair=en%7Cks
MyMemory error: 'while dancing' attempt 3 429 Client Error: Too Many Requests for url: https://api.mymemory.translated.net/get?q=while+dancing&langpair=en%7Cks
MyMemory error: 'while dancing' attempt 4 429 Client Error: Too Many Requests for url: https://api.mymemory.translated.net/get?q=while+dancing&langpair=en%7Cks
MyMemory error: 'while dancing' attempt 5 429 Client Error: Too Many Requests for url: https://api.mymemory.translated.net/get?q=while+dancing&langpair=en%7Cks
MyMemory error: 'while dancing' attempt 6 429 Client Error: Too Many Requests for url: https://api.mymemory.translated.net/get?q=while+dancing&langpair=en%7Cks
give up: 'while dancing' 429 Client Error: Too Many Requests for url: https://api.mymemory.translated.net/get?q=while+dancing&langpair=en%7Cks
MyMemory error: 'to see' attempt 1 429 Client Error: Too Many Requests for url: https://api.mymemory.translated.net/get?q=to+see&langpair=en%7Cks
MyMemory error: 'to see' attempt 2 429 Client Error: Too Many Requests for url: https://api.mymemory.translated.net/get?q=to+see&langpair=en%7Cks
MyMemory error: 'to see' attempt 3 429 Client Error: Too Many Requests for url: https://api.mymemory.translated.net/get?q=to+see&langpair=en%7Cks
MyMemory error: 'to see' attempt 4 429 Client Error: Too Many Requests for url: https://api.mymemory.translated.net/get?q=to+see&langpair=en%7Cks
MyMemory error: 'to see' attempt 5 429 Client Error: Too Many Requests for url: https://api.mymemory.translated.net/get?q=to+see&langpair=en%7Cks
MyMemory error: 'to see' attempt 6 429 Client Error: Too Many Requests for url: https://api.mymemory.translated.net/get?q=to+see&langpair=en%7Cks
give up: 'to see' 429 Client Error: Too Many Requests for url: https://api.mymemory.translated.net/get?q=to+see&langpair=en%7Cks
MyMemory error: 'to do' attempt 1 429 Client Error: Too Many Requests for url: https://api.mymemory.translated.net/get?q=to+do&langpair=en%7Cks
MyMemory error: 'to do' attempt 2 429 Client Error: Too Many Requests for url: https://api.mymemory.translated.net/get?q=to+do&langpair=en%7Cks
MyMemory error: 'to do' attempt 3 429 Client Error: Too Many Requests for url: https://api.mymemory.translated.net/get?q=to+do&langpair=en%7Cks
MyMemory error: 'to do' attempt 4 429 Client Error: Too Many Requests for url: https://api.mymemory.translated.net/get?q=to+do&langpair=en%7Cks
MyMemory error: 'to do' attempt 5 429 Client Error: Too Many Requests for url: https://api.mymemory.translated.net/get?q=to+do&langpair=en%7Cks
MyMemory error: 'to do' attempt 6 429 Client Error: Too Many Requests for url: https://api.mymemory.translated.net/get?q=to+do&langpair=en%7Cks
give up: 'to do' 429 Client Error: Too Many Requests for url: https://api.mymemory.translated.net/get?q=to+do&langpair=en%7Cks
MyMemory error: 'to dance' attempt 1 429 Client Error: Too Many Requests for url: https://api.mymemory.translated.net/get?q=to+dance&langpair=en%7Cks
MyMemory error: 'to dance' attempt 2 429 Client Error: Too Many Requests for url: https://api.mymemory.translated.net/get?q=to+dance&langpair=en%7Cks
MyMemory error: 'to dance' attempt 3 429 Client Error: Too Many Requests for url: https://api.mymemory.translated.net/get?q=to+dance&langpair=en%7Cks
MyMemory error: 'to dance' attempt 4 429 Client Error: Too Many Requests for url: https://api.mymemory.translated.net/get?q=to+dance&langpair=en%7Cks
MyMemory error: 'to dance' attempt 5 429 Client Error: Too Many Requests for url: https://api.mymemory.translated.net/get?q=to+dance&langpair=en%7Cks
MyMemory error: 'to dance' attempt 6 429 Client Error: Too Many Requests for url: https://api.mymemory.translated.net/get?q=to+dance&langpair=en%7Cks
give up: 'to dance' 429 Client Error: Too Many Requests for url: https://api.mymemory.translated.net/get?q=to+dance&langpair=en%7Cks
MyMemory error: 'Black horse' attempt 1 429 Client Error: Too Many Requests for url: https://api.mymemory.translated.net/get?q=Black+horse&langpair=en%7Cks
MyMemory error: 'Black horse' attempt 2 429 Client Error: Too Many Requests for url: https://api.mymemory.translated.net/get?q=Black+horse&langpair=en%7Cks
MyMemory error: 'Black horse' attempt 3 429 Client Error: Too Many Requests for url: https://api.mymemory.translated.net/get?q=Black+horse&langpair=en%7Cks
MyMemory error: 'Black horse' attempt 4 429 Client Error: Too Many Requests for url: https://api.mymemory.translated.net/get?q=Black+horse&langpair=en%7Cks
MyMemory error: 'Black horse' attempt 5 429 Client Error: Too Many Requests for url: https://api.mymemory.translated.net/get?q=Black+horse&langpair=en%7Cks
MyMemory error: 'Black horse' attempt 6 429 Client Error: Too Many Requests for url: https://api.mymemory.translated.net/get?q=Black+horse&langpair=en%7Cks
give up: 'Black horse' 429 Client Error: Too Many Requests for url: https://api.mymemory.translated.net/get?q=Black+horse&langpair=en%7Cks
MyMemory error: 'Black chair' attempt 1 429 Client Error: Too Many Requests for url: https://api.mymemory.translated.net/get?q=Black+chair&langpair=en%7Cks
MyMemory error: 'Black chair' attempt 2 429 Client Error: Too Many Requests for url: https://api.mymemory.translated.net/get?q=Black+chair&langpair=en%7Cks
MyMemory error: 'Black chair' attempt 3 429 Client Error: Too Many Requests for url: https://api.mymemory.translated.net/get?q=Black+chair&langpair=en%7Cks
MyMemory error: 'Black chair' attempt 4 429 Client Error: Too Many Requests for url: https://api.mymemory.translated.net/get?q=Black+chair&langpair=en%7Cks
MyMemory error: 'Black chair' attempt 5 429 Client Error: Too Many Requests for url: https://api.mymemory.translated.net/get?q=Black+chair&langpair=en%7Cks
MyMemory error: 'Black chair' attempt 6 429 Client Error: Too Many Requests for url: https://api.mymemory.translated.net/get?q=Black+chair&langpair=en%7Cks
give up: 'Black chair' 429 Client Error: Too Many Requests for url: https://api.mymemory.translated.net/get?q=Black+chair&langpair=en%7Cks
MyMemory error: 'Black page' attempt 1 429 Client Error: Too Many Requests for url: https://api.mymemory.translated.net/get?q=Black+page&langpair=en%7Cks
MyMemory error: 'Black page' attempt 2 429 Client Error: Too Many Requests for url: https://api.mymemory.translated.net/get?q=Black+page&langpair=en%7Cks
MyMemory error: 'Black page' attempt 3 429 Client Error: Too Many Requests for url: https://api.mymemory.translated.net/get?q=Black+page&langpair=en%7Cks
MyMemory error: 'Black page' attempt 4 429 Client Error: Too Many Requests for url: https://api.mymemory.translated.net/get?q=Black+page&langpair=en%7Cks
MyMemory error: 'Black page' attempt 5 429 Client Error: Too Many Requests for url: https://api.mymemory.translated.net/get?q=Black+page&langpair=en%7Cks
MyMemory error: 'Black page' attempt 6 429 Client Error: Too Many Requests for url: https://api.mymemory.translated.net/get?q=Black+page&langpair=en%7Cks
give up: 'Black page' 429 Client Error: Too Many Requests for url: https://api.mymemory.translated.net/get?q=Black+page&langpair=en%7Cks
MyMemory error: 'Black horses' attempt 1 429 Client Error: Too Many Requests for url: https://api.mymemory.translated.net/get?q=Black+horses&langpair=en%7Cks
MyMemory error: 'Black horses' attempt 2 429 Client Error: Too Many Requests for url: https://api.mymemory.translated.net/get?q=Black+horses&langpair=en%7Cks
MyMemory error: 'Black horses' attempt 3 429 Client Error: Too Many Requests for url: https://api.mymemory.translated.net/get?q=Black+horses&langpair=en%7Cks
MyMemory error: 'Black horses' attempt 4 429 Client Error: Too Many Requests for url: https://api.mymemory.translated.net/get?q=Black+horses&langpair=en%7Cks
MyMemory error: 'Black horses' attempt 5 429 Client Error: Too Many Requests for url: https://api.mymemory.translated.net/get?q=Black+horses&langpair=en%7Cks
MyMemory error: 'Black horses' attempt 6 429 Client Error: Too Many Requests for url: https://api.mymemory.translated.net/get?q=Black+horses&langpair=en%7Cks
give up: 'Black horses' 429 Client Error: Too Many Requests for url: https://api.mymemory.translated.net/get?q=Black+horses&langpair=en%7Cks
MyMemory error: 'Black chairs' attempt 1 429 Client Error: Too Many Requests for url: https://api.mymemory.translated.net/get?q=Black+chairs&langpair=en%7Cks
MyMemory error: 'Black chairs' attempt 2 429 Client Error: Too Many Requests for url: https://api.mymemory.translated.net/get?q=Black+chairs&langpair=en%7Cks
MyMemory error: 'Black chairs' attempt 3 429 Client Error: Too Many Requests for url: https://api.mymemory.translated.net/get?q=Black+chairs&langpair=en%7Cks
MyMemory error: 'Black chairs' attempt 4 429 Client Error: Too Many Requests for url: https://api.mymemory.translated.net/get?q=Black+chairs&langpair=en%7Cks
MyMemory error: 'Black chairs' attempt 5 429 Client Error: Too Many Requests for url: https://api.mymemory.translated.net/get?q=Black+chairs&langpair=en%7Cks
MyMemory error: 'Black chairs' attempt 6 429 Client Error: Too Many Requests for url: https://api.mymemory.translated.net/get?q=Black+chairs&langpair=en%7Cks
give up: 'Black chairs' 429 Client Error: Too Many Requests for url: https://api.mymemory.translated.net/get?q=Black+chairs&langpair=en%7Cks
MyMemory error: 'Black pages' attempt 1 429 Client Error: Too Many Requests for url: https://api.mymemory.translated.net/get?q=Black+pages&langpair=en%7Cks
MyMemory error: 'Black pages' attempt 2 429 Client Error: Too Many Requests for url: https://api.mymemory.translated.net/get?q=Black+pages&langpair=en%7Cks
MyMemory error: 'Black pages' attempt 3 429 Client Error: Too Many Requests for url: https://api.mymemory.translated.net/get?q=Black+pages&langpair=en%7Cks
MyMemory error: 'Black pages' attempt 4 429 Client Error: Too Many Requests for url: https://api.mymemory.translated.net/get?q=Black+pages&langpair=en%7Cks
MyMemory error: 'Black pages' attempt 5 429 Client Error: Too Many Requests for url: https://api.mymemory.translated.net/get?q=Black+pages&langpair=en%7Cks
MyMemory error: 'Black pages' attempt 6 429 Client Error: Too Many Requests for url: https://api.mymemory.translated.net/get?q=Black+pages&langpair=en%7Cks
give up: 'Black pages' 429 Client Error: Too Many Requests for url: https://api.mymemory.translated.net/get?q=Black+pages&langpair=en%7Cks
…cached 2200 strings
MyMemory error: 'Good horse' attempt 1 429 Client Error: Too Many Requests for url: https://api.mymemory.translated.net/get?q=Good+horse&langpair=en%7Cks
MyMemory error: 'Good horse' attempt 2 429 Client Error: Too Many Requests for url: https://api.mymemory.translated.net/get?q=Good+horse&langpair=en%7Cks
MyMemory error: 'Good horse' attempt 3 429 Client Error: Too Many Requests for url: https://api.mymemory.translated.net/get?q=Good+horse&langpair=en%7Cks
MyMemory error: 'Good horse' attempt 4 429 Client Error: Too Many Requests for url: https://api.mymemory.translated.net/get?q=Good+horse&langpair=en%7Cks
MyMemory error: 'Good horse' attempt 5 429 Client Error: Too Many Requests for url: https://api.mymemory.translated.net/get?q=Good+horse&langpair=en%7Cks
MyMemory error: 'Good horse' attempt 6 429 Client Error: Too Many Requests for url: https://api.mymemory.translated.net/get?q=Good+horse&langpair=en%7Cks
give up: 'Good horse' 429 Client Error: Too Many Requests for url: https://api.mymemory.translated.net/get?q=Good+horse&langpair=en%7Cks
MyMemory error: 'Good chair' attempt 1 429 Client Error: Too Many Requests for url: https://api.mymemory.translated.net/get?q=Good+chair&langpair=en%7Cks
MyMemory error: 'Good chair' attempt 2 429 Client Error: Too Many Requests for url: https://api.mymemory.translated.net/get?q=Good+chair&langpair=en%7Cks
MyMemory error: 'Good chair' attempt 3 429 Client Error: Too Many Requests for url: https://api.mymemory.translated.net/get?q=Good+chair&langpair=en%7Cks
MyMemory error: 'Good chair' attempt 4 429 Client Error: Too Many Requests for url: https://api.mymemory.translated.net/get?q=Good+chair&langpair=en%7Cks
MyMemory error: 'Good chair' attempt 5 429 Client Error: Too Many Requests for url: https://api.mymemory.translated.net/get?q=Good+chair&langpair=en%7Cks
MyMemory error: 'Good chair' attempt 6 429 Client Error: Too Many Requests for url: https://api.mymemory.translated.net/get?q=Good+chair&langpair=en%7Cks
give up: 'Good chair' 429 Client Error: Too Many Requests for url: https://api.mymemory.translated.net/get?q=Good+chair&langpair=en%7Cks
MyMemory error: 'Easy exam' attempt 1 429 Client Error: Too Many Requests for url: https://api.mymemory.translated.net/get?q=Easy+exam&langpair=en%7Cks
MyMemory error: 'Easy exam' attempt 2 429 Client Error: Too Many Requests for url: https://api.mymemory.translated.net/get?q=Easy+exam&langpair=en%7Cks
MyMemory error: 'Easy exam' attempt 3 429 Client Error: Too Many Requests for url: https://api.mymemory.translated.net/get?q=Easy+exam&langpair=en%7Cks
MyMemory error: 'Easy exam' attempt 4 429 Client Error: Too Many Requests for url: https://api.mymemory.translated.net/get?q=Easy+exam&langpair=en%7Cks
MyMemory error: 'Easy exam' attempt 5 429 Client Error: Too Many Requests for url: https://api.mymemory.translated.net/get?q=Easy+exam&langpair=en%7Cks
MyMemory error: 'Easy exam' attempt 6 429 Client Error: Too Many Requests for url: https://api.mymemory.translated.net/get?q=Easy+exam&langpair=en%7Cks
give up: 'Easy exam' 429 Client Error: Too Many Requests for url: https://api.mymemory.translated.net/get?q=Easy+exam&langpair=en%7Cks
MyMemory error: 'Red horse' attempt 1 429 Client Error: Too Many Requests for url: https://api.mymemory.translated.net/get?q=Red+horse&langpair=en%7Cks
MyMemory error: 'Red horse' attempt 2 429 Client Error: Too Many Requests for url: https://api.mymemory.translated.net/get?q=Red+horse&langpair=en%7Cks
MyMemory error: 'Red horse' attempt 3 429 Client Error: Too Many Requests for url: https://api.mymemory.translated.net/get?q=Red+horse&langpair=en%7Cks
MyMemory error: 'Red horse' attempt 4 429 Client Error: Too Many Requests for url: https://api.mymemory.translated.net/get?q=Red+horse&langpair=en%7Cks
MyMemory error: 'Red horse' attempt 5 429 Client Error: Too Many Requests for url: https://api.mymemory.translated.net/get?q=Red+horse&langpair=en%7Cks
MyMemory error: 'Red horse' attempt 6 429 Client Error: Too Many Requests for url: https://api.mymemory.translated.net/get?q=Red+horse&langpair=en%7Cks
give up: 'Red horse' 429 Client Error: Too Many Requests for url: https://api.mymemory.translated.net/get?q=Red+horse&langpair=en%7Cks
MyMemory error: 'Beautiful drawing' attempt 1 429 Client Error: Too Many Requests for url: https://api.mymemory.translated.net/get?q=Beautiful+drawing&langpair=en%7Cks
MyMemory error: 'Beautiful drawing' attempt 2 429 Client Error: Too Many Requests for url: https://api.mymemory.translated.net/get?q=Beautiful+drawing&langpair=en%7Cks
MyMemory error: 'Beautiful drawing' attempt 3 429 Client Error: Too Many Requests for url: https://api.mymemory.translated.net/get?q=Beautiful+drawing&langpair=en%7Cks
MyMemory error: 'Beautiful drawing' attempt 4 429 Client Error: Too Many Requests for url: https://api.mymemory.translated.net/get?q=Beautiful+drawing&langpair=en%7Cks
MyMemory error: 'Beautiful drawing' attempt 5 429 Client Error: Too Many Requests for url: https://api.mymemory.translated.net/get?q=Beautiful+drawing&langpair=en%7Cks
MyMemory error: 'Beautiful drawing' attempt 6 429 Client Error: Too Many Requests for url: https://api.mymemory.translated.net/get?q=Beautiful+drawing&langpair=en%7Cks
give up: 'Beautiful drawing' 429 Client Error: Too Many Requests for url: https://api.mymemory.translated.net/get?q=Beautiful+drawing&langpair=en%7Cks
MyMemory error: 'Talking boy' attempt 1 429 Client Error: Too Many Requests for url: https://api.mymemory.translated.net/get?q=Talking+boy&langpair=en%7Cks
MyMemory error: 'Talking boy' attempt 2 429 Client Error: Too Many Requests for url: https://api.mymemory.translated.net/get?q=Talking+boy&langpair=en%7Cks
MyMemory error: 'Talking boy' attempt 3 429 Client Error: Too Many Requests for url: https://api.mymemory.translated.net/get?q=Talking+boy&langpair=en%7Cks
MyMemory error: 'Talking boy' attempt 4 429 Client Error: Too Many Requests for url: https://api.mymemory.translated.net/get?q=Talking+boy&langpair=en%7Cks
MyMemory error: 'Talking boy' attempt 5 429 Client Error: Too Many Requests for url: https://api.mymemory.translated.net/get?q=Talking+boy&langpair=en%7Cks
MyMemory error: 'Talking boy' attempt 6 429 Client Error: Too Many Requests for url: https://api.mymemory.translated.net/get?q=Talking+boy&langpair=en%7Cks
give up: 'Talking boy' 429 Client Error: Too Many Requests for url: https://api.mymemory.translated.net/get?q=Talking+boy&langpair=en%7Cks
MyMemory error: 'Rotating fan' attempt 1 429 Client Error: Too Many Requests for url: https://api.mymemory.translated.net/get?q=Rotating+fan&langpair=en%7Cks
MyMemory error: 'Rotating fan' attempt 2 429 Client Error: Too Many Requests for url: https://api.mymemory.translated.net/get?q=Rotating+fan&langpair=en%7Cks
MyMemory error: 'Rotating fan' attempt 3 429 Client Error: Too Many Requests for url: https://api.mymemory.translated.net/get?q=Rotating+fan&langpair=en%7Cks
MyMemory error: 'Rotating fan' attempt 4 429 Client Error: Too Many Requests for url: https://api.mymemory.translated.net/get?q=Rotating+fan&langpair=en%7Cks
MyMemory error: 'Rotating fan' attempt 5 429 Client Error: Too Many Requests for url: https://api.mymemory.translated.net/get?q=Rotating+fan&langpair=en%7Cks
MyMemory error: 'Rotating fan' attempt 6 429 Client Error: Too Many Requests for url: https://api.mymemory.translated.net/get?q=Rotating+fan&langpair=en%7Cks
give up: 'Rotating fan' 429 Client Error: Too Many Requests for url: https://api.mymemory.translated.net/get?q=Rotating+fan&langpair=en%7Cks
MyMemory error: 'Talking girl' attempt 1 429 Client Error: Too Many Requests for url: https://api.mymemory.translated.net/get?q=Talking+girl&langpair=en%7Cks
MyMemory error: 'Talking girl' attempt 2 429 Client Error: Too Many Requests for url: https://api.mymemory.translated.net/get?q=Talking+girl&langpair=en%7Cks
MyMemory error: 'Talking girl' attempt 3 429 Client Error: Too Many Requests for url: https://api.mymemory.translated.net/get?q=Talking+girl&langpair=en%7Cks
MyMemory error: 'Talking girl' attempt 4 429 Client Error: Too Many Requests for url: https://api.mymemory.translated.net/get?q=Talking+girl&langpair=en%7Cks
MyMemory error: 'Talking girl' attempt 5 429 Client Error: Too Many Requests for url: https://api.mymemory.translated.net/get?q=Talking+girl&langpair=en%7Cks
MyMemory error: 'Talking girl' attempt 6 429 Client Error: Too Many Requests for url: https://api.mymemory.translated.net/get?q=Talking+girl&langpair=en%7Cks
give up: 'Talking girl' 429 Client Error: Too Many Requests for url: https://api.mymemory.translated.net/get?q=Talking+girl&langpair=en%7Cks
MyMemory error: 'Moving chair' attempt 1 429 Client Error: Too Many Requests for url: https://api.mymemory.translated.net/get?q=Moving+chair&langpair=en%7Cks
MyMemory error: 'Moving chair' attempt 2 429 Client Error: Too Many Requests for url: https://api.mymemory.translated.net/get?q=Moving+chair&langpair=en%7Cks
MyMemory error: 'Moving chair' attempt 3 429 Client Error: Too Many Requests for url: https://api.mymemory.translated.net/get?q=Moving+chair&langpair=en%7Cks
MyMemory error: 'Moving chair' attempt 4 429 Client Error: Too Many Requests for url: https://api.mymemory.translated.net/get?q=Moving+chair&langpair=en%7Cks
MyMemory error: 'Moving chair' attempt 5 429 Client Error: Too Many Requests for url: https://api.mymemory.translated.net/get?q=Moving+chair&langpair=en%7Cks
MyMemory error: 'Moving chair' attempt 6 429 Client Error: Too Many Requests for url: https://api.mymemory.translated.net/get?q=Moving+chair&langpair=en%7Cks
give up: 'Moving chair' 429 Client Error: Too Many Requests for url: https://api.mymemory.translated.net/get?q=Moving+chair&langpair=en%7Cks
MyMemory error: 'Flying saucer' attempt 1 429 Client Error: Too Many Requests for url: https://api.mymemory.translated.net/get?q=Flying+saucer&langpair=en%7Cks
MyMemory error: 'Flying saucer' attempt 2 429 Client Error: Too Many Requests for url: https://api.mymemory.translated.net/get?q=Flying+saucer&langpair=en%7Cks
MyMemory error: 'Flying saucer' attempt 3 429 Client Error: Too Many Requests for url: https://api.mymemory.translated.net/get?q=Flying+saucer&langpair=en%7Cks
MyMemory error: 'Flying saucer' attempt 4 429 Client Error: Too Many Requests for url: https://api.mymemory.translated.net/get?q=Flying+saucer&langpair=en%7Cks
MyMemory error: 'Flying saucer' attempt 5 429 Client Error: Too Many Requests for url: https://api.mymemory.translated.net/get?q=Flying+saucer&langpair=en%7Cks
MyMemory error: 'Flying saucer' attempt 6 429 Client Error: Too Many Requests for url: https://api.mymemory.translated.net/get?q=Flying+saucer&langpair=en%7Cks
give up: 'Flying saucer' 429 Client Error: Too Many Requests for url: https://api.mymemory.translated.net/get?q=Flying+saucer&langpair=en%7Cks
MyMemory error: 'Talking book' attempt 1 429 Client Error: Too Many Requests for url: https://api.mymemory.translated.net/get?q=Talking+book&langpair=en%7Cks
MyMemory error: 'Talking book' attempt 2 429 Client Error: Too Many Requests for url: https://api.mymemory.translated.net/get?q=Talking+book&langpair=en%7Cks
MyMemory error: 'Talking book' attempt 3 429 Client Error: Too Many Requests for url: https://api.mymemory.translated.net/get?q=Talking+book&langpair=en%7Cks
MyMemory error: 'Talking book' attempt 4 429 Client Error: Too Many Requests for url: https://api.mymemory.translated.net/get?q=Talking+book&langpair=en%7Cks
MyMemory error: 'Talking book' attempt 5 429 Client Error: Too Many Requests for url: https://api.mymemory.translated.net/get?q=Talking+book&langpair=en%7Cks
MyMemory error: 'Talking book' attempt 6 429 Client Error: Too Many Requests for url: https://api.mymemory.translated.net/get?q=Talking+book&langpair=en%7Cks
give up: 'Talking book' 429 Client Error: Too Many Requests for url: https://api.mymemory.translated.net/get?q=Talking+book&langpair=en%7Cks
MyMemory error: 'Moving tree' attempt 1 429 Client Error: Too Many Requests for url: https://api.mymemory.translated.net/get?q=Moving+tree&langpair=en%7Cks
MyMemory error: 'Moving tree' attempt 2 429 Client Error: Too Many Requests for url: https://api.mymemory.translated.net/get?q=Moving+tree&langpair=en%7Cks
MyMemory error: 'Moving tree' attempt 3 429 Client Error: Too Many Requests for url: https://api.mymemory.translated.net/get?q=Moving+tree&langpair=en%7Cks
MyMemory error: 'Moving tree' attempt 4 429 Client Error: Too Many Requests for url: https://api.mymemory.translated.net/get?q=Moving+tree&langpair=en%7Cks
MyMemory error: 'Moving tree' attempt 5 429 Client Error: Too Many Requests for url: https://api.mymemory.translated.net/get?q=Moving+tree&langpair=en%7Cks
MyMemory error: 'Moving tree' attempt 6 429 Client Error: Too Many Requests for url: https://api.mymemory.translated.net/get?q=Moving+tree&langpair=en%7Cks
give up: 'Moving tree' 429 Client Error: Too Many Requests for url: https://api.mymemory.translated.net/get?q=Moving+tree&langpair=en%7Cks
MyMemory error: 'Talked boy' attempt 1 429 Client Error: Too Many Requests for url: https://api.mymemory.translated.net/get?q=Talked+boy&langpair=en%7Cks
MyMemory error: 'Talked boy' attempt 2 429 Client Error: Too Many Requests for url: https://api.mymemory.translated.net/get?q=Talked+boy&langpair=en%7Cks
MyMemory error: 'Talked boy' attempt 3 429 Client Error: Too Many Requests for url: https://api.mymemory.translated.net/get?q=Talked+boy&langpair=en%7Cks
MyMemory error: 'Talked boy' attempt 4 429 Client Error: Too Many Requests for url: https://api.mymemory.translated.net/get?q=Talked+boy&langpair=en%7Cks
MyMemory error: 'Talked boy' attempt 5 429 Client Error: Too Many Requests for url: https://api.mymemory.translated.net/get?q=Talked+boy&langpair=en%7Cks
MyMemory error: 'Talked boy' attempt 6 429 Client Error: Too Many Requests for url: https://api.mymemory.translated.net/get?q=Talked+boy&langpair=en%7Cks
give up: 'Talked boy' 429 Client Error: Too Many Requests for url: https://api.mymemory.translated.net/get?q=Talked+boy&langpair=en%7Cks
MyMemory error: 'Rotated fan' attempt 1 429 Client Error: Too Many Requests for url: https://api.mymemory.translated.net/get?q=Rotated+fan&langpair=en%7Cks
MyMemory error: 'Rotated fan' attempt 2 429 Client Error: Too Many Requests for url: https://api.mymemory.translated.net/get?q=Rotated+fan&langpair=en%7Cks
MyMemory error: 'Rotated fan' attempt 3 429 Client Error: Too Many Requests for url: https://api.mymemory.translated.net/get?q=Rotated+fan&langpair=en%7Cks
MyMemory error: 'Rotated fan' attempt 4 429 Client Error: Too Many Requests for url: https://api.mymemory.translated.net/get?q=Rotated+fan&langpair=en%7Cks
MyMemory error: 'Rotated fan' attempt 5 429 Client Error: Too Many Requests for url: https://api.mymemory.translated.net/get?q=Rotated+fan&langpair=en%7Cks
MyMemory error: 'Rotated fan' attempt 6 429 Client Error: Too Many Requests for url: https://api.mymemory.translated.net/get?q=Rotated+fan&langpair=en%7Cks
give up: 'Rotated fan' 429 Client Error: Too Many Requests for url: https://api.mymemory.translated.net/get?q=Rotated+fan&langpair=en%7Cks
MyMemory error: 'Talked girl' attempt 1 429 Client Error: Too Many Requests for url: https://api.mymemory.translated.net/get?q=Talked+girl&langpair=en%7Cks
MyMemory error: 'Talked girl' attempt 2 429 Client Error: Too Many Requests for url: https://api.mymemory.translated.net/get?q=Talked+girl&langpair=en%7Cks
MyMemory error: 'Talked girl' attempt 3 429 Client Error: Too Many Requests for url: https://api.mymemory.translated.net/get?q=Talked+girl&langpair=en%7Cks
MyMemory error: 'Talked girl' attempt 4 429 Client Error: Too Many Requests for url: https://api.mymemory.translated.net/get?q=Talked+girl&langpair=en%7Cks
MyMemory error: 'Talked girl' attempt 5 429 Client Error: Too Many Requests for url: https://api.mymemory.translated.net/get?q=Talked+girl&langpair=en%7Cks
MyMemory error: 'Talked girl' attempt 6 429 Client Error: Too Many Requests for url: https://api.mymemory.translated.net/get?q=Talked+girl&langpair=en%7Cks
give up: 'Talked girl' 429 Client Error: Too Many Requests for url: https://api.mymemory.translated.net/get?q=Talked+girl&langpair=en%7Cks
MyMemory error: 'Moved chair' attempt 1 429 Client Error: Too Many Requests for url: https://api.mymemory.translated.net/get?q=Moved+chair&langpair=en%7Cks
MyMemory error: 'Moved chair' attempt 2 429 Client Error: Too Many Requests for url: https://api.mymemory.translated.net/get?q=Moved+chair&langpair=en%7Cks
MyMemory error: 'Moved chair' attempt 3 429 Client Error: Too Many Requests for url: https://api.mymemory.translated.net/get?q=Moved+chair&langpair=en%7Cks
MyMemory error: 'Moved chair' attempt 4 429 Client Error: Too Many Requests for url: https://api.mymemory.translated.net/get?q=Moved+chair&langpair=en%7Cks
MyMemory error: 'Moved chair' attempt 5 429 Client Error: Too Many Requests for url: https://api.mymemory.translated.net/get?q=Moved+chair&langpair=en%7Cks
MyMemory error: 'Moved chair' attempt 6 429 Client Error: Too Many Requests for url: https://api.mymemory.translated.net/get?q=Moved+chair&langpair=en%7Cks
give up: 'Moved chair' 429 Client Error: Too Many Requests for url: https://api.mymemory.translated.net/get?q=Moved+chair&langpair=en%7Cks
MyMemory error: 'Flown saucer' attempt 1 429 Client Error: Too Many Requests for url: https://api.mymemory.translated.net/get?q=Flown+saucer&langpair=en%7Cks
MyMemory error: 'Flown saucer' attempt 2 429 Client Error: Too Many Requests for url: https://api.mymemory.translated.net/get?q=Flown+saucer&langpair=en%7Cks
MyMemory error: 'Flown saucer' attempt 3 429 Client Error: Too Many Requests for url: https://api.mymemory.translated.net/get?q=Flown+saucer&langpair=en%7Cks
MyMemory error: 'Flown saucer' attempt 4 429 Client Error: Too Many Requests for url: https://api.mymemory.translated.net/get?q=Flown+saucer&langpair=en%7Cks
MyMemory error: 'Flown saucer' attempt 5 429 Client Error: Too Many Requests for url: https://api.mymemory.translated.net/get?q=Flown+saucer&langpair=en%7Cks
MyMemory error: 'Flown saucer' attempt 6 429 Client Error: Too Many Requests for url: https://api.mymemory.translated.net/get?q=Flown+saucer&langpair=en%7Cks
give up: 'Flown saucer' 429 Client Error: Too Many Requests for url: https://api.mymemory.translated.net/get?q=Flown+saucer&langpair=en%7Cks
MyMemory error: 'Talked book' attempt 1 429 Client Error: Too Many Requests for url: https://api.mymemory.translated.net/get?q=Talked+book&langpair=en%7Cks
MyMemory error: 'Talked book' attempt 2 429 Client Error: Too Many Requests for url: https://api.mymemory.translated.net/get?q=Talked+book&langpair=en%7Cks
MyMemory error: 'Talked book' attempt 3 429 Client Error: Too Many Requests for url: https://api.mymemory.translated.net/get?q=Talked+book&langpair=en%7Cks
MyMemory error: 'Talked book' attempt 4 429 Client Error: Too Many Requests for url: https://api.mymemory.translated.net/get?q=Talked+book&langpair=en%7Cks
MyMemory error: 'Talked book' attempt 5 429 Client Error: Too Many Requests for url: https://api.mymemory.translated.net/get?q=Talked+book&langpair=en%7Cks
MyMemory error: 'Talked book' attempt 6 429 Client Error: Too Many Requests for url: https://api.mymemory.translated.net/get?q=Talked+book&langpair=en%7Cks
give up: 'Talked book' 429 Client Error: Too Many Requests for url: https://api.mymemory.translated.net/get?q=Talked+book&langpair=en%7Cks
MyMemory error: 'Moved tree' attempt 1 429 Client Error: Too Many Requests for url: https://api.mymemory.translated.net/get?q=Moved+tree&langpair=en%7Cks
MyMemory error: 'Moved tree' attempt 2 429 Client Error: Too Many Requests for url: https://api.mymemory.translated.net/get?q=Moved+tree&langpair=en%7Cks
MyMemory error: 'Moved tree' attempt 3 429 Client Error: Too Many Requests for url: https://api.mymemory.translated.net/get?q=Moved+tree&langpair=en%7Cks
MyMemory error: 'Moved tree' attempt 4 429 Client Error: Too Many Requests for url: https://api.mymemory.translated.net/get?q=Moved+tree&langpair=en%7Cks
MyMemory error: 'Moved tree' attempt 5 429 Client Error: Too Many Requests for url: https://api.mymemory.translated.net/get?q=Moved+tree&langpair=en%7Cks
MyMemory error: 'Moved tree' attempt 6 429 Client Error: Too Many Requests for url: https://api.mymemory.translated.net/get?q=Moved+tree&langpair=en%7Cks
give up: 'Moved tree' 429 Client Error: Too Many Requests for url: https://api.mymemory.translated.net/get?q=Moved+tree&langpair=en%7Cks
MyMemory error: 'What happened?' attempt 1 429 Client Error: Too Many Requests for url: https://api.mymemory.translated.net/get?q=What+happened%3F&langpair=en%7Cks
MyMemory error: 'What happened?' attempt 2 429 Client Error: Too Many Requests for url: https://api.mymemory.translated.net/get?q=What+happened%3F&langpair=en%7Cks
MyMemory error: 'What happened?' attempt 3 429 Client Error: Too Many Requests for url: https://api.mymemory.translated.net/get?q=What+happened%3F&langpair=en%7Cks
MyMemory error: 'What happened?' attempt 4 429 Client Error: Too Many Requests for url: https://api.mymemory.translated.net/get?q=What+happened%3F&langpair=en%7Cks
MyMemory error: 'What happened?' attempt 5 429 Client Error: Too Many Requests for url: https://api.mymemory.translated.net/get?q=What+happened%3F&langpair=en%7Cks
MyMemory error: 'What happened?' attempt 6 429 Client Error: Too Many Requests for url: https://api.mymemory.translated.net/get?q=What+happened%3F&langpair=en%7Cks
give up: 'What happened?' 429 Client Error: Too Many Requests for url: https://api.mymemory.translated.net/get?q=What+happened%3F&langpair=en%7Cks
MyMemory error: 'More bitter' attempt 1 429 Client Error: Too Many Requests for url: https://api.mymemory.translated.net/get?q=More+bitter&langpair=en%7Cks
MyMemory error: 'More bitter' attempt 2 429 Client Error: Too Many Requests for url: https://api.mymemory.translated.net/get?q=More+bitter&langpair=en%7Cks
MyMemory error: 'More bitter' attempt 3 429 Client Error: Too Many Requests for url: https://api.mymemory.translated.net/get?q=More+bitter&langpair=en%7Cks
MyMemory error: 'More bitter' attempt 4 429 Client Error: Too Many Requests for url: https://api.mymemory.translated.net/get?q=More+bitter&langpair=en%7Cks
MyMemory error: 'More bitter' attempt 5 429 Client Error: Too Many Requests for url: https://api.mymemory.translated.net/get?q=More+bitter&langpair=en%7Cks
MyMemory error: 'More bitter' attempt 6 429 Client Error: Too Many Requests for url: https://api.mymemory.translated.net/get?q=More+bitter&langpair=en%7Cks
give up: 'More bitter' 429 Client Error: Too Many Requests for url: https://api.mymemory.translated.net/get?q=More+bitter&langpair=en%7Cks
MyMemory error: 'Most bitter' attempt 1 429 Client Error: Too Many Requests for url: https://api.mymemory.translated.net/get?q=Most+bitter&langpair=en%7Cks
MyMemory error: 'Most bitter' attempt 2 429 Client Error: Too Many Requests for url: https://api.mymemory.translated.net/get?q=Most+bitter&langpair=en%7Cks
MyMemory error: 'Most bitter' attempt 3 429 Client Error: Too Many Requests for url: https://api.mymemory.translated.net/get?q=Most+bitter&langpair=en%7Cks
MyMemory error: 'Most bitter' attempt 4 429 Client Error: Too Many Requests for url: https://api.mymemory.translated.net/get?q=Most+bitter&langpair=en%7Cks
MyMemory error: 'Most bitter' attempt 5 429 Client Error: Too Many Requests for url: https://api.mymemory.translated.net/get?q=Most+bitter&langpair=en%7Cks
MyMemory error: 'Most bitter' attempt 6 429 Client Error: Too Many Requests for url: https://api.mymemory.translated.net/get?q=Most+bitter&langpair=en%7Cks
give up: 'Most bitter' 429 Client Error: Too Many Requests for url: https://api.mymemory.translated.net/get?q=Most+bitter&langpair=en%7Cks
MyMemory error: 'Tall' attempt 1 429 Client Error: Too Many Requests for url: https://api.mymemory.translated.net/get?q=Tall&langpair=en%7Cks
MyMemory error: 'Tall' attempt 2 429 Client Error: Too Many Requests for url: https://api.mymemory.translated.net/get?q=Tall&langpair=en%7Cks
MyMemory error: 'Tall' attempt 3 429 Client Error: Too Many Requests for url: https://api.mymemory.translated.net/get?q=Tall&langpair=en%7Cks
MyMemory error: 'Tall' attempt 4 429 Client Error: Too Many Requests for url: https://api.mymemory.translated.net/get?q=Tall&langpair=en%7Cks
MyMemory error: 'Tall' attempt 5 429 Client Error: Too Many Requests for url: https://api.mymemory.translated.net/get?q=Tall&langpair=en%7Cks
MyMemory error: 'Tall' attempt 6 429 Client Error: Too Many Requests for url: https://api.mymemory.translated.net/get?q=Tall&langpair=en%7Cks
give up: 'Tall' 429 Client Error: Too Many Requests for url: https://api.mymemory.translated.net/get?q=Tall&langpair=en%7Cks
MyMemory error: 'Taller' attempt 1 429 Client Error: Too Many Requests for url: https://api.mymemory.translated.net/get?q=Taller&langpair=en%7Cks
MyMemory error: 'Taller' attempt 2 429 Client Error: Too Many Requests for url: https://api.mymemory.translated.net/get?q=Taller&langpair=en%7Cks
MyMemory error: 'Taller' attempt 3 429 Client Error: Too Many Requests for url: https://api.mymemory.translated.net/get?q=Taller&langpair=en%7Cks
MyMemory error: 'Taller' attempt 4 429 Client Error: Too Many Requests for url: https://api.mymemory.translated.net/get?q=Taller&langpair=en%7Cks
MyMemory error: 'Taller' attempt 5 429 Client Error: Too Many Requests for url: https://api.mymemory.translated.net/get?q=Taller&langpair=en%7Cks
MyMemory error: 'Taller' attempt 6 429 Client Error: Too Many Requests for url: https://api.mymemory.translated.net/get?q=Taller&langpair=en%7Cks
give up: 'Taller' 429 Client Error: Too Many Requests for url: https://api.mymemory.translated.net/get?q=Taller&langpair=en%7Cks
MyMemory error: 'Tallest' attempt 1 429 Client Error: Too Many Requests for url: https://api.mymemory.translated.net/get?q=Tallest&langpair=en%7Cks
MyMemory error: 'Tallest' attempt 2 429 Client Error: Too Many Requests for url: https://api.mymemory.translated.net/get?q=Tallest&langpair=en%7Cks
MyMemory error: 'Tallest' attempt 3 429 Client Error: Too Many Requests for url: https://api.mymemory.translated.net/get?q=Tallest&langpair=en%7Cks
MyMemory error: 'Tallest' attempt 4 429 Client Error: Too Many Requests for url: https://api.mymemory.translated.net/get?q=Tallest&langpair=en%7Cks
MyMemory error: 'Tallest' attempt 5 429 Client Error: Too Many Requests for url: https://api.mymemory.translated.net/get?q=Tallest&langpair=en%7Cks
MyMemory error: 'Tallest' attempt 6 429 Client Error: Too Many Requests for url: https://api.mymemory.translated.net/get?q=Tallest&langpair=en%7Cks
give up: 'Tallest' 429 Client Error: Too Many Requests for url: https://api.mymemory.translated.net/get?q=Tallest&langpair=en%7Cks
MyMemory error: 'Better' attempt 1 429 Client Error: Too Many Requests for url: https://api.mymemory.translated.net/get?q=Better&langpair=en%7Cks
MyMemory error: 'Better' attempt 2 429 Client Error: Too Many Requests for url: https://api.mymemory.translated.net/get?q=Better&langpair=en%7Cks
MyMemory error: 'Better' attempt 3 429 Client Error: Too Many Requests for url: https://api.mymemory.translated.net/get?q=Better&langpair=en%7Cks
MyMemory error: 'Better' attempt 4 429 Client Error: Too Many Requests for url: https://api.mymemory.translated.net/get?q=Better&langpair=en%7Cks
MyMemory error: 'Better' attempt 5 429 Client Error: Too Many Requests for url: https://api.mymemory.translated.net/get?q=Better&langpair=en%7Cks
MyMemory error: 'Better' attempt 6 429 Client Error: Too Many Requests for url: https://api.mymemory.translated.net/get?q=Better&langpair=en%7Cks
give up: 'Better' 429 Client Error: Too Many Requests for url: https://api.mymemory.translated.net/get?q=Better&langpair=en%7Cks
MyMemory error: 'Best' attempt 1 429 Client Error: Too Many Requests for url: https://api.mymemory.translated.net/get?q=Best&langpair=en%7Cks
MyMemory error: 'Best' attempt 2 429 Client Error: Too Many Requests for url: https://api.mymemory.translated.net/get?q=Best&langpair=en%7Cks
MyMemory error: 'Best' attempt 3 429 Client Error: Too Many Requests for url: https://api.mymemory.translated.net/get?q=Best&langpair=en%7Cks
MyMemory error: 'Best' attempt 4 429 Client Error: Too Many Requests for url: https://api.mymemory.translated.net/get?q=Best&langpair=en%7Cks
MyMemory error: 'Best' attempt 5 429 Client Error: Too Many Requests for url: https://api.mymemory.translated.net/get?q=Best&langpair=en%7Cks
MyMemory error: 'Best' attempt 6 429 Client Error: Too Many Requests for url: https://api.mymemory.translated.net/get?q=Best&langpair=en%7Cks
give up: 'Best' 429 Client Error: Too Many Requests for url: https://api.mymemory.translated.net/get?q=Best&langpair=en%7Cks
MyMemory error: "Let's play" attempt 1 429 Client Error: Too Many Requests for url: https://api.mymemory.translated.net/get?q=Let%27s+play&langpair=en%7Cks
MyMemory error: "Let's play" attempt 2 429 Client Error: Too Many Requests for url: https://api.mymemory.translated.net/get?q=Let%27s+play&langpair=en%7Cks
MyMemory error: "Let's play" attempt 3 429 Client Error: Too Many Requests for url: https://api.mymemory.translated.net/get?q=Let%27s+play&langpair=en%7Cks
MyMemory error: "Let's play" attempt 4 429 Client Error: Too Many Requests for url: https://api.mymemory.translated.net/get?q=Let%27s+play&langpair=en%7Cks
MyMemory error: "Let's play" attempt 5 429 Client Error: Too Many Requests for url: https://api.mymemory.translated.net/get?q=Let%27s+play&langpair=en%7Cks
MyMemory error: "Let's play" attempt 6 429 Client Error: Too Many Requests for url: https://api.mymemory.translated.net/get?q=Let%27s+play&langpair=en%7Cks
give up: "Let's play" 429 Client Error: Too Many Requests for url: https://api.mymemory.translated.net/get?q=Let%27s+play&langpair=en%7Cks
MyMemory error: "Let's go" attempt 1 429 Client Error: Too Many Requests for url: https://api.mymemory.translated.net/get?q=Let%27s+go&langpair=en%7Cks
MyMemory error: "Let's go" attempt 2 429 Client Error: Too Many Requests for url: https://api.mymemory.translated.net/get?q=Let%27s+go&langpair=en%7Cks
MyMemory error: "Let's go" attempt 3 429 Client Error: Too Many Requests for url: https://api.mymemory.translated.net/get?q=Let%27s+go&langpair=en%7Cks
MyMemory error: "Let's go" attempt 4 429 Client Error: Too Many Requests for url: https://api.mymemory.translated.net/get?q=Let%27s+go&langpair=en%7Cks
MyMemory error: "Let's go" attempt 5 429 Client Error: Too Many Requests for url: https://api.mymemory.translated.net/get?q=Let%27s+go&langpair=en%7Cks
MyMemory error: "Let's go" attempt 6 429 Client Error: Too Many Requests for url: https://api.mymemory.translated.net/get?q=Let%27s+go&langpair=en%7Cks
give up: "Let's go" 429 Client Error: Too Many Requests for url: https://api.mymemory.translated.net/get?q=Let%27s+go&langpair=en%7Cks
MyMemory error: "Let's speak" attempt 1 429 Client Error: Too Many Requests for url: https://api.mymemory.translated.net/get?q=Let%27s+speak&langpair=en%7Cks
MyMemory error: "Let's speak" attempt 2 429 Client Error: Too Many Requests for url: https://api.mymemory.translated.net/get?q=Let%27s+speak&langpair=en%7Cks
MyMemory error: "Let's speak" attempt 3 429 Client Error: Too Many Requests for url: https://api.mymemory.translated.net/get?q=Let%27s+speak&langpair=en%7Cks
MyMemory error: "Let's speak" attempt 4 429 Client Error: Too Many Requests for url: https://api.mymemory.translated.net/get?q=Let%27s+speak&langpair=en%7Cks
MyMemory error: "Let's speak" attempt 5 429 Client Error: Too Many Requests for url: https://api.mymemory.translated.net/get?q=Let%27s+speak&langpair=en%7Cks
MyMemory error: "Let's speak" attempt 6 429 Client Error: Too Many Requests for url: https://api.mymemory.translated.net/get?q=Let%27s+speak&langpair=en%7Cks
give up: "Let's speak" 429 Client Error: Too Many Requests for url: https://api.mymemory.translated.net/get?q=Let%27s+speak&langpair=en%7Cks
MyMemory error: 'Really!' attempt 1 429 Client Error: Too Many Requests for url: https://api.mymemory.translated.net/get?q=Really%21&langpair=en%7Cks
MyMemory error: 'Really!' attempt 2 429 Client Error: Too Many Requests for url: https://api.mymemory.translated.net/get?q=Really%21&langpair=en%7Cks
MyMemory error: 'Really!' attempt 3 429 Client Error: Too Many Requests for url: https://api.mymemory.translated.net/get?q=Really%21&langpair=en%7Cks
MyMemory error: 'Really!' attempt 4 429 Client Error: Too Many Requests for url: https://api.mymemory.translated.net/get?q=Really%21&langpair=en%7Cks
MyMemory error: 'Really!' attempt 5 429 Client Error: Too Many Requests for url: https://api.mymemory.translated.net/get?q=Really%21&langpair=en%7Cks
MyMemory error: 'Really!' attempt 6 429 Client Error: Too Many Requests for url: https://api.mymemory.translated.net/get?q=Really%21&langpair=en%7Cks
give up: 'Really!' 429 Client Error: Too Many Requests for url: https://api.mymemory.translated.net/get?q=Really%21&langpair=en%7Cks
MyMemory error: 'How big!' attempt 1 429 Client Error: Too Many Requests for url: https://api.mymemory.translated.net/get?q=How+big%21&langpair=en%7Cks
MyMemory error: 'How big!' attempt 2 429 Client Error: Too Many Requests for url: https://api.mymemory.translated.net/get?q=How+big%21&langpair=en%7Cks
MyMemory error: 'How big!' attempt 3 429 Client Error: Too Many Requests for url: https://api.mymemory.translated.net/get?q=How+big%21&langpair=en%7Cks
MyMemory error: 'How big!' attempt 4 429 Client Error: Too Many Requests for url: https://api.mymemory.translated.net/get?q=How+big%21&langpair=en%7Cks
MyMemory error: 'How big!' attempt 5 429 Client Error: Too Many Requests for url: https://api.mymemory.translated.net/get?q=How+big%21&langpair=en%7Cks
MyMemory error: 'How big!' attempt 6 429 Client Error: Too Many Requests for url: https://api.mymemory.translated.net/get?q=How+big%21&langpair=en%7Cks
give up: 'How big!' 429 Client Error: Too Many Requests for url: https://api.mymemory.translated.net/get?q=How+big%21&langpair=en%7Cks
MyMemory error: 'Very bad' attempt 1 429 Client Error: Too Many Requests for url: https://api.mymemory.translated.net/get?q=Very+bad&langpair=en%7Cks
MyMemory error: 'Very bad' attempt 2 429 Client Error: Too Many Requests for url: https://api.mymemory.translated.net/get?q=Very+bad&langpair=en%7Cks
MyMemory error: 'Very bad' attempt 3 429 Client Error: Too Many Requests for url: https://api.mymemory.translated.net/get?q=Very+bad&langpair=en%7Cks
MyMemory error: 'Very bad' attempt 4 429 Client Error: Too Many Requests for url: https://api.mymemory.translated.net/get?q=Very+bad&langpair=en%7Cks
MyMemory error: 'Very bad' attempt 5 429 Client Error: Too Many Requests for url: https://api.mymemory.translated.net/get?q=Very+bad&langpair=en%7Cks
MyMemory error: 'Very bad' attempt 6 429 Client Error: Too Many Requests for url: https://api.mymemory.translated.net/get?q=Very+bad&langpair=en%7Cks
give up: 'Very bad' 429 Client Error: Too Many Requests for url: https://api.mymemory.translated.net/get?q=Very+bad&langpair=en%7Cks
MyMemory error: 'Good handwriting' attempt 1 429 Client Error: Too Many Requests for url: https://api.mymemory.translated.net/get?q=Good+handwriting&langpair=en%7Cks
MyMemory error: 'Good handwriting' attempt 2 429 Client Error: Too Many Requests for url: https://api.mymemory.translated.net/get?q=Good+handwriting&langpair=en%7Cks
MyMemory error: 'Good handwriting' attempt 3 429 Client Error: Too Many Requests for url: https://api.mymemory.translated.net/get?q=Good+handwriting&langpair=en%7Cks
MyMemory error: 'Good handwriting' attempt 4 429 Client Error: Too Many Requests for url: https://api.mymemory.translated.net/get?q=Good+handwriting&langpair=en%7Cks
MyMemory error: 'Good handwriting' attempt 5 429 Client Error: Too Many Requests for url: https://api.mymemory.translated.net/get?q=Good+handwriting&langpair=en%7Cks
MyMemory error: 'Good handwriting' attempt 6 429 Client Error: Too Many Requests for url: https://api.mymemory.translated.net/get?q=Good+handwriting&langpair=en%7Cks
give up: 'Good handwriting' 429 Client Error: Too Many Requests for url: https://api.mymemory.translated.net/get?q=Good+handwriting&langpair=en%7Cks
MyMemory error: 'Very Good' attempt 1 429 Client Error: Too Many Requests for url: https://api.mymemory.translated.net/get?q=Very+Good&langpair=en%7Cks
MyMemory error: 'Very Good' attempt 2 429 Client Error: Too Many Requests for url: https://api.mymemory.translated.net/get?q=Very+Good&langpair=en%7Cks
MyMemory error: 'Very Good' attempt 3 429 Client Error: Too Many Requests for url: https://api.mymemory.translated.net/get?q=Very+Good&langpair=en%7Cks
MyMemory error: 'Very Good' attempt 4 429 Client Error: Too Many Requests for url: https://api.mymemory.translated.net/get?q=Very+Good&langpair=en%7Cks
MyMemory error: 'Very Good' attempt 5 429 Client Error: Too Many Requests for url: https://api.mymemory.translated.net/get?q=Very+Good&langpair=en%7Cks
MyMemory error: 'Very Good' attempt 6 429 Client Error: Too Many Requests for url: https://api.mymemory.translated.net/get?q=Very+Good&langpair=en%7Cks
give up: 'Very Good' 429 Client Error: Too Many Requests for url: https://api.mymemory.translated.net/get?q=Very+Good&langpair=en%7Cks
MyMemory error: 'Excellent!' attempt 1 429 Client Error: Too Many Requests for url: https://api.mymemory.translated.net/get?q=Excellent%21&langpair=en%7Cks
MyMemory error: 'Excellent!' attempt 2 429 Client Error: Too Many Requests for url: https://api.mymemory.translated.net/get?q=Excellent%21&langpair=en%7Cks
MyMemory error: 'Excellent!' attempt 3 429 Client Error: Too Many Requests for url: https://api.mymemory.translated.net/get?q=Excellent%21&langpair=en%7Cks
MyMemory error: 'Excellent!' attempt 4 429 Client Error: Too Many Requests for url: https://api.mymemory.translated.net/get?q=Excellent%21&langpair=en%7Cks
MyMemory error: 'Excellent!' attempt 5 429 Client Error: Too Many Requests for url: https://api.mymemory.translated.net/get?q=Excellent%21&langpair=en%7Cks
MyMemory error: 'Excellent!' attempt 6 429 Client Error: Too Many Requests for url: https://api.mymemory.translated.net/get?q=Excellent%21&langpair=en%7Cks
give up: 'Excellent!' 429 Client Error: Too Many Requests for url: https://api.mymemory.translated.net/get?q=Excellent%21&langpair=en%7Cks
MyMemory error: 'Speaking phone' attempt 1 429 Client Error: Too Many Requests for url: https://api.mymemory.translated.net/get?q=Speaking+phone&langpair=en%7Cks
MyMemory error: 'Speaking phone' attempt 2 429 Client Error: Too Many Requests for url: https://api.mymemory.translated.net/get?q=Speaking+phone&langpair=en%7Cks
MyMemory error: 'Speaking phone' attempt 3 429 Client Error: Too Many Requests for url: https://api.mymemory.translated.net/get?q=Speaking+phone&langpair=en%7Cks
MyMemory error: 'Speaking phone' attempt 4 429 Client Error: Too Many Requests for url: https://api.mymemory.translated.net/get?q=Speaking+phone&langpair=en%7Cks
MyMemory error: 'Speaking phone' attempt 5 429 Client Error: Too Many Requests for url: https://api.mymemory.translated.net/get?q=Speaking+phone&langpair=en%7Cks
MyMemory error: 'Speaking phone' attempt 6 429 Client Error: Too Many Requests for url: https://api.mymemory.translated.net/get?q=Speaking+phone&langpair=en%7Cks
give up: 'Speaking phone' 429 Client Error: Too Many Requests for url: https://api.mymemory.translated.net/get?q=Speaking+phone&langpair=en%7Cks
MyMemory error: 'Something fishy' attempt 1 429 Client Error: Too Many Requests for url: https://api.mymemory.translated.net/get?q=Something+fishy&langpair=en%7Cks
MyMemory error: 'Something fishy' attempt 2 429 Client Error: Too Many Requests for url: https://api.mymemory.translated.net/get?q=Something+fishy&langpair=en%7Cks
MyMemory error: 'Something fishy' attempt 3 429 Client Error: Too Many Requests for url: https://api.mymemory.translated.net/get?q=Something+fishy&langpair=en%7Cks
MyMemory error: 'Something fishy' attempt 4 429 Client Error: Too Many Requests for url: https://api.mymemory.translated.net/get?q=Something+fishy&langpair=en%7Cks
MyMemory error: 'Something fishy' attempt 5 429 Client Error: Too Many Requests for url: https://api.mymemory.translated.net/get?q=Something+fishy&langpair=en%7Cks
MyMemory error: 'Something fishy' attempt 6 429 Client Error: Too Many Requests for url: https://api.mymemory.translated.net/get?q=Something+fishy&langpair=en%7Cks
give up: 'Something fishy' 429 Client Error: Too Many Requests for url: https://api.mymemory.translated.net/get?q=Something+fishy&langpair=en%7Cks
MyMemory error: 'Dampen spirit' attempt 1 429 Client Error: Too Many Requests for url: https://api.mymemory.translated.net/get?q=Dampen+spirit&langpair=en%7Cks
MyMemory error: 'Dampen spirit' attempt 2 429 Client Error: Too Many Requests for url: https://api.mymemory.translated.net/get?q=Dampen+spirit&langpair=en%7Cks
MyMemory error: 'Dampen spirit' attempt 3 429 Client Error: Too Many Requests for url: https://api.mymemory.translated.net/get?q=Dampen+spirit&langpair=en%7Cks
MyMemory error: 'Dampen spirit' attempt 4 429 Client Error: Too Many Requests for url: https://api.mymemory.translated.net/get?q=Dampen+spirit&langpair=en%7Cks
MyMemory error: 'Dampen spirit' attempt 5 429 Client Error: Too Many Requests for url: https://api.mymemory.translated.net/get?q=Dampen+spirit&langpair=en%7Cks
MyMemory error: 'Dampen spirit' attempt 6 429 Client Error: Too Many Requests for url: https://api.mymemory.translated.net/get?q=Dampen+spirit&langpair=en%7Cks
give up: 'Dampen spirit' 429 Client Error: Too Many Requests for url: https://api.mymemory.translated.net/get?q=Dampen+spirit&langpair=en%7Cks
MyMemory error: 'To threaten' attempt 1 429 Client Error: Too Many Requests for url: https://api.mymemory.translated.net/get?q=To+threaten&langpair=en%7Cks
MyMemory error: 'To threaten' attempt 2 429 Client Error: Too Many Requests for url: https://api.mymemory.translated.net/get?q=To+threaten&langpair=en%7Cks
MyMemory error: 'To threaten' attempt 3 429 Client Error: Too Many Requests for url: https://api.mymemory.translated.net/get?q=To+threaten&langpair=en%7Cks
MyMemory error: 'To threaten' attempt 4 429 Client Error: Too Many Requests for url: https://api.mymemory.translated.net/get?q=To+threaten&langpair=en%7Cks
MyMemory error: 'To threaten' attempt 5 429 Client Error: Too Many Requests for url: https://api.mymemory.translated.net/get?q=To+threaten&langpair=en%7Cks
MyMemory error: 'To threaten' attempt 6 429 Client Error: Too Many Requests for url: https://api.mymemory.translated.net/get?q=To+threaten&langpair=en%7Cks
give up: 'To threaten' 429 Client Error: Too Many Requests for url: https://api.mymemory.translated.net/get?q=To+threaten&langpair=en%7Cks
MyMemory error: 'After-effects' attempt 1 429 Client Error: Too Many Requests for url: https://api.mymemory.translated.net/get?q=After-effects&langpair=en%7Cks
MyMemory error: 'After-effects' attempt 2 429 Client Error: Too Many Requests for url: https://api.mymemory.translated.net/get?q=After-effects&langpair=en%7Cks
MyMemory error: 'After-effects' attempt 3 429 Client Error: Too Many Requests for url: https://api.mymemory.translated.net/get?q=After-effects&langpair=en%7Cks
MyMemory error: 'After-effects' attempt 4 429 Client Error: Too Many Requests for url: https://api.mymemory.translated.net/get?q=After-effects&langpair=en%7Cks
MyMemory error: 'After-effects' attempt 5 429 Client Error: Too Many Requests for url: https://api.mymemory.translated.net/get?q=After-effects&langpair=en%7Cks
MyMemory error: 'After-effects' attempt 6 429 Client Error: Too Many Requests for url: https://api.mymemory.translated.net/get?q=After-effects&langpair=en%7Cks
give up: 'After-effects' 429 Client Error: Too Many Requests for url: https://api.mymemory.translated.net/get?q=After-effects&langpair=en%7Cks
MyMemory error: 'To override/violate' attempt 1 429 Client Error: Too Many Requests for url: https://api.mymemory.translated.net/get?q=To+override%2Fviolate&langpair=en%7Cks
MyMemory error: 'To override/violate' attempt 2 429 Client Error: Too Many Requests for url: https://api.mymemory.translated.net/get?q=To+override%2Fviolate&langpair=en%7Cks
MyMemory error: 'To override/violate' attempt 3 429 Client Error: Too Many Requests for url: https://api.mymemory.translated.net/get?q=To+override%2Fviolate&langpair=en%7Cks
MyMemory error: 'To override/violate' attempt 4 429 Client Error: Too Many Requests for url: https://api.mymemory.translated.net/get?q=To+override%2Fviolate&langpair=en%7Cks
MyMemory error: 'To override/violate' attempt 5 429 Client Error: Too Many Requests for url: https://api.mymemory.translated.net/get?q=To+override%2Fviolate&langpair=en%7Cks
MyMemory error: 'To override/violate' attempt 6 429 Client Error: Too Many Requests for url: https://api.mymemory.translated.net/get?q=To+override%2Fviolate&langpair=en%7Cks
give up: 'To override/violate' 429 Client Error: Too Many Requests for url: https://api.mymemory.translated.net/get?q=To+override%2Fviolate&langpair=en%7Cks
MyMemory error: 'To renounce' attempt 1 429 Client Error: Too Many Requests for url: https://api.mymemory.translated.net/get?q=To+renounce&langpair=en%7Cks
MyMemory error: 'To renounce' attempt 2 429 Client Error: Too Many Requests for url: https://api.mymemory.translated.net/get?q=To+renounce&langpair=en%7Cks
MyMemory error: 'To renounce' attempt 3 429 Client Error: Too Many Requests for url: https://api.mymemory.translated.net/get?q=To+renounce&langpair=en%7Cks
MyMemory error: 'To renounce' attempt 4 429 Client Error: Too Many Requests for url: https://api.mymemory.translated.net/get?q=To+renounce&langpair=en%7Cks
MyMemory error: 'To renounce' attempt 5 429 Client Error: Too Many Requests for url: https://api.mymemory.translated.net/get?q=To+renounce&langpair=en%7Cks
MyMemory error: 'To renounce' attempt 6 429 Client Error: Too Many Requests for url: https://api.mymemory.translated.net/get?q=To+renounce&langpair=en%7Cks
give up: 'To renounce' 429 Client Error: Too Many Requests for url: https://api.mymemory.translated.net/get?q=To+renounce&langpair=en%7Cks
MyMemory error: 'To pretend' attempt 1 429 Client Error: Too Many Requests for url: https://api.mymemory.translated.net/get?q=To+pretend&langpair=en%7Cks
MyMemory error: 'To pretend' attempt 2 429 Client Error: Too Many Requests for url: https://api.mymemory.translated.net/get?q=To+pretend&langpair=en%7Cks
MyMemory error: 'To pretend' attempt 3 429 Client Error: Too Many Requests for url: https://api.mymemory.translated.net/get?q=To+pretend&langpair=en%7Cks
MyMemory error: 'To pretend' attempt 4 429 Client Error: Too Many Requests for url: https://api.mymemory.translated.net/get?q=To+pretend&langpair=en%7Cks
MyMemory error: 'To pretend' attempt 5 429 Client Error: Too Many Requests for url: https://api.mymemory.translated.net/get?q=To+pretend&langpair=en%7Cks
MyMemory error: 'To pretend' attempt 6 429 Client Error: Too Many Requests for url: https://api.mymemory.translated.net/get?q=To+pretend&langpair=en%7Cks
give up: 'To pretend' 429 Client Error: Too Many Requests for url: https://api.mymemory.translated.net/get?q=To+pretend&langpair=en%7Cks
MyMemory error: 'To trap' attempt 1 429 Client Error: Too Many Requests for url: https://api.mymemory.translated.net/get?q=To+trap&langpair=en%7Cks
MyMemory error: 'To trap' attempt 2 429 Client Error: Too Many Requests for url: https://api.mymemory.translated.net/get?q=To+trap&langpair=en%7Cks
MyMemory error: 'To trap' attempt 3 429 Client Error: Too Many Requests for url: https://api.mymemory.translated.net/get?q=To+trap&langpair=en%7Cks
MyMemory error: 'To trap' attempt 4 429 Client Error: Too Many Requests for url: https://api.mymemory.translated.net/get?q=To+trap&langpair=en%7Cks
MyMemory error: 'To trap' attempt 5 429 Client Error: Too Many Requests for url: https://api.mymemory.translated.net/get?q=To+trap&langpair=en%7Cks
MyMemory error: 'To trap' attempt 6 429 Client Error: Too Many Requests for url: https://api.mymemory.translated.net/get?q=To+trap&langpair=en%7Cks
give up: 'To trap' 429 Client Error: Too Many Requests for url: https://api.mymemory.translated.net/get?q=To+trap&langpair=en%7Cks
MyMemory error: 'To support' attempt 1 429 Client Error: Too Many Requests for url: https://api.mymemory.translated.net/get?q=To+support&langpair=en%7Cks
MyMemory error: 'To support' attempt 2 429 Client Error: Too Many Requests for url: https://api.mymemory.translated.net/get?q=To+support&langpair=en%7Cks
MyMemory error: 'To support' attempt 3 429 Client Error: Too Many Requests for url: https://api.mymemory.translated.net/get?q=To+support&langpair=en%7Cks
MyMemory error: 'To support' attempt 4 429 Client Error: Too Many Requests for url: https://api.mymemory.translated.net/get?q=To+support&langpair=en%7Cks
MyMemory error: 'To support' attempt 5 429 Client Error: Too Many Requests for url: https://api.mymemory.translated.net/get?q=To+support&langpair=en%7Cks
MyMemory error: 'To support' attempt 6 429 Client Error: Too Many Requests for url: https://api.mymemory.translated.net/get?q=To+support&langpair=en%7Cks
give up: 'To support' 429 Client Error: Too Many Requests for url: https://api.mymemory.translated.net/get?q=To+support&langpair=en%7Cks
MyMemory error: 'To strike' attempt 1 429 Client Error: Too Many Requests for url: https://api.mymemory.translated.net/get?q=To+strike&langpair=en%7Cks
MyMemory error: 'To strike' attempt 2 429 Client Error: Too Many Requests for url: https://api.mymemory.translated.net/get?q=To+strike&langpair=en%7Cks
MyMemory error: 'To strike' attempt 3 429 Client Error: Too Many Requests for url: https://api.mymemory.translated.net/get?q=To+strike&langpair=en%7Cks
MyMemory error: 'To strike' attempt 4 429 Client Error: Too Many Requests for url: https://api.mymemory.translated.net/get?q=To+strike&langpair=en%7Cks
MyMemory error: 'To strike' attempt 5 429 Client Error: Too Many Requests for url: https://api.mymemory.translated.net/get?q=To+strike&langpair=en%7Cks
MyMemory error: 'To strike' attempt 6 429 Client Error: Too Many Requests for url: https://api.mymemory.translated.net/get?q=To+strike&langpair=en%7Cks
give up: 'To strike' 429 Client Error: Too Many Requests for url: https://api.mymemory.translated.net/get?q=To+strike&langpair=en%7Cks
MyMemory error: 'To pardon' attempt 1 429 Client Error: Too Many Requests for url: https://api.mymemory.translated.net/get?q=To+pardon&langpair=en%7Cks
MyMemory error: 'To pardon' attempt 2 429 Client Error: Too Many Requests for url: https://api.mymemory.translated.net/get?q=To+pardon&langpair=en%7Cks
MyMemory error: 'To pardon' attempt 3 429 Client Error: Too Many Requests for url: https://api.mymemory.translated.net/get?q=To+pardon&langpair=en%7Cks
MyMemory error: 'To pardon' attempt 4 429 Client Error: Too Many Requests for url: https://api.mymemory.translated.net/get?q=To+pardon&langpair=en%7Cks
MyMemory error: 'To pardon' attempt 5 429 Client Error: Too Many Requests for url: https://api.mymemory.translated.net/get?q=To+pardon&langpair=en%7Cks
MyMemory error: 'To pardon' attempt 6 429 Client Error: Too Many Requests for url: https://api.mymemory.translated.net/get?q=To+pardon&langpair=en%7Cks
give up: 'To pardon' 429 Client Error: Too Many Requests for url: https://api.mymemory.translated.net/get?q=To+pardon&langpair=en%7Cks
MyMemory error: 'Cryptography means?' attempt 1 429 Client Error: Too Many Requests for url: https://api.mymemory.translated.net/get?q=Cryptography+means%3F&langpair=en%7Cks
MyMemory error: 'Cryptography means?' attempt 2 429 Client Error: Too Many Requests for url: https://api.mymemory.translated.net/get?q=Cryptography+means%3F&langpair=en%7Cks
MyMemory error: 'Cryptography means?' attempt 3 429 Client Error: Too Many Requests for url: https://api.mymemory.translated.net/get?q=Cryptography+means%3F&langpair=en%7Cks
MyMemory error: 'Cryptography means?' attempt 4 429 Client Error: Too Many Requests for url: https://api.mymemory.translated.net/get?q=Cryptography+means%3F&langpair=en%7Cks
MyMemory error: 'Cryptography means?' attempt 5 429 Client Error: Too Many Requests for url: https://api.mymemory.translated.net/get?q=Cryptography+means%3F&langpair=en%7Cks
MyMemory error: 'Cryptography means?' attempt 6 429 Client Error: Too Many Requests for url: https://api.mymemory.translated.net/get?q=Cryptography+means%3F&langpair=en%7Cks
give up: 'Cryptography means?' 429 Client Error: Too Many Requests for url: https://api.mymemory.translated.net/get?q=Cryptography+means%3F&langpair=en%7Cks
MyMemory error: 'Relation' attempt 1 429 Client Error: Too Many Requests for url: https://api.mymemory.translated.net/get?q=Relation&langpair=en%7Cks
MyMemory error: 'Relation' attempt 2 429 Client Error: Too Many Requests for url: https://api.mymemory.translated.net/get?q=Relation&langpair=en%7Cks
MyMemory error: 'Relation' attempt 3 429 Client Error: Too Many Requests for url: https://api.mymemory.translated.net/get?q=Relation&langpair=en%7Cks
MyMemory error: 'Relation' attempt 4 429 Client Error: Too Many Requests for url: https://api.mymemory.translated.net/get?q=Relation&langpair=en%7Cks
MyMemory error: 'Relation' attempt 5 429 Client Error: Too Many Requests for url: https://api.mymemory.translated.net/get?q=Relation&langpair=en%7Cks
MyMemory error: 'Relation' attempt 6 429 Client Error: Too Many Requests for url: https://api.mymemory.translated.net/get?q=Relation&langpair=en%7Cks
give up: 'Relation' 429 Client Error: Too Many Requests for url: https://api.mymemory.translated.net/get?q=Relation&langpair=en%7Cks
…cached 2250 strings
MyMemory error: 'Direct brother' attempt 1 429 Client Error: Too Many Requests for url: https://api.mymemory.translated.net/get?q=Direct+brother&langpair=en%7Cks
MyMemory error: 'Direct brother' attempt 2 429 Client Error: Too Many Requests for url: https://api.mymemory.translated.net/get?q=Direct+brother&langpair=en%7Cks
MyMemory error: 'Direct brother' attempt 3 429 Client Error: Too Many Requests for url: https://api.mymemory.translated.net/get?q=Direct+brother&langpair=en%7Cks
MyMemory error: 'Direct brother' attempt 4 429 Client Error: Too Many Requests for url: https://api.mymemory.translated.net/get?q=Direct+brother&langpair=en%7Cks
MyMemory error: 'Direct brother' attempt 5 429 Client Error: Too Many Requests for url: https://api.mymemory.translated.net/get?q=Direct+brother&langpair=en%7Cks
MyMemory error: 'Direct brother' attempt 6 429 Client Error: Too Many Requests for url: https://api.mymemory.translated.net/get?q=Direct+brother&langpair=en%7Cks
give up: 'Direct brother' 429 Client Error: Too Many Requests for url: https://api.mymemory.translated.net/get?q=Direct+brother&langpair=en%7Cks
MyMemory error: 'Direct sister' attempt 1 429 Client Error: Too Many Requests for url: https://api.mymemory.translated.net/get?q=Direct+sister&langpair=en%7Cks
MyMemory error: 'Direct sister' attempt 2 429 Client Error: Too Many Requests for url: https://api.mymemory.translated.net/get?q=Direct+sister&langpair=en%7Cks
MyMemory error: 'Direct sister' attempt 3 429 Client Error: Too Many Requests for url: https://api.mymemory.translated.net/get?q=Direct+sister&langpair=en%7Cks
MyMemory error: 'Direct sister' attempt 4 429 Client Error: Too Many Requests for url: https://api.mymemory.translated.net/get?q=Direct+sister&langpair=en%7Cks
MyMemory error: 'Direct sister' attempt 5 429 Client Error: Too Many Requests for url: https://api.mymemory.translated.net/get?q=Direct+sister&langpair=en%7Cks
MyMemory error: 'Direct sister' attempt 6 429 Client Error: Too Many Requests for url: https://api.mymemory.translated.net/get?q=Direct+sister&langpair=en%7Cks
give up: 'Direct sister' 429 Client Error: Too Many Requests for url: https://api.mymemory.translated.net/get?q=Direct+sister&langpair=en%7Cks
MyMemory error: 'Grand father' attempt 1 429 Client Error: Too Many Requests for url: https://api.mymemory.translated.net/get?q=Grand+father&langpair=en%7Cks
MyMemory error: 'Grand father' attempt 2 429 Client Error: Too Many Requests for url: https://api.mymemory.translated.net/get?q=Grand+father&langpair=en%7Cks
MyMemory error: 'Grand father' attempt 3 429 Client Error: Too Many Requests for url: https://api.mymemory.translated.net/get?q=Grand+father&langpair=en%7Cks
MyMemory error: 'Grand father' attempt 4 429 Client Error: Too Many Requests for url: https://api.mymemory.translated.net/get?q=Grand+father&langpair=en%7Cks
MyMemory error: 'Grand father' attempt 5 429 Client Error: Too Many Requests for url: https://api.mymemory.translated.net/get?q=Grand+father&langpair=en%7Cks
MyMemory error: 'Grand father' attempt 6 429 Client Error: Too Many Requests for url: https://api.mymemory.translated.net/get?q=Grand+father&langpair=en%7Cks
give up: 'Grand father' 429 Client Error: Too Many Requests for url: https://api.mymemory.translated.net/get?q=Grand+father&langpair=en%7Cks
MyMemory error: 'Grand mother' attempt 1 429 Client Error: Too Many Requests for url: https://api.mymemory.translated.net/get?q=Grand+mother&langpair=en%7Cks
MyMemory error: 'Grand mother' attempt 2 429 Client Error: Too Many Requests for url: https://api.mymemory.translated.net/get?q=Grand+mother&langpair=en%7Cks
MyMemory error: 'Grand mother' attempt 3 429 Client Error: Too Many Requests for url: https://api.mymemory.translated.net/get?q=Grand+mother&langpair=en%7Cks
MyMemory error: 'Grand mother' attempt 4 429 Client Error: Too Many Requests for url: https://api.mymemory.translated.net/get?q=Grand+mother&langpair=en%7Cks
MyMemory error: 'Grand mother' attempt 5 429 Client Error: Too Many Requests for url: https://api.mymemory.translated.net/get?q=Grand+mother&langpair=en%7Cks
MyMemory error: 'Grand mother' attempt 6 429 Client Error: Too Many Requests for url: https://api.mymemory.translated.net/get?q=Grand+mother&langpair=en%7Cks
give up: 'Grand mother' 429 Client Error: Too Many Requests for url: https://api.mymemory.translated.net/get?q=Grand+mother&langpair=en%7Cks
MyMemory error: "Father's brother" attempt 1 429 Client Error: Too Many Requests for url: https://api.mymemory.translated.net/get?q=Father%27s+brother&langpair=en%7Cks
MyMemory error: "Father's brother" attempt 2 429 Client Error: Too Many Requests for url: https://api.mymemory.translated.net/get?q=Father%27s+brother&langpair=en%7Cks
MyMemory error: "Father's brother" attempt 3 429 Client Error: Too Many Requests for url: https://api.mymemory.translated.net/get?q=Father%27s+brother&langpair=en%7Cks
MyMemory error: "Father's brother" attempt 4 429 Client Error: Too Many Requests for url: https://api.mymemory.translated.net/get?q=Father%27s+brother&langpair=en%7Cks
MyMemory error: "Father's brother" attempt 5 429 Client Error: Too Many Requests for url: https://api.mymemory.translated.net/get?q=Father%27s+brother&langpair=en%7Cks
MyMemory error: "Father's brother" attempt 6 429 Client Error: Too Many Requests for url: https://api.mymemory.translated.net/get?q=Father%27s+brother&langpair=en%7Cks
give up: "Father's brother" 429 Client Error: Too Many Requests for url: https://api.mymemory.translated.net/get?q=Father%27s+brother&langpair=en%7Cks
MyMemory error: "Mother's brother" attempt 1 429 Client Error: Too Many Requests for url: https://api.mymemory.translated.net/get?q=Mother%27s+brother&langpair=en%7Cks
MyMemory error: "Mother's brother" attempt 2 429 Client Error: Too Many Requests for url: https://api.mymemory.translated.net/get?q=Mother%27s+brother&langpair=en%7Cks
MyMemory error: "Mother's brother" attempt 3 429 Client Error: Too Many Requests for url: https://api.mymemory.translated.net/get?q=Mother%27s+brother&langpair=en%7Cks
MyMemory error: "Mother's brother" attempt 4 429 Client Error: Too Many Requests for url: https://api.mymemory.translated.net/get?q=Mother%27s+brother&langpair=en%7Cks
MyMemory error: "Mother's brother" attempt 5 429 Client Error: Too Many Requests for url: https://api.mymemory.translated.net/get?q=Mother%27s+brother&langpair=en%7Cks
MyMemory error: "Mother's brother" attempt 6 429 Client Error: Too Many Requests for url: https://api.mymemory.translated.net/get?q=Mother%27s+brother&langpair=en%7Cks
give up: "Mother's brother" 429 Client Error: Too Many Requests for url: https://api.mymemory.translated.net/get?q=Mother%27s+brother&langpair=en%7Cks
MyMemory error: "Father's sister" attempt 1 429 Client Error: Too Many Requests for url: https://api.mymemory.translated.net/get?q=Father%27s+sister&langpair=en%7Cks
MyMemory error: "Father's sister" attempt 2 429 Client Error: Too Many Requests for url: https://api.mymemory.translated.net/get?q=Father%27s+sister&langpair=en%7Cks
MyMemory error: "Father's sister" attempt 3 429 Client Error: Too Many Requests for url: https://api.mymemory.translated.net/get?q=Father%27s+sister&langpair=en%7Cks
MyMemory error: "Father's sister" attempt 4 429 Client Error: Too Many Requests for url: https://api.mymemory.translated.net/get?q=Father%27s+sister&langpair=en%7Cks
MyMemory error: "Father's sister" attempt 5 429 Client Error: Too Many Requests for url: https://api.mymemory.translated.net/get?q=Father%27s+sister&langpair=en%7Cks
MyMemory error: "Father's sister" attempt 6 429 Client Error: Too Many Requests for url: https://api.mymemory.translated.net/get?q=Father%27s+sister&langpair=en%7Cks
give up: "Father's sister" 429 Client Error: Too Many Requests for url: https://api.mymemory.translated.net/get?q=Father%27s+sister&langpair=en%7Cks
MyMemory error: "Mother's sister" attempt 1 429 Client Error: Too Many Requests for url: https://api.mymemory.translated.net/get?q=Mother%27s+sister&langpair=en%7Cks
MyMemory error: "Mother's sister" attempt 2 429 Client Error: Too Many Requests for url: https://api.mymemory.translated.net/get?q=Mother%27s+sister&langpair=en%7Cks
MyMemory error: "Mother's sister" attempt 3 429 Client Error: Too Many Requests for url: https://api.mymemory.translated.net/get?q=Mother%27s+sister&langpair=en%7Cks
MyMemory error: "Mother's sister" attempt 4 429 Client Error: Too Many Requests for url: https://api.mymemory.translated.net/get?q=Mother%27s+sister&langpair=en%7Cks
MyMemory error: "Mother's sister" attempt 5 429 Client Error: Too Many Requests for url: https://api.mymemory.translated.net/get?q=Mother%27s+sister&langpair=en%7Cks
MyMemory error: "Mother's sister" attempt 6 429 Client Error: Too Many Requests for url: https://api.mymemory.translated.net/get?q=Mother%27s+sister&langpair=en%7Cks
give up: "Mother's sister" 429 Client Error: Too Many Requests for url: https://api.mymemory.translated.net/get?q=Mother%27s+sister&langpair=en%7Cks
MyMemory error: "Grandson's wife" attempt 1 429 Client Error: Too Many Requests for url: https://api.mymemory.translated.net/get?q=Grandson%27s+wife&langpair=en%7Cks
MyMemory error: "Grandson's wife" attempt 2 429 Client Error: Too Many Requests for url: https://api.mymemory.translated.net/get?q=Grandson%27s+wife&langpair=en%7Cks
MyMemory error: "Grandson's wife" attempt 3 429 Client Error: Too Many Requests for url: https://api.mymemory.translated.net/get?q=Grandson%27s+wife&langpair=en%7Cks
MyMemory error: "Grandson's wife" attempt 4 429 Client Error: Too Many Requests for url: https://api.mymemory.translated.net/get?q=Grandson%27s+wife&langpair=en%7Cks
MyMemory error: "Grandson's wife" attempt 5 429 Client Error: Too Many Requests for url: https://api.mymemory.translated.net/get?q=Grandson%27s+wife&langpair=en%7Cks
MyMemory error: "Grandson's wife" attempt 6 429 Client Error: Too Many Requests for url: https://api.mymemory.translated.net/get?q=Grandson%27s+wife&langpair=en%7Cks
give up: "Grandson's wife" 429 Client Error: Too Many Requests for url: https://api.mymemory.translated.net/get?q=Grandson%27s+wife&langpair=en%7Cks
MyMemory error: 'Great grandson' attempt 1 429 Client Error: Too Many Requests for url: https://api.mymemory.translated.net/get?q=Great+grandson&langpair=en%7Cks
MyMemory error: 'Great grandson' attempt 2 429 Client Error: Too Many Requests for url: https://api.mymemory.translated.net/get?q=Great+grandson&langpair=en%7Cks
MyMemory error: 'Great grandson' attempt 3 429 Client Error: Too Many Requests for url: https://api.mymemory.translated.net/get?q=Great+grandson&langpair=en%7Cks
MyMemory error: 'Great grandson' attempt 4 429 Client Error: Too Many Requests for url: https://api.mymemory.translated.net/get?q=Great+grandson&langpair=en%7Cks
MyMemory error: 'Great grandson' attempt 5 429 Client Error: Too Many Requests for url: https://api.mymemory.translated.net/get?q=Great+grandson&langpair=en%7Cks
MyMemory error: 'Great grandson' attempt 6 429 Client Error: Too Many Requests for url: https://api.mymemory.translated.net/get?q=Great+grandson&langpair=en%7Cks
give up: 'Great grandson' 429 Client Error: Too Many Requests for url: https://api.mymemory.translated.net/get?q=Great+grandson&langpair=en%7Cks
MyMemory error: 'Great granddaughter' attempt 1 429 Client Error: Too Many Requests for url: https://api.mymemory.translated.net/get?q=Great+granddaughter&langpair=en%7Cks
MyMemory error: 'Great granddaughter' attempt 2 429 Client Error: Too Many Requests for url: https://api.mymemory.translated.net/get?q=Great+granddaughter&langpair=en%7Cks
MyMemory error: 'Great granddaughter' attempt 3 429 Client Error: Too Many Requests for url: https://api.mymemory.translated.net/get?q=Great+granddaughter&langpair=en%7Cks
MyMemory error: 'Great granddaughter' attempt 4 429 Client Error: Too Many Requests for url: https://api.mymemory.translated.net/get?q=Great+granddaughter&langpair=en%7Cks
MyMemory error: 'Great granddaughter' attempt 5 429 Client Error: Too Many Requests for url: https://api.mymemory.translated.net/get?q=Great+granddaughter&langpair=en%7Cks
MyMemory error: 'Great granddaughter' attempt 6 429 Client Error: Too Many Requests for url: https://api.mymemory.translated.net/get?q=Great+granddaughter&langpair=en%7Cks
give up: 'Great granddaughter' 429 Client Error: Too Many Requests for url: https://api.mymemory.translated.net/get?q=Great+granddaughter&langpair=en%7Cks
MyMemory error: "Husband's brother" attempt 1 429 Client Error: Too Many Requests for url: https://api.mymemory.translated.net/get?q=Husband%27s+brother&langpair=en%7Cks
MyMemory error: "Husband's brother" attempt 2 429 Client Error: Too Many Requests for url: https://api.mymemory.translated.net/get?q=Husband%27s+brother&langpair=en%7Cks
MyMemory error: "Husband's brother" attempt 3 429 Client Error: Too Many Requests for url: https://api.mymemory.translated.net/get?q=Husband%27s+brother&langpair=en%7Cks
MyMemory error: "Husband's brother" attempt 4 429 Client Error: Too Many Requests for url: https://api.mymemory.translated.net/get?q=Husband%27s+brother&langpair=en%7Cks
MyMemory error: "Husband's brother" attempt 5 429 Client Error: Too Many Requests for url: https://api.mymemory.translated.net/get?q=Husband%27s+brother&langpair=en%7Cks
MyMemory error: "Husband's brother" attempt 6 429 Client Error: Too Many Requests for url: https://api.mymemory.translated.net/get?q=Husband%27s+brother&langpair=en%7Cks
give up: "Husband's brother" 429 Client Error: Too Many Requests for url: https://api.mymemory.translated.net/get?q=Husband%27s+brother&langpair=en%7Cks
MyMemory error: "Husband's sister" attempt 1 429 Client Error: Too Many Requests for url: https://api.mymemory.translated.net/get?q=Husband%27s+sister&langpair=en%7Cks
MyMemory error: "Husband's sister" attempt 2 429 Client Error: Too Many Requests for url: https://api.mymemory.translated.net/get?q=Husband%27s+sister&langpair=en%7Cks
MyMemory error: "Husband's sister" attempt 3 429 Client Error: Too Many Requests for url: https://api.mymemory.translated.net/get?q=Husband%27s+sister&langpair=en%7Cks
MyMemory error: "Husband's sister" attempt 4 429 Client Error: Too Many Requests for url: https://api.mymemory.translated.net/get?q=Husband%27s+sister&langpair=en%7Cks
MyMemory error: "Husband's sister" attempt 5 429 Client Error: Too Many Requests for url: https://api.mymemory.translated.net/get?q=Husband%27s+sister&langpair=en%7Cks
MyMemory error: "Husband's sister" attempt 6 429 Client Error: Too Many Requests for url: https://api.mymemory.translated.net/get?q=Husband%27s+sister&langpair=en%7Cks
give up: "Husband's sister" 429 Client Error: Too Many Requests for url: https://api.mymemory.translated.net/get?q=Husband%27s+sister&langpair=en%7Cks
MyMemory error: "Wife's brother" attempt 1 429 Client Error: Too Many Requests for url: https://api.mymemory.translated.net/get?q=Wife%27s+brother&langpair=en%7Cks
MyMemory error: "Wife's brother" attempt 2 429 Client Error: Too Many Requests for url: https://api.mymemory.translated.net/get?q=Wife%27s+brother&langpair=en%7Cks
MyMemory error: "Wife's brother" attempt 3 429 Client Error: Too Many Requests for url: https://api.mymemory.translated.net/get?q=Wife%27s+brother&langpair=en%7Cks
MyMemory error: "Wife's brother" attempt 4 429 Client Error: Too Many Requests for url: https://api.mymemory.translated.net/get?q=Wife%27s+brother&langpair=en%7Cks
MyMemory error: "Wife's brother" attempt 5 429 Client Error: Too Many Requests for url: https://api.mymemory.translated.net/get?q=Wife%27s+brother&langpair=en%7Cks
MyMemory error: "Wife's brother" attempt 6 429 Client Error: Too Many Requests for url: https://api.mymemory.translated.net/get?q=Wife%27s+brother&langpair=en%7Cks
give up: "Wife's brother" 429 Client Error: Too Many Requests for url: https://api.mymemory.translated.net/get?q=Wife%27s+brother&langpair=en%7Cks
MyMemory error: "Wife's sister" attempt 1 429 Client Error: Too Many Requests for url: https://api.mymemory.translated.net/get?q=Wife%27s+sister&langpair=en%7Cks
MyMemory error: "Wife's sister" attempt 2 429 Client Error: Too Many Requests for url: https://api.mymemory.translated.net/get?q=Wife%27s+sister&langpair=en%7Cks
MyMemory error: "Wife's sister" attempt 3 429 Client Error: Too Many Requests for url: https://api.mymemory.translated.net/get?q=Wife%27s+sister&langpair=en%7Cks
MyMemory error: "Wife's sister" attempt 4 429 Client Error: Too Many Requests for url: https://api.mymemory.translated.net/get?q=Wife%27s+sister&langpair=en%7Cks
MyMemory error: "Wife's sister" attempt 5 429 Client Error: Too Many Requests for url: https://api.mymemory.translated.net/get?q=Wife%27s+sister&langpair=en%7Cks
MyMemory error: "Wife's sister" attempt 6 429 Client Error: Too Many Requests for url: https://api.mymemory.translated.net/get?q=Wife%27s+sister&langpair=en%7Cks
give up: "Wife's sister" 429 Client Error: Too Many Requests for url: https://api.mymemory.translated.net/get?q=Wife%27s+sister&langpair=en%7Cks
MyMemory error: "Sister's husband" attempt 1 429 Client Error: Too Many Requests for url: https://api.mymemory.translated.net/get?q=Sister%27s+husband&langpair=en%7Cks
MyMemory error: "Sister's husband" attempt 2 429 Client Error: Too Many Requests for url: https://api.mymemory.translated.net/get?q=Sister%27s+husband&langpair=en%7Cks
MyMemory error: "Sister's husband" attempt 3 429 Client Error: Too Many Requests for url: https://api.mymemory.translated.net/get?q=Sister%27s+husband&langpair=en%7Cks
MyMemory error: "Sister's husband" attempt 4 429 Client Error: Too Many Requests for url: https://api.mymemory.translated.net/get?q=Sister%27s+husband&langpair=en%7Cks
MyMemory error: "Sister's husband" attempt 5 429 Client Error: Too Many Requests for url: https://api.mymemory.translated.net/get?q=Sister%27s+husband&langpair=en%7Cks
MyMemory error: "Sister's husband" attempt 6 429 Client Error: Too Many Requests for url: https://api.mymemory.translated.net/get?q=Sister%27s+husband&langpair=en%7Cks
give up: "Sister's husband" 429 Client Error: Too Many Requests for url: https://api.mymemory.translated.net/get?q=Sister%27s+husband&langpair=en%7Cks
MyMemory error: "Sister's son" attempt 1 429 Client Error: Too Many Requests for url: https://api.mymemory.translated.net/get?q=Sister%27s+son&langpair=en%7Cks
MyMemory error: "Sister's son" attempt 2 429 Client Error: Too Many Requests for url: https://api.mymemory.translated.net/get?q=Sister%27s+son&langpair=en%7Cks
MyMemory error: "Sister's son" attempt 3 429 Client Error: Too Many Requests for url: https://api.mymemory.translated.net/get?q=Sister%27s+son&langpair=en%7Cks
MyMemory error: "Sister's son" attempt 4 429 Client Error: Too Many Requests for url: https://api.mymemory.translated.net/get?q=Sister%27s+son&langpair=en%7Cks
MyMemory error: "Sister's son" attempt 5 429 Client Error: Too Many Requests for url: https://api.mymemory.translated.net/get?q=Sister%27s+son&langpair=en%7Cks
MyMemory error: "Sister's son" attempt 6 429 Client Error: Too Many Requests for url: https://api.mymemory.translated.net/get?q=Sister%27s+son&langpair=en%7Cks
give up: "Sister's son" 429 Client Error: Too Many Requests for url: https://api.mymemory.translated.net/get?q=Sister%27s+son&langpair=en%7Cks
MyMemory error: "Sister's daughter" attempt 1 429 Client Error: Too Many Requests for url: https://api.mymemory.translated.net/get?q=Sister%27s+daughter&langpair=en%7Cks
MyMemory error: "Sister's daughter" attempt 2 429 Client Error: Too Many Requests for url: https://api.mymemory.translated.net/get?q=Sister%27s+daughter&langpair=en%7Cks
MyMemory error: "Sister's daughter" attempt 3 429 Client Error: Too Many Requests for url: https://api.mymemory.translated.net/get?q=Sister%27s+daughter&langpair=en%7Cks
MyMemory error: "Sister's daughter" attempt 4 429 Client Error: Too Many Requests for url: https://api.mymemory.translated.net/get?q=Sister%27s+daughter&langpair=en%7Cks
MyMemory error: "Sister's daughter" attempt 5 429 Client Error: Too Many Requests for url: https://api.mymemory.translated.net/get?q=Sister%27s+daughter&langpair=en%7Cks
MyMemory error: "Sister's daughter" attempt 6 429 Client Error: Too Many Requests for url: https://api.mymemory.translated.net/get?q=Sister%27s+daughter&langpair=en%7Cks
give up: "Sister's daughter" 429 Client Error: Too Many Requests for url: https://api.mymemory.translated.net/get?q=Sister%27s+daughter&langpair=en%7Cks
MyMemory error: 'Friend (boy)' attempt 1 429 Client Error: Too Many Requests for url: https://api.mymemory.translated.net/get?q=Friend+%28boy%29&langpair=en%7Cks
MyMemory error: 'Friend (boy)' attempt 2 429 Client Error: Too Many Requests for url: https://api.mymemory.translated.net/get?q=Friend+%28boy%29&langpair=en%7Cks
MyMemory error: 'Friend (boy)' attempt 3 429 Client Error: Too Many Requests for url: https://api.mymemory.translated.net/get?q=Friend+%28boy%29&langpair=en%7Cks
MyMemory error: 'Friend (boy)' attempt 4 429 Client Error: Too Many Requests for url: https://api.mymemory.translated.net/get?q=Friend+%28boy%29&langpair=en%7Cks
MyMemory error: 'Friend (boy)' attempt 5 429 Client Error: Too Many Requests for url: https://api.mymemory.translated.net/get?q=Friend+%28boy%29&langpair=en%7Cks
MyMemory error: 'Friend (boy)' attempt 6 429 Client Error: Too Many Requests for url: https://api.mymemory.translated.net/get?q=Friend+%28boy%29&langpair=en%7Cks
give up: 'Friend (boy)' 429 Client Error: Too Many Requests for url: https://api.mymemory.translated.net/get?q=Friend+%28boy%29&langpair=en%7Cks
MyMemory error: 'Friend (girl)' attempt 1 429 Client Error: Too Many Requests for url: https://api.mymemory.translated.net/get?q=Friend+%28girl%29&langpair=en%7Cks
MyMemory error: 'Friend (girl)' attempt 2 429 Client Error: Too Many Requests for url: https://api.mymemory.translated.net/get?q=Friend+%28girl%29&langpair=en%7Cks
MyMemory error: 'Friend (girl)' attempt 3 429 Client Error: Too Many Requests for url: https://api.mymemory.translated.net/get?q=Friend+%28girl%29&langpair=en%7Cks
MyMemory error: 'Friend (girl)' attempt 4 429 Client Error: Too Many Requests for url: https://api.mymemory.translated.net/get?q=Friend+%28girl%29&langpair=en%7Cks
MyMemory error: 'Friend (girl)' attempt 5 429 Client Error: Too Many Requests for url: https://api.mymemory.translated.net/get?q=Friend+%28girl%29&langpair=en%7Cks
MyMemory error: 'Friend (girl)' attempt 6 429 Client Error: Too Many Requests for url: https://api.mymemory.translated.net/get?q=Friend+%28girl%29&langpair=en%7Cks
give up: 'Friend (girl)' 429 Client Error: Too Many Requests for url: https://api.mymemory.translated.net/get?q=Friend+%28girl%29&langpair=en%7Cks
MyMemory error: 'Bridegroom' attempt 1 429 Client Error: Too Many Requests for url: https://api.mymemory.translated.net/get?q=Bridegroom&langpair=en%7Cks
MyMemory error: 'Bridegroom' attempt 2 429 Client Error: Too Many Requests for url: https://api.mymemory.translated.net/get?q=Bridegroom&langpair=en%7Cks
MyMemory error: 'Bridegroom' attempt 3 429 Client Error: Too Many Requests for url: https://api.mymemory.translated.net/get?q=Bridegroom&langpair=en%7Cks
MyMemory error: 'Bridegroom' attempt 4 429 Client Error: Too Many Requests for url: https://api.mymemory.translated.net/get?q=Bridegroom&langpair=en%7Cks
MyMemory error: 'Bridegroom' attempt 5 429 Client Error: Too Many Requests for url: https://api.mymemory.translated.net/get?q=Bridegroom&langpair=en%7Cks
MyMemory error: 'Bridegroom' attempt 6 429 Client Error: Too Many Requests for url: https://api.mymemory.translated.net/get?q=Bridegroom&langpair=en%7Cks
give up: 'Bridegroom' 429 Client Error: Too Many Requests for url: https://api.mymemory.translated.net/get?q=Bridegroom&langpair=en%7Cks
MyMemory error: 'Adopted son' attempt 1 429 Client Error: Too Many Requests for url: https://api.mymemory.translated.net/get?q=Adopted+son&langpair=en%7Cks
MyMemory error: 'Adopted son' attempt 2 429 Client Error: Too Many Requests for url: https://api.mymemory.translated.net/get?q=Adopted+son&langpair=en%7Cks
MyMemory error: 'Adopted son' attempt 3 429 Client Error: Too Many Requests for url: https://api.mymemory.translated.net/get?q=Adopted+son&langpair=en%7Cks
MyMemory error: 'Adopted son' attempt 4 429 Client Error: Too Many Requests for url: https://api.mymemory.translated.net/get?q=Adopted+son&langpair=en%7Cks
MyMemory error: 'Adopted son' attempt 5 429 Client Error: Too Many Requests for url: https://api.mymemory.translated.net/get?q=Adopted+son&langpair=en%7Cks
MyMemory error: 'Adopted son' attempt 6 429 Client Error: Too Many Requests for url: https://api.mymemory.translated.net/get?q=Adopted+son&langpair=en%7Cks
give up: 'Adopted son' 429 Client Error: Too Many Requests for url: https://api.mymemory.translated.net/get?q=Adopted+son&langpair=en%7Cks
MyMemory error: 'Adopted daughter' attempt 1 429 Client Error: Too Many Requests for url: https://api.mymemory.translated.net/get?q=Adopted+daughter&langpair=en%7Cks
MyMemory error: 'Adopted daughter' attempt 2 429 Client Error: Too Many Requests for url: https://api.mymemory.translated.net/get?q=Adopted+daughter&langpair=en%7Cks
MyMemory error: 'Adopted daughter' attempt 3 429 Client Error: Too Many Requests for url: https://api.mymemory.translated.net/get?q=Adopted+daughter&langpair=en%7Cks
MyMemory error: 'Adopted daughter' attempt 4 429 Client Error: Too Many Requests for url: https://api.mymemory.translated.net/get?q=Adopted+daughter&langpair=en%7Cks
MyMemory error: 'Adopted daughter' attempt 5 429 Client Error: Too Many Requests for url: https://api.mymemory.translated.net/get?q=Adopted+daughter&langpair=en%7Cks
MyMemory error: 'Adopted daughter' attempt 6 429 Client Error: Too Many Requests for url: https://api.mymemory.translated.net/get?q=Adopted+daughter&langpair=en%7Cks
give up: 'Adopted daughter' 429 Client Error: Too Many Requests for url: https://api.mymemory.translated.net/get?q=Adopted+daughter&langpair=en%7Cks
MyMemory error: 'Assumed son' attempt 1 429 Client Error: Too Many Requests for url: https://api.mymemory.translated.net/get?q=Assumed+son&langpair=en%7Cks
MyMemory error: 'Assumed son' attempt 2 429 Client Error: Too Many Requests for url: https://api.mymemory.translated.net/get?q=Assumed+son&langpair=en%7Cks
MyMemory error: 'Assumed son' attempt 3 429 Client Error: Too Many Requests for url: https://api.mymemory.translated.net/get?q=Assumed+son&langpair=en%7Cks
MyMemory error: 'Assumed son' attempt 4 429 Client Error: Too Many Requests for url: https://api.mymemory.translated.net/get?q=Assumed+son&langpair=en%7Cks
MyMemory error: 'Assumed son' attempt 5 429 Client Error: Too Many Requests for url: https://api.mymemory.translated.net/get?q=Assumed+son&langpair=en%7Cks
MyMemory error: 'Assumed son' attempt 6 429 Client Error: Too Many Requests for url: https://api.mymemory.translated.net/get?q=Assumed+son&langpair=en%7Cks
give up: 'Assumed son' 429 Client Error: Too Many Requests for url: https://api.mymemory.translated.net/get?q=Assumed+son&langpair=en%7Cks
MyMemory error: 'Assumed daughter' attempt 1 429 Client Error: Too Many Requests for url: https://api.mymemory.translated.net/get?q=Assumed+daughter&langpair=en%7Cks
MyMemory error: 'Assumed daughter' attempt 2 429 Client Error: Too Many Requests for url: https://api.mymemory.translated.net/get?q=Assumed+daughter&langpair=en%7Cks
MyMemory error: 'Assumed daughter' attempt 3 429 Client Error: Too Many Requests for url: https://api.mymemory.translated.net/get?q=Assumed+daughter&langpair=en%7Cks
MyMemory error: 'Assumed daughter' attempt 4 429 Client Error: Too Many Requests for url: https://api.mymemory.translated.net/get?q=Assumed+daughter&langpair=en%7Cks
MyMemory error: 'Assumed daughter' attempt 5 429 Client Error: Too Many Requests for url: https://api.mymemory.translated.net/get?q=Assumed+daughter&langpair=en%7Cks
MyMemory error: 'Assumed daughter' attempt 6 429 Client Error: Too Many Requests for url: https://api.mymemory.translated.net/get?q=Assumed+daughter&langpair=en%7Cks
give up: 'Assumed daughter' 429 Client Error: Too Many Requests for url: https://api.mymemory.translated.net/get?q=Assumed+daughter&langpair=en%7Cks
MyMemory error: 'To wash' attempt 1 429 Client Error: Too Many Requests for url: https://api.mymemory.translated.net/get?q=To+wash&langpair=en%7Cks
MyMemory error: 'To wash' attempt 2 429 Client Error: Too Many Requests for url: https://api.mymemory.translated.net/get?q=To+wash&langpair=en%7Cks
MyMemory error: 'To wash' attempt 3 429 Client Error: Too Many Requests for url: https://api.mymemory.translated.net/get?q=To+wash&langpair=en%7Cks
MyMemory error: 'To wash' attempt 4 429 Client Error: Too Many Requests for url: https://api.mymemory.translated.net/get?q=To+wash&langpair=en%7Cks
MyMemory error: 'To wash' attempt 5 429 Client Error: Too Many Requests for url: https://api.mymemory.translated.net/get?q=To+wash&langpair=en%7Cks
MyMemory error: 'To wash' attempt 6 429 Client Error: Too Many Requests for url: https://api.mymemory.translated.net/get?q=To+wash&langpair=en%7Cks
give up: 'To wash' 429 Client Error: Too Many Requests for url: https://api.mymemory.translated.net/get?q=To+wash&langpair=en%7Cks
MyMemory error: 'To brush' attempt 1 429 Client Error: Too Many Requests for url: https://api.mymemory.translated.net/get?q=To+brush&langpair=en%7Cks
MyMemory error: 'To brush' attempt 2 429 Client Error: Too Many Requests for url: https://api.mymemory.translated.net/get?q=To+brush&langpair=en%7Cks
MyMemory error: 'To brush' attempt 3 429 Client Error: Too Many Requests for url: https://api.mymemory.translated.net/get?q=To+brush&langpair=en%7Cks
MyMemory error: 'To brush' attempt 4 429 Client Error: Too Many Requests for url: https://api.mymemory.translated.net/get?q=To+brush&langpair=en%7Cks
MyMemory error: 'To brush' attempt 5 429 Client Error: Too Many Requests for url: https://api.mymemory.translated.net/get?q=To+brush&langpair=en%7Cks
MyMemory error: 'To brush' attempt 6 429 Client Error: Too Many Requests for url: https://api.mymemory.translated.net/get?q=To+brush&langpair=en%7Cks
give up: 'To brush' 429 Client Error: Too Many Requests for url: https://api.mymemory.translated.net/get?q=To+brush&langpair=en%7Cks
MyMemory error: 'To gargle' attempt 1 429 Client Error: Too Many Requests for url: https://api.mymemory.translated.net/get?q=To+gargle&langpair=en%7Cks
MyMemory error: 'To gargle' attempt 2 429 Client Error: Too Many Requests for url: https://api.mymemory.translated.net/get?q=To+gargle&langpair=en%7Cks
MyMemory error: 'To gargle' attempt 3 429 Client Error: Too Many Requests for url: https://api.mymemory.translated.net/get?q=To+gargle&langpair=en%7Cks
MyMemory error: 'To gargle' attempt 4 429 Client Error: Too Many Requests for url: https://api.mymemory.translated.net/get?q=To+gargle&langpair=en%7Cks
MyMemory error: 'To gargle' attempt 5 429 Client Error: Too Many Requests for url: https://api.mymemory.translated.net/get?q=To+gargle&langpair=en%7Cks
MyMemory error: 'To gargle' attempt 6 429 Client Error: Too Many Requests for url: https://api.mymemory.translated.net/get?q=To+gargle&langpair=en%7Cks
give up: 'To gargle' 429 Client Error: Too Many Requests for url: https://api.mymemory.translated.net/get?q=To+gargle&langpair=en%7Cks
MyMemory error: 'To fold' attempt 1 429 Client Error: Too Many Requests for url: https://api.mymemory.translated.net/get?q=To+fold&langpair=en%7Cks
MyMemory error: 'To fold' attempt 2 429 Client Error: Too Many Requests for url: https://api.mymemory.translated.net/get?q=To+fold&langpair=en%7Cks
MyMemory error: 'To fold' attempt 3 429 Client Error: Too Many Requests for url: https://api.mymemory.translated.net/get?q=To+fold&langpair=en%7Cks
MyMemory error: 'To fold' attempt 4 429 Client Error: Too Many Requests for url: https://api.mymemory.translated.net/get?q=To+fold&langpair=en%7Cks
MyMemory error: 'To fold' attempt 5 429 Client Error: Too Many Requests for url: https://api.mymemory.translated.net/get?q=To+fold&langpair=en%7Cks
MyMemory error: 'To fold' attempt 6 429 Client Error: Too Many Requests for url: https://api.mymemory.translated.net/get?q=To+fold&langpair=en%7Cks
give up: 'To fold' 429 Client Error: Too Many Requests for url: https://api.mymemory.translated.net/get?q=To+fold&langpair=en%7Cks
MyMemory error: 'To urinate' attempt 1 429 Client Error: Too Many Requests for url: https://api.mymemory.translated.net/get?q=To+urinate&langpair=en%7Cks
MyMemory error: 'To urinate' attempt 2 429 Client Error: Too Many Requests for url: https://api.mymemory.translated.net/get?q=To+urinate&langpair=en%7Cks
MyMemory error: 'To urinate' attempt 3 429 Client Error: Too Many Requests for url: https://api.mymemory.translated.net/get?q=To+urinate&langpair=en%7Cks
MyMemory error: 'To urinate' attempt 4 429 Client Error: Too Many Requests for url: https://api.mymemory.translated.net/get?q=To+urinate&langpair=en%7Cks
MyMemory error: 'To urinate' attempt 5 429 Client Error: Too Many Requests for url: https://api.mymemory.translated.net/get?q=To+urinate&langpair=en%7Cks
MyMemory error: 'To urinate' attempt 6 429 Client Error: Too Many Requests for url: https://api.mymemory.translated.net/get?q=To+urinate&langpair=en%7Cks
give up: 'To urinate' 429 Client Error: Too Many Requests for url: https://api.mymemory.translated.net/get?q=To+urinate&langpair=en%7Cks
MyMemory error: 'To exercise' attempt 1 429 Client Error: Too Many Requests for url: https://api.mymemory.translated.net/get?q=To+exercise&langpair=en%7Cks
MyMemory error: 'To exercise' attempt 2 429 Client Error: Too Many Requests for url: https://api.mymemory.translated.net/get?q=To+exercise&langpair=en%7Cks
MyMemory error: 'To exercise' attempt 3 429 Client Error: Too Many Requests for url: https://api.mymemory.translated.net/get?q=To+exercise&langpair=en%7Cks
MyMemory error: 'To exercise' attempt 4 429 Client Error: Too Many Requests for url: https://api.mymemory.translated.net/get?q=To+exercise&langpair=en%7Cks
MyMemory error: 'To exercise' attempt 5 429 Client Error: Too Many Requests for url: https://api.mymemory.translated.net/get?q=To+exercise&langpair=en%7Cks
MyMemory error: 'To exercise' attempt 6 429 Client Error: Too Many Requests for url: https://api.mymemory.translated.net/get?q=To+exercise&langpair=en%7Cks
give up: 'To exercise' 429 Client Error: Too Many Requests for url: https://api.mymemory.translated.net/get?q=To+exercise&langpair=en%7Cks
MyMemory error: 'To bath' attempt 1 429 Client Error: Too Many Requests for url: https://api.mymemory.translated.net/get?q=To+bath&langpair=en%7Cks
MyMemory error: 'To bath' attempt 2 429 Client Error: Too Many Requests for url: https://api.mymemory.translated.net/get?q=To+bath&langpair=en%7Cks
MyMemory error: 'To bath' attempt 3 429 Client Error: Too Many Requests for url: https://api.mymemory.translated.net/get?q=To+bath&langpair=en%7Cks
MyMemory error: 'To bath' attempt 4 429 Client Error: Too Many Requests for url: https://api.mymemory.translated.net/get?q=To+bath&langpair=en%7Cks
MyMemory error: 'To bath' attempt 5 429 Client Error: Too Many Requests for url: https://api.mymemory.translated.net/get?q=To+bath&langpair=en%7Cks
MyMemory error: 'To bath' attempt 6 429 Client Error: Too Many Requests for url: https://api.mymemory.translated.net/get?q=To+bath&langpair=en%7Cks
give up: 'To bath' 429 Client Error: Too Many Requests for url: https://api.mymemory.translated.net/get?q=To+bath&langpair=en%7Cks
MyMemory error: 'To change' attempt 1 429 Client Error: Too Many Requests for url: https://api.mymemory.translated.net/get?q=To+change&langpair=en%7Cks
MyMemory error: 'To change' attempt 2 429 Client Error: Too Many Requests for url: https://api.mymemory.translated.net/get?q=To+change&langpair=en%7Cks
MyMemory error: 'To change' attempt 3 429 Client Error: Too Many Requests for url: https://api.mymemory.translated.net/get?q=To+change&langpair=en%7Cks
MyMemory error: 'To change' attempt 4 429 Client Error: Too Many Requests for url: https://api.mymemory.translated.net/get?q=To+change&langpair=en%7Cks
MyMemory error: 'To change' attempt 5 429 Client Error: Too Many Requests for url: https://api.mymemory.translated.net/get?q=To+change&langpair=en%7Cks
MyMemory error: 'To change' attempt 6 429 Client Error: Too Many Requests for url: https://api.mymemory.translated.net/get?q=To+change&langpair=en%7Cks
give up: 'To change' 429 Client Error: Too Many Requests for url: https://api.mymemory.translated.net/get?q=To+change&langpair=en%7Cks
MyMemory error: 'To wear' attempt 1 429 Client Error: Too Many Requests for url: https://api.mymemory.translated.net/get?q=To+wear&langpair=en%7Cks
MyMemory error: 'To wear' attempt 2 429 Client Error: Too Many Requests for url: https://api.mymemory.translated.net/get?q=To+wear&langpair=en%7Cks
MyMemory error: 'To wear' attempt 3 429 Client Error: Too Many Requests for url: https://api.mymemory.translated.net/get?q=To+wear&langpair=en%7Cks
MyMemory error: 'To wear' attempt 4 429 Client Error: Too Many Requests for url: https://api.mymemory.translated.net/get?q=To+wear&langpair=en%7Cks
MyMemory error: 'To wear' attempt 5 429 Client Error: Too Many Requests for url: https://api.mymemory.translated.net/get?q=To+wear&langpair=en%7Cks
MyMemory error: 'To wear' attempt 6 429 Client Error: Too Many Requests for url: https://api.mymemory.translated.net/get?q=To+wear&langpair=en%7Cks
give up: 'To wear' 429 Client Error: Too Many Requests for url: https://api.mymemory.translated.net/get?q=To+wear&langpair=en%7Cks
MyMemory error: 'To comb' attempt 1 429 Client Error: Too Many Requests for url: https://api.mymemory.translated.net/get?q=To+comb&langpair=en%7Cks
MyMemory error: 'To comb' attempt 2 429 Client Error: Too Many Requests for url: https://api.mymemory.translated.net/get?q=To+comb&langpair=en%7Cks
MyMemory error: 'To comb' attempt 3 429 Client Error: Too Many Requests for url: https://api.mymemory.translated.net/get?q=To+comb&langpair=en%7Cks
MyMemory error: 'To comb' attempt 4 429 Client Error: Too Many Requests for url: https://api.mymemory.translated.net/get?q=To+comb&langpair=en%7Cks
MyMemory error: 'To comb' attempt 5 429 Client Error: Too Many Requests for url: https://api.mymemory.translated.net/get?q=To+comb&langpair=en%7Cks
MyMemory error: 'To comb' attempt 6 429 Client Error: Too Many Requests for url: https://api.mymemory.translated.net/get?q=To+comb&langpair=en%7Cks
give up: 'To comb' 429 Client Error: Too Many Requests for url: https://api.mymemory.translated.net/get?q=To+comb&langpair=en%7Cks
MyMemory error: 'To apply' attempt 1 429 Client Error: Too Many Requests for url: https://api.mymemory.translated.net/get?q=To+apply&langpair=en%7Cks
MyMemory error: 'To apply' attempt 2 429 Client Error: Too Many Requests for url: https://api.mymemory.translated.net/get?q=To+apply&langpair=en%7Cks
MyMemory error: 'To apply' attempt 3 429 Client Error: Too Many Requests for url: https://api.mymemory.translated.net/get?q=To+apply&langpair=en%7Cks
MyMemory error: 'To apply' attempt 4 429 Client Error: Too Many Requests for url: https://api.mymemory.translated.net/get?q=To+apply&langpair=en%7Cks
MyMemory error: 'To apply' attempt 5 429 Client Error: Too Many Requests for url: https://api.mymemory.translated.net/get?q=To+apply&langpair=en%7Cks
MyMemory error: 'To apply' attempt 6 429 Client Error: Too Many Requests for url: https://api.mymemory.translated.net/get?q=To+apply&langpair=en%7Cks
give up: 'To apply' 429 Client Error: Too Many Requests for url: https://api.mymemory.translated.net/get?q=To+apply&langpair=en%7Cks
MyMemory error: 'To close' attempt 1 429 Client Error: Too Many Requests for url: https://api.mymemory.translated.net/get?q=To+close&langpair=en%7Cks
MyMemory error: 'To close' attempt 2 429 Client Error: Too Many Requests for url: https://api.mymemory.translated.net/get?q=To+close&langpair=en%7Cks
MyMemory error: 'To close' attempt 3 429 Client Error: Too Many Requests for url: https://api.mymemory.translated.net/get?q=To+close&langpair=en%7Cks
MyMemory error: 'To close' attempt 4 429 Client Error: Too Many Requests for url: https://api.mymemory.translated.net/get?q=To+close&langpair=en%7Cks
MyMemory error: 'To close' attempt 5 429 Client Error: Too Many Requests for url: https://api.mymemory.translated.net/get?q=To+close&langpair=en%7Cks
MyMemory error: 'To close' attempt 6 429 Client Error: Too Many Requests for url: https://api.mymemory.translated.net/get?q=To+close&langpair=en%7Cks
give up: 'To close' 429 Client Error: Too Many Requests for url: https://api.mymemory.translated.net/get?q=To+close&langpair=en%7Cks
MyMemory error: 'To sit' attempt 1 429 Client Error: Too Many Requests for url: https://api.mymemory.translated.net/get?q=To+sit&langpair=en%7Cks
MyMemory error: 'To sit' attempt 2 429 Client Error: Too Many Requests for url: https://api.mymemory.translated.net/get?q=To+sit&langpair=en%7Cks
MyMemory error: 'To sit' attempt 3 429 Client Error: Too Many Requests for url: https://api.mymemory.translated.net/get?q=To+sit&langpair=en%7Cks
MyMemory error: 'To sit' attempt 4 429 Client Error: Too Many Requests for url: https://api.mymemory.translated.net/get?q=To+sit&langpair=en%7Cks
MyMemory error: 'To sit' attempt 5 429 Client Error: Too Many Requests for url: https://api.mymemory.translated.net/get?q=To+sit&langpair=en%7Cks
MyMemory error: 'To sit' attempt 6 429 Client Error: Too Many Requests for url: https://api.mymemory.translated.net/get?q=To+sit&langpair=en%7Cks
give up: 'To sit' 429 Client Error: Too Many Requests for url: https://api.mymemory.translated.net/get?q=To+sit&langpair=en%7Cks
MyMemory error: 'To start' attempt 1 429 Client Error: Too Many Requests for url: https://api.mymemory.translated.net/get?q=To+start&langpair=en%7Cks
MyMemory error: 'To start' attempt 2 429 Client Error: Too Many Requests for url: https://api.mymemory.translated.net/get?q=To+start&langpair=en%7Cks
MyMemory error: 'To start' attempt 3 429 Client Error: Too Many Requests for url: https://api.mymemory.translated.net/get?q=To+start&langpair=en%7Cks
MyMemory error: 'To start' attempt 4 429 Client Error: Too Many Requests for url: https://api.mymemory.translated.net/get?q=To+start&langpair=en%7Cks
MyMemory error: 'To start' attempt 5 429 Client Error: Too Many Requests for url: https://api.mymemory.translated.net/get?q=To+start&langpair=en%7Cks
MyMemory error: 'To start' attempt 6 429 Client Error: Too Many Requests for url: https://api.mymemory.translated.net/get?q=To+start&langpair=en%7Cks
give up: 'To start' 429 Client Error: Too Many Requests for url: https://api.mymemory.translated.net/get?q=To+start&langpair=en%7Cks
MyMemory error: 'To reach' attempt 1 429 Client Error: Too Many Requests for url: https://api.mymemory.translated.net/get?q=To+reach&langpair=en%7Cks
MyMemory error: 'To reach' attempt 2 429 Client Error: Too Many Requests for url: https://api.mymemory.translated.net/get?q=To+reach&langpair=en%7Cks
MyMemory error: 'To reach' attempt 3 429 Client Error: Too Many Requests for url: https://api.mymemory.translated.net/get?q=To+reach&langpair=en%7Cks
MyMemory error: 'To reach' attempt 4 429 Client Error: Too Many Requests for url: https://api.mymemory.translated.net/get?q=To+reach&langpair=en%7Cks
MyMemory error: 'To reach' attempt 5 429 Client Error: Too Many Requests for url: https://api.mymemory.translated.net/get?q=To+reach&langpair=en%7Cks
MyMemory error: 'To reach' attempt 6 429 Client Error: Too Many Requests for url: https://api.mymemory.translated.net/get?q=To+reach&langpair=en%7Cks
give up: 'To reach' 429 Client Error: Too Many Requests for url: https://api.mymemory.translated.net/get?q=To+reach&langpair=en%7Cks
MyMemory error: 'To work' attempt 1 429 Client Error: Too Many Requests for url: https://api.mymemory.translated.net/get?q=To+work&langpair=en%7Cks
MyMemory error: 'To work' attempt 2 429 Client Error: Too Many Requests for url: https://api.mymemory.translated.net/get?q=To+work&langpair=en%7Cks
MyMemory error: 'To work' attempt 3 429 Client Error: Too Many Requests for url: https://api.mymemory.translated.net/get?q=To+work&langpair=en%7Cks
MyMemory error: 'To work' attempt 4 429 Client Error: Too Many Requests for url: https://api.mymemory.translated.net/get?q=To+work&langpair=en%7Cks
MyMemory error: 'To work' attempt 5 429 Client Error: Too Many Requests for url: https://api.mymemory.translated.net/get?q=To+work&langpair=en%7Cks
MyMemory error: 'To work' attempt 6 429 Client Error: Too Many Requests for url: https://api.mymemory.translated.net/get?q=To+work&langpair=en%7Cks
give up: 'To work' 429 Client Error: Too Many Requests for url: https://api.mymemory.translated.net/get?q=To+work&langpair=en%7Cks
MyMemory error: 'To speak/say/talk' attempt 1 429 Client Error: Too Many Requests for url: https://api.mymemory.translated.net/get?q=To+speak%2Fsay%2Ftalk&langpair=en%7Cks
MyMemory error: 'To speak/say/talk' attempt 2 429 Client Error: Too Many Requests for url: https://api.mymemory.translated.net/get?q=To+speak%2Fsay%2Ftalk&langpair=en%7Cks
MyMemory error: 'To speak/say/talk' attempt 3 429 Client Error: Too Many Requests for url: https://api.mymemory.translated.net/get?q=To+speak%2Fsay%2Ftalk&langpair=en%7Cks
MyMemory error: 'To speak/say/talk' attempt 4 429 Client Error: Too Many Requests for url: https://api.mymemory.translated.net/get?q=To+speak%2Fsay%2Ftalk&langpair=en%7Cks
MyMemory error: 'To speak/say/talk' attempt 5 429 Client Error: Too Many Requests for url: https://api.mymemory.translated.net/get?q=To+speak%2Fsay%2Ftalk&langpair=en%7Cks
MyMemory error: 'To speak/say/talk' attempt 6 429 Client Error: Too Many Requests for url: https://api.mymemory.translated.net/get?q=To+speak%2Fsay%2Ftalk&langpair=en%7Cks
give up: 'To speak/say/talk' 429 Client Error: Too Many Requests for url: https://api.mymemory.translated.net/get?q=To+speak%2Fsay%2Ftalk&langpair=en%7Cks
MyMemory error: 'To answer' attempt 1 429 Client Error: Too Many Requests for url: https://api.mymemory.translated.net/get?q=To+answer&langpair=en%7Cks
MyMemory error: 'To answer' attempt 2 429 Client Error: Too Many Requests for url: https://api.mymemory.translated.net/get?q=To+answer&langpair=en%7Cks
MyMemory error: 'To answer' attempt 3 429 Client Error: Too Many Requests for url: https://api.mymemory.translated.net/get?q=To+answer&langpair=en%7Cks
MyMemory error: 'To answer' attempt 4 429 Client Error: Too Many Requests for url: https://api.mymemory.translated.net/get?q=To+answer&langpair=en%7Cks
MyMemory error: 'To answer' attempt 5 429 Client Error: Too Many Requests for url: https://api.mymemory.translated.net/get?q=To+answer&langpair=en%7Cks
MyMemory error: 'To answer' attempt 6 429 Client Error: Too Many Requests for url: https://api.mymemory.translated.net/get?q=To+answer&langpair=en%7Cks
give up: 'To answer' 429 Client Error: Too Many Requests for url: https://api.mymemory.translated.net/get?q=To+answer&langpair=en%7Cks
MyMemory error: 'To send' attempt 1 429 Client Error: Too Many Requests for url: https://api.mymemory.translated.net/get?q=To+send&langpair=en%7Cks
MyMemory error: 'To send' attempt 2 429 Client Error: Too Many Requests for url: https://api.mymemory.translated.net/get?q=To+send&langpair=en%7Cks
MyMemory error: 'To send' attempt 3 429 Client Error: Too Many Requests for url: https://api.mymemory.translated.net/get?q=To+send&langpair=en%7Cks
MyMemory error: 'To send' attempt 4 429 Client Error: Too Many Requests for url: https://api.mymemory.translated.net/get?q=To+send&langpair=en%7Cks
MyMemory error: 'To send' attempt 5 429 Client Error: Too Many Requests for url: https://api.mymemory.translated.net/get?q=To+send&langpair=en%7Cks
MyMemory error: 'To send' attempt 6 429 Client Error: Too Many Requests for url: https://api.mymemory.translated.net/get?q=To+send&langpair=en%7Cks
give up: 'To send' 429 Client Error: Too Many Requests for url: https://api.mymemory.translated.net/get?q=To+send&langpair=en%7Cks
MyMemory error: 'To chitchat' attempt 1 429 Client Error: Too Many Requests for url: https://api.mymemory.translated.net/get?q=To+chitchat&langpair=en%7Cks
MyMemory error: 'To chitchat' attempt 2 429 Client Error: Too Many Requests for url: https://api.mymemory.translated.net/get?q=To+chitchat&langpair=en%7Cks
MyMemory error: 'To chitchat' attempt 3 429 Client Error: Too Many Requests for url: https://api.mymemory.translated.net/get?q=To+chitchat&langpair=en%7Cks
MyMemory error: 'To chitchat' attempt 4 429 Client Error: Too Many Requests for url: https://api.mymemory.translated.net/get?q=To+chitchat&langpair=en%7Cks
MyMemory error: 'To chitchat' attempt 5 429 Client Error: Too Many Requests for url: https://api.mymemory.translated.net/get?q=To+chitchat&langpair=en%7Cks
MyMemory error: 'To chitchat' attempt 6 429 Client Error: Too Many Requests for url: https://api.mymemory.translated.net/get?q=To+chitchat&langpair=en%7Cks
give up: 'To chitchat' 429 Client Error: Too Many Requests for url: https://api.mymemory.translated.net/get?q=To+chitchat&langpair=en%7Cks
MyMemory error: 'To buy' attempt 1 429 Client Error: Too Many Requests for url: https://api.mymemory.translated.net/get?q=To+buy&langpair=en%7Cks
MyMemory error: 'To buy' attempt 2 429 Client Error: Too Many Requests for url: https://api.mymemory.translated.net/get?q=To+buy&langpair=en%7Cks
MyMemory error: 'To buy' attempt 3 429 Client Error: Too Many Requests for url: https://api.mymemory.translated.net/get?q=To+buy&langpair=en%7Cks
MyMemory error: 'To buy' attempt 4 429 Client Error: Too Many Requests for url: https://api.mymemory.translated.net/get?q=To+buy&langpair=en%7Cks
MyMemory error: 'To buy' attempt 5 429 Client Error: Too Many Requests for url: https://api.mymemory.translated.net/get?q=To+buy&langpair=en%7Cks
MyMemory error: 'To buy' attempt 6 429 Client Error: Too Many Requests for url: https://api.mymemory.translated.net/get?q=To+buy&langpair=en%7Cks
give up: 'To buy' 429 Client Error: Too Many Requests for url: https://api.mymemory.translated.net/get?q=To+buy&langpair=en%7Cks
MyMemory error: 'To sell' attempt 1 429 Client Error: Too Many Requests for url: https://api.mymemory.translated.net/get?q=To+sell&langpair=en%7Cks
MyMemory error: 'To sell' attempt 2 429 Client Error: Too Many Requests for url: https://api.mymemory.translated.net/get?q=To+sell&langpair=en%7Cks
MyMemory error: 'To sell' attempt 3 429 Client Error: Too Many Requests for url: https://api.mymemory.translated.net/get?q=To+sell&langpair=en%7Cks
MyMemory error: 'To sell' attempt 4 429 Client Error: Too Many Requests for url: https://api.mymemory.translated.net/get?q=To+sell&langpair=en%7Cks
MyMemory error: 'To sell' attempt 5 429 Client Error: Too Many Requests for url: https://api.mymemory.translated.net/get?q=To+sell&langpair=en%7Cks
MyMemory error: 'To sell' attempt 6 429 Client Error: Too Many Requests for url: https://api.mymemory.translated.net/get?q=To+sell&langpair=en%7Cks
give up: 'To sell' 429 Client Error: Too Many Requests for url: https://api.mymemory.translated.net/get?q=To+sell&langpair=en%7Cks
MyMemory error: 'To put/keep' attempt 1 429 Client Error: Too Many Requests for url: https://api.mymemory.translated.net/get?q=To+put%2Fkeep&langpair=en%7Cks
MyMemory error: 'To put/keep' attempt 2 429 Client Error: Too Many Requests for url: https://api.mymemory.translated.net/get?q=To+put%2Fkeep&langpair=en%7Cks
MyMemory error: 'To put/keep' attempt 3 429 Client Error: Too Many Requests for url: https://api.mymemory.translated.net/get?q=To+put%2Fkeep&langpair=en%7Cks
MyMemory error: 'To put/keep' attempt 4 429 Client Error: Too Many Requests for url: https://api.mymemory.translated.net/get?q=To+put%2Fkeep&langpair=en%7Cks
MyMemory error: 'To put/keep' attempt 5 429 Client Error: Too Many Requests for url: https://api.mymemory.translated.net/get?q=To+put%2Fkeep&langpair=en%7Cks
MyMemory error: 'To put/keep' attempt 6 429 Client Error: Too Many Requests for url: https://api.mymemory.translated.net/get?q=To+put%2Fkeep&langpair=en%7Cks
give up: 'To put/keep' 429 Client Error: Too Many Requests for url: https://api.mymemory.translated.net/get?q=To+put%2Fkeep&langpair=en%7Cks
MyMemory error: 'To put' attempt 1 429 Client Error: Too Many Requests for url: https://api.mymemory.translated.net/get?q=To+put&langpair=en%7Cks
MyMemory error: 'To put' attempt 2 429 Client Error: Too Many Requests for url: https://api.mymemory.translated.net/get?q=To+put&langpair=en%7Cks
MyMemory error: 'To put' attempt 3 429 Client Error: Too Many Requests for url: https://api.mymemory.translated.net/get?q=To+put&langpair=en%7Cks
MyMemory error: 'To put' attempt 4 429 Client Error: Too Many Requests for url: https://api.mymemory.translated.net/get?q=To+put&langpair=en%7Cks
MyMemory error: 'To put' attempt 5 429 Client Error: Too Many Requests for url: https://api.mymemory.translated.net/get?q=To+put&langpair=en%7Cks
MyMemory error: 'To put' attempt 6 429 Client Error: Too Many Requests for url: https://api.mymemory.translated.net/get?q=To+put&langpair=en%7Cks
give up: 'To put' 429 Client Error: Too Many Requests for url: https://api.mymemory.translated.net/get?q=To+put&langpair=en%7Cks
MyMemory error: 'To count' attempt 1 429 Client Error: Too Many Requests for url: https://api.mymemory.translated.net/get?q=To+count&langpair=en%7Cks
MyMemory error: 'To count' attempt 2 429 Client Error: Too Many Requests for url: https://api.mymemory.translated.net/get?q=To+count&langpair=en%7Cks
MyMemory error: 'To count' attempt 3 429 Client Error: Too Many Requests for url: https://api.mymemory.translated.net/get?q=To+count&langpair=en%7Cks
MyMemory error: 'To count' attempt 4 429 Client Error: Too Many Requests for url: https://api.mymemory.translated.net/get?q=To+count&langpair=en%7Cks
MyMemory error: 'To count' attempt 5 429 Client Error: Too Many Requests for url: https://api.mymemory.translated.net/get?q=To+count&langpair=en%7Cks
MyMemory error: 'To count' attempt 6 429 Client Error: Too Many Requests for url: https://api.mymemory.translated.net/get?q=To+count&langpair=en%7Cks
give up: 'To count' 429 Client Error: Too Many Requests for url: https://api.mymemory.translated.net/get?q=To+count&langpair=en%7Cks
…cached 2300 strings
MyMemory error: 'To stand' attempt 1 429 Client Error: Too Many Requests for url: https://api.mymemory.translated.net/get?q=To+stand&langpair=en%7Cks
MyMemory error: 'To stand' attempt 2 429 Client Error: Too Many Requests for url: https://api.mymemory.translated.net/get?q=To+stand&langpair=en%7Cks
MyMemory error: 'To stand' attempt 3 429 Client Error: Too Many Requests for url: https://api.mymemory.translated.net/get?q=To+stand&langpair=en%7Cks
MyMemory error: 'To stand' attempt 4 429 Client Error: Too Many Requests for url: https://api.mymemory.translated.net/get?q=To+stand&langpair=en%7Cks
MyMemory error: 'To stand' attempt 5 429 Client Error: Too Many Requests for url: https://api.mymemory.translated.net/get?q=To+stand&langpair=en%7Cks
MyMemory error: 'To stand' attempt 6 429 Client Error: Too Many Requests for url: https://api.mymemory.translated.net/get?q=To+stand&langpair=en%7Cks
give up: 'To stand' 429 Client Error: Too Many Requests for url: https://api.mymemory.translated.net/get?q=To+stand&langpair=en%7Cks
MyMemory error: 'To listen' attempt 1 429 Client Error: Too Many Requests for url: https://api.mymemory.translated.net/get?q=To+listen&langpair=en%7Cks
MyMemory error: 'To listen' attempt 2 429 Client Error: Too Many Requests for url: https://api.mymemory.translated.net/get?q=To+listen&langpair=en%7Cks
MyMemory error: 'To listen' attempt 3 429 Client Error: Too Many Requests for url: https://api.mymemory.translated.net/get?q=To+listen&langpair=en%7Cks
MyMemory error: 'To listen' attempt 4 429 Client Error: Too Many Requests for url: https://api.mymemory.translated.net/get?q=To+listen&langpair=en%7Cks
MyMemory error: 'To listen' attempt 5 429 Client Error: Too Many Requests for url: https://api.mymemory.translated.net/get?q=To+listen&langpair=en%7Cks
MyMemory error: 'To listen' attempt 6 429 Client Error: Too Many Requests for url: https://api.mymemory.translated.net/get?q=To+listen&langpair=en%7Cks
give up: 'To listen' 429 Client Error: Too Many Requests for url: https://api.mymemory.translated.net/get?q=To+listen&langpair=en%7Cks
MyMemory error: 'To return' attempt 1 429 Client Error: Too Many Requests for url: https://api.mymemory.translated.net/get?q=To+return&langpair=en%7Cks
MyMemory error: 'To return' attempt 2 429 Client Error: Too Many Requests for url: https://api.mymemory.translated.net/get?q=To+return&langpair=en%7Cks
MyMemory error: 'To return' attempt 3 429 Client Error: Too Many Requests for url: https://api.mymemory.translated.net/get?q=To+return&langpair=en%7Cks
MyMemory error: 'To return' attempt 4 429 Client Error: Too Many Requests for url: https://api.mymemory.translated.net/get?q=To+return&langpair=en%7Cks
MyMemory error: 'To return' attempt 5 429 Client Error: Too Many Requests for url: https://api.mymemory.translated.net/get?q=To+return&langpair=en%7Cks
MyMemory error: 'To return' attempt 6 429 Client Error: Too Many Requests for url: https://api.mymemory.translated.net/get?q=To+return&langpair=en%7Cks
give up: 'To return' 429 Client Error: Too Many Requests for url: https://api.mymemory.translated.net/get?q=To+return&langpair=en%7Cks
MyMemory error: 'To open' attempt 1 429 Client Error: Too Many Requests for url: https://api.mymemory.translated.net/get?q=To+open&langpair=en%7Cks
MyMemory error: 'To open' attempt 2 429 Client Error: Too Many Requests for url: https://api.mymemory.translated.net/get?q=To+open&langpair=en%7Cks
MyMemory error: 'To open' attempt 3 429 Client Error: Too Many Requests for url: https://api.mymemory.translated.net/get?q=To+open&langpair=en%7Cks
MyMemory error: 'To open' attempt 4 429 Client Error: Too Many Requests for url: https://api.mymemory.translated.net/get?q=To+open&langpair=en%7Cks
MyMemory error: 'To open' attempt 5 429 Client Error: Too Many Requests for url: https://api.mymemory.translated.net/get?q=To+open&langpair=en%7Cks
MyMemory error: 'To open' attempt 6 429 Client Error: Too Many Requests for url: https://api.mymemory.translated.net/get?q=To+open&langpair=en%7Cks
give up: 'To open' 429 Client Error: Too Many Requests for url: https://api.mymemory.translated.net/get?q=To+open&langpair=en%7Cks
MyMemory error: 'To lift' attempt 1 429 Client Error: Too Many Requests for url: https://api.mymemory.translated.net/get?q=To+lift&langpair=en%7Cks
MyMemory error: 'To lift' attempt 2 429 Client Error: Too Many Requests for url: https://api.mymemory.translated.net/get?q=To+lift&langpair=en%7Cks
MyMemory error: 'To lift' attempt 3 429 Client Error: Too Many Requests for url: https://api.mymemory.translated.net/get?q=To+lift&langpair=en%7Cks
MyMemory error: 'To lift' attempt 4 429 Client Error: Too Many Requests for url: https://api.mymemory.translated.net/get?q=To+lift&langpair=en%7Cks
MyMemory error: 'To lift' attempt 5 429 Client Error: Too Many Requests for url: https://api.mymemory.translated.net/get?q=To+lift&langpair=en%7Cks
MyMemory error: 'To lift' attempt 6 429 Client Error: Too Many Requests for url: https://api.mymemory.translated.net/get?q=To+lift&langpair=en%7Cks
give up: 'To lift' 429 Client Error: Too Many Requests for url: https://api.mymemory.translated.net/get?q=To+lift&langpair=en%7Cks
MyMemory error: 'To play' attempt 1 429 Client Error: Too Many Requests for url: https://api.mymemory.translated.net/get?q=To+play&langpair=en%7Cks
MyMemory error: 'To play' attempt 2 429 Client Error: Too Many Requests for url: https://api.mymemory.translated.net/get?q=To+play&langpair=en%7Cks
MyMemory error: 'To play' attempt 3 429 Client Error: Too Many Requests for url: https://api.mymemory.translated.net/get?q=To+play&langpair=en%7Cks
MyMemory error: 'To play' attempt 4 429 Client Error: Too Many Requests for url: https://api.mymemory.translated.net/get?q=To+play&langpair=en%7Cks
MyMemory error: 'To play' attempt 5 429 Client Error: Too Many Requests for url: https://api.mymemory.translated.net/get?q=To+play&langpair=en%7Cks
MyMemory error: 'To play' attempt 6 429 Client Error: Too Many Requests for url: https://api.mymemory.translated.net/get?q=To+play&langpair=en%7Cks
give up: 'To play' 429 Client Error: Too Many Requests for url: https://api.mymemory.translated.net/get?q=To+play&langpair=en%7Cks
MyMemory error: 'To jump' attempt 1 429 Client Error: Too Many Requests for url: https://api.mymemory.translated.net/get?q=To+jump&langpair=en%7Cks
MyMemory error: 'To jump' attempt 2 429 Client Error: Too Many Requests for url: https://api.mymemory.translated.net/get?q=To+jump&langpair=en%7Cks
MyMemory error: 'To jump' attempt 3 429 Client Error: Too Many Requests for url: https://api.mymemory.translated.net/get?q=To+jump&langpair=en%7Cks
MyMemory error: 'To jump' attempt 4 429 Client Error: Too Many Requests for url: https://api.mymemory.translated.net/get?q=To+jump&langpair=en%7Cks
MyMemory error: 'To jump' attempt 5 429 Client Error: Too Many Requests for url: https://api.mymemory.translated.net/get?q=To+jump&langpair=en%7Cks
MyMemory error: 'To jump' attempt 6 429 Client Error: Too Many Requests for url: https://api.mymemory.translated.net/get?q=To+jump&langpair=en%7Cks
give up: 'To jump' 429 Client Error: Too Many Requests for url: https://api.mymemory.translated.net/get?q=To+jump&langpair=en%7Cks
MyMemory error: 'To hide' attempt 1 429 Client Error: Too Many Requests for url: https://api.mymemory.translated.net/get?q=To+hide&langpair=en%7Cks
MyMemory error: 'To hide' attempt 2 429 Client Error: Too Many Requests for url: https://api.mymemory.translated.net/get?q=To+hide&langpair=en%7Cks
MyMemory error: 'To hide' attempt 3 429 Client Error: Too Many Requests for url: https://api.mymemory.translated.net/get?q=To+hide&langpair=en%7Cks
MyMemory error: 'To hide' attempt 4 429 Client Error: Too Many Requests for url: https://api.mymemory.translated.net/get?q=To+hide&langpair=en%7Cks
MyMemory error: 'To hide' attempt 5 429 Client Error: Too Many Requests for url: https://api.mymemory.translated.net/get?q=To+hide&langpair=en%7Cks
MyMemory error: 'To hide' attempt 6 429 Client Error: Too Many Requests for url: https://api.mymemory.translated.net/get?q=To+hide&langpair=en%7Cks
give up: 'To hide' 429 Client Error: Too Many Requests for url: https://api.mymemory.translated.net/get?q=To+hide&langpair=en%7Cks
MyMemory error: 'To search' attempt 1 429 Client Error: Too Many Requests for url: https://api.mymemory.translated.net/get?q=To+search&langpair=en%7Cks
MyMemory error: 'To search' attempt 2 429 Client Error: Too Many Requests for url: https://api.mymemory.translated.net/get?q=To+search&langpair=en%7Cks
MyMemory error: 'To search' attempt 3 429 Client Error: Too Many Requests for url: https://api.mymemory.translated.net/get?q=To+search&langpair=en%7Cks
MyMemory error: 'To search' attempt 4 429 Client Error: Too Many Requests for url: https://api.mymemory.translated.net/get?q=To+search&langpair=en%7Cks
MyMemory error: 'To search' attempt 5 429 Client Error: Too Many Requests for url: https://api.mymemory.translated.net/get?q=To+search&langpair=en%7Cks
MyMemory error: 'To search' attempt 6 429 Client Error: Too Many Requests for url: https://api.mymemory.translated.net/get?q=To+search&langpair=en%7Cks
give up: 'To search' 429 Client Error: Too Many Requests for url: https://api.mymemory.translated.net/get?q=To+search&langpair=en%7Cks
MyMemory error: 'To recite' attempt 1 429 Client Error: Too Many Requests for url: https://api.mymemory.translated.net/get?q=To+recite&langpair=en%7Cks
MyMemory error: 'To recite' attempt 2 429 Client Error: Too Many Requests for url: https://api.mymemory.translated.net/get?q=To+recite&langpair=en%7Cks
MyMemory error: 'To recite' attempt 3 429 Client Error: Too Many Requests for url: https://api.mymemory.translated.net/get?q=To+recite&langpair=en%7Cks
MyMemory error: 'To recite' attempt 4 429 Client Error: Too Many Requests for url: https://api.mymemory.translated.net/get?q=To+recite&langpair=en%7Cks
MyMemory error: 'To recite' attempt 5 429 Client Error: Too Many Requests for url: https://api.mymemory.translated.net/get?q=To+recite&langpair=en%7Cks
MyMemory error: 'To recite' attempt 6 429 Client Error: Too Many Requests for url: https://api.mymemory.translated.net/get?q=To+recite&langpair=en%7Cks
give up: 'To recite' 429 Client Error: Too Many Requests for url: https://api.mymemory.translated.net/get?q=To+recite&langpair=en%7Cks
MyMemory error: 'To sing' attempt 1 429 Client Error: Too Many Requests for url: https://api.mymemory.translated.net/get?q=To+sing&langpair=en%7Cks
MyMemory error: 'To sing' attempt 2 429 Client Error: Too Many Requests for url: https://api.mymemory.translated.net/get?q=To+sing&langpair=en%7Cks
MyMemory error: 'To sing' attempt 3 429 Client Error: Too Many Requests for url: https://api.mymemory.translated.net/get?q=To+sing&langpair=en%7Cks
MyMemory error: 'To sing' attempt 4 429 Client Error: Too Many Requests for url: https://api.mymemory.translated.net/get?q=To+sing&langpair=en%7Cks
MyMemory error: 'To sing' attempt 5 429 Client Error: Too Many Requests for url: https://api.mymemory.translated.net/get?q=To+sing&langpair=en%7Cks
MyMemory error: 'To sing' attempt 6 429 Client Error: Too Many Requests for url: https://api.mymemory.translated.net/get?q=To+sing&langpair=en%7Cks
give up: 'To sing' 429 Client Error: Too Many Requests for url: https://api.mymemory.translated.net/get?q=To+sing&langpair=en%7Cks
MyMemory error: 'To shout' attempt 1 429 Client Error: Too Many Requests for url: https://api.mymemory.translated.net/get?q=To+shout&langpair=en%7Cks
MyMemory error: 'To shout' attempt 2 429 Client Error: Too Many Requests for url: https://api.mymemory.translated.net/get?q=To+shout&langpair=en%7Cks
MyMemory error: 'To shout' attempt 3 429 Client Error: Too Many Requests for url: https://api.mymemory.translated.net/get?q=To+shout&langpair=en%7Cks
MyMemory error: 'To shout' attempt 4 429 Client Error: Too Many Requests for url: https://api.mymemory.translated.net/get?q=To+shout&langpair=en%7Cks
MyMemory error: 'To shout' attempt 5 429 Client Error: Too Many Requests for url: https://api.mymemory.translated.net/get?q=To+shout&langpair=en%7Cks
MyMemory error: 'To shout' attempt 6 429 Client Error: Too Many Requests for url: https://api.mymemory.translated.net/get?q=To+shout&langpair=en%7Cks
give up: 'To shout' 429 Client Error: Too Many Requests for url: https://api.mymemory.translated.net/get?q=To+shout&langpair=en%7Cks
MyMemory error: 'To throw' attempt 1 429 Client Error: Too Many Requests for url: https://api.mymemory.translated.net/get?q=To+throw&langpair=en%7Cks
MyMemory error: 'To throw' attempt 2 429 Client Error: Too Many Requests for url: https://api.mymemory.translated.net/get?q=To+throw&langpair=en%7Cks
MyMemory error: 'To throw' attempt 3 429 Client Error: Too Many Requests for url: https://api.mymemory.translated.net/get?q=To+throw&langpair=en%7Cks
MyMemory error: 'To throw' attempt 4 429 Client Error: Too Many Requests for url: https://api.mymemory.translated.net/get?q=To+throw&langpair=en%7Cks
MyMemory error: 'To throw' attempt 5 429 Client Error: Too Many Requests for url: https://api.mymemory.translated.net/get?q=To+throw&langpair=en%7Cks
MyMemory error: 'To throw' attempt 6 429 Client Error: Too Many Requests for url: https://api.mymemory.translated.net/get?q=To+throw&langpair=en%7Cks
give up: 'To throw' 429 Client Error: Too Many Requests for url: https://api.mymemory.translated.net/get?q=To+throw&langpair=en%7Cks
MyMemory error: 'To hit' attempt 1 429 Client Error: Too Many Requests for url: https://api.mymemory.translated.net/get?q=To+hit&langpair=en%7Cks
MyMemory error: 'To hit' attempt 2 429 Client Error: Too Many Requests for url: https://api.mymemory.translated.net/get?q=To+hit&langpair=en%7Cks
MyMemory error: 'To hit' attempt 3 429 Client Error: Too Many Requests for url: https://api.mymemory.translated.net/get?q=To+hit&langpair=en%7Cks
MyMemory error: 'To hit' attempt 4 429 Client Error: Too Many Requests for url: https://api.mymemory.translated.net/get?q=To+hit&langpair=en%7Cks
MyMemory error: 'To hit' attempt 5 429 Client Error: Too Many Requests for url: https://api.mymemory.translated.net/get?q=To+hit&langpair=en%7Cks
MyMemory error: 'To hit' attempt 6 429 Client Error: Too Many Requests for url: https://api.mymemory.translated.net/get?q=To+hit&langpair=en%7Cks
give up: 'To hit' 429 Client Error: Too Many Requests for url: https://api.mymemory.translated.net/get?q=To+hit&langpair=en%7Cks
MyMemory error: 'To ask' attempt 1 429 Client Error: Too Many Requests for url: https://api.mymemory.translated.net/get?q=To+ask&langpair=en%7Cks
MyMemory error: 'To ask' attempt 2 429 Client Error: Too Many Requests for url: https://api.mymemory.translated.net/get?q=To+ask&langpair=en%7Cks
MyMemory error: 'To ask' attempt 3 429 Client Error: Too Many Requests for url: https://api.mymemory.translated.net/get?q=To+ask&langpair=en%7Cks
MyMemory error: 'To ask' attempt 4 429 Client Error: Too Many Requests for url: https://api.mymemory.translated.net/get?q=To+ask&langpair=en%7Cks
MyMemory error: 'To ask' attempt 5 429 Client Error: Too Many Requests for url: https://api.mymemory.translated.net/get?q=To+ask&langpair=en%7Cks
MyMemory error: 'To ask' attempt 6 429 Client Error: Too Many Requests for url: https://api.mymemory.translated.net/get?q=To+ask&langpair=en%7Cks
give up: 'To ask' 429 Client Error: Too Many Requests for url: https://api.mymemory.translated.net/get?q=To+ask&langpair=en%7Cks
MyMemory error: 'To clean' attempt 1 429 Client Error: Too Many Requests for url: https://api.mymemory.translated.net/get?q=To+clean&langpair=en%7Cks
MyMemory error: 'To clean' attempt 2 429 Client Error: Too Many Requests for url: https://api.mymemory.translated.net/get?q=To+clean&langpair=en%7Cks
MyMemory error: 'To clean' attempt 3 429 Client Error: Too Many Requests for url: https://api.mymemory.translated.net/get?q=To+clean&langpair=en%7Cks
MyMemory error: 'To clean' attempt 4 429 Client Error: Too Many Requests for url: https://api.mymemory.translated.net/get?q=To+clean&langpair=en%7Cks
MyMemory error: 'To clean' attempt 5 429 Client Error: Too Many Requests for url: https://api.mymemory.translated.net/get?q=To+clean&langpair=en%7Cks
MyMemory error: 'To clean' attempt 6 429 Client Error: Too Many Requests for url: https://api.mymemory.translated.net/get?q=To+clean&langpair=en%7Cks
give up: 'To clean' 429 Client Error: Too Many Requests for url: https://api.mymemory.translated.net/get?q=To+clean&langpair=en%7Cks
MyMemory error: 'To cut' attempt 1 429 Client Error: Too Many Requests for url: https://api.mymemory.translated.net/get?q=To+cut&langpair=en%7Cks
MyMemory error: 'To cut' attempt 2 429 Client Error: Too Many Requests for url: https://api.mymemory.translated.net/get?q=To+cut&langpair=en%7Cks
MyMemory error: 'To cut' attempt 3 429 Client Error: Too Many Requests for url: https://api.mymemory.translated.net/get?q=To+cut&langpair=en%7Cks
MyMemory error: 'To cut' attempt 4 429 Client Error: Too Many Requests for url: https://api.mymemory.translated.net/get?q=To+cut&langpair=en%7Cks
MyMemory error: 'To cut' attempt 5 429 Client Error: Too Many Requests for url: https://api.mymemory.translated.net/get?q=To+cut&langpair=en%7Cks
MyMemory error: 'To cut' attempt 6 429 Client Error: Too Many Requests for url: https://api.mymemory.translated.net/get?q=To+cut&langpair=en%7Cks
give up: 'To cut' 429 Client Error: Too Many Requests for url: https://api.mymemory.translated.net/get?q=To+cut&langpair=en%7Cks
MyMemory error: 'To break' attempt 1 429 Client Error: Too Many Requests for url: https://api.mymemory.translated.net/get?q=To+break&langpair=en%7Cks
MyMemory error: 'To break' attempt 2 429 Client Error: Too Many Requests for url: https://api.mymemory.translated.net/get?q=To+break&langpair=en%7Cks
MyMemory error: 'To break' attempt 3 429 Client Error: Too Many Requests for url: https://api.mymemory.translated.net/get?q=To+break&langpair=en%7Cks
MyMemory error: 'To break' attempt 4 429 Client Error: Too Many Requests for url: https://api.mymemory.translated.net/get?q=To+break&langpair=en%7Cks
MyMemory error: 'To break' attempt 5 429 Client Error: Too Many Requests for url: https://api.mymemory.translated.net/get?q=To+break&langpair=en%7Cks
MyMemory error: 'To break' attempt 6 429 Client Error: Too Many Requests for url: https://api.mymemory.translated.net/get?q=To+break&langpair=en%7Cks
give up: 'To break' 429 Client Error: Too Many Requests for url: https://api.mymemory.translated.net/get?q=To+break&langpair=en%7Cks
MyMemory error: 'To burst' attempt 1 429 Client Error: Too Many Requests for url: https://api.mymemory.translated.net/get?q=To+burst&langpair=en%7Cks
MyMemory error: 'To burst' attempt 2 429 Client Error: Too Many Requests for url: https://api.mymemory.translated.net/get?q=To+burst&langpair=en%7Cks
MyMemory error: 'To burst' attempt 3 429 Client Error: Too Many Requests for url: https://api.mymemory.translated.net/get?q=To+burst&langpair=en%7Cks
MyMemory error: 'To burst' attempt 4 429 Client Error: Too Many Requests for url: https://api.mymemory.translated.net/get?q=To+burst&langpair=en%7Cks
MyMemory error: 'To burst' attempt 5 429 Client Error: Too Many Requests for url: https://api.mymemory.translated.net/get?q=To+burst&langpair=en%7Cks
MyMemory error: 'To burst' attempt 6 429 Client Error: Too Many Requests for url: https://api.mymemory.translated.net/get?q=To+burst&langpair=en%7Cks
give up: 'To burst' 429 Client Error: Too Many Requests for url: https://api.mymemory.translated.net/get?q=To+burst&langpair=en%7Cks
MyMemory error: 'To write' attempt 1 429 Client Error: Too Many Requests for url: https://api.mymemory.translated.net/get?q=To+write&langpair=en%7Cks
MyMemory error: 'To write' attempt 2 429 Client Error: Too Many Requests for url: https://api.mymemory.translated.net/get?q=To+write&langpair=en%7Cks
MyMemory error: 'To write' attempt 3 429 Client Error: Too Many Requests for url: https://api.mymemory.translated.net/get?q=To+write&langpair=en%7Cks
MyMemory error: 'To write' attempt 4 429 Client Error: Too Many Requests for url: https://api.mymemory.translated.net/get?q=To+write&langpair=en%7Cks
MyMemory error: 'To write' attempt 5 429 Client Error: Too Many Requests for url: https://api.mymemory.translated.net/get?q=To+write&langpair=en%7Cks
MyMemory error: 'To write' attempt 6 429 Client Error: Too Many Requests for url: https://api.mymemory.translated.net/get?q=To+write&langpair=en%7Cks
give up: 'To write' 429 Client Error: Too Many Requests for url: https://api.mymemory.translated.net/get?q=To+write&langpair=en%7Cks
MyMemory error: 'Accept' attempt 1 429 Client Error: Too Many Requests for url: https://api.mymemory.translated.net/get?q=Accept&langpair=en%7Cks
MyMemory error: 'Accept' attempt 2 429 Client Error: Too Many Requests for url: https://api.mymemory.translated.net/get?q=Accept&langpair=en%7Cks
MyMemory error: 'Accept' attempt 3 429 Client Error: Too Many Requests for url: https://api.mymemory.translated.net/get?q=Accept&langpair=en%7Cks
MyMemory error: 'Accept' attempt 4 429 Client Error: Too Many Requests for url: https://api.mymemory.translated.net/get?q=Accept&langpair=en%7Cks
MyMemory error: 'Accept' attempt 5 429 Client Error: Too Many Requests for url: https://api.mymemory.translated.net/get?q=Accept&langpair=en%7Cks
MyMemory error: 'Accept' attempt 6 429 Client Error: Too Many Requests for url: https://api.mymemory.translated.net/get?q=Accept&langpair=en%7Cks
give up: 'Accept' 429 Client Error: Too Many Requests for url: https://api.mymemory.translated.net/get?q=Accept&langpair=en%7Cks
MyMemory error: 'Bring' attempt 1 429 Client Error: Too Many Requests for url: https://api.mymemory.translated.net/get?q=Bring&langpair=en%7Cks
MyMemory error: 'Bring' attempt 2 429 Client Error: Too Many Requests for url: https://api.mymemory.translated.net/get?q=Bring&langpair=en%7Cks
MyMemory error: 'Bring' attempt 3 429 Client Error: Too Many Requests for url: https://api.mymemory.translated.net/get?q=Bring&langpair=en%7Cks
MyMemory error: 'Bring' attempt 4 429 Client Error: Too Many Requests for url: https://api.mymemory.translated.net/get?q=Bring&langpair=en%7Cks
MyMemory error: 'Bring' attempt 5 429 Client Error: Too Many Requests for url: https://api.mymemory.translated.net/get?q=Bring&langpair=en%7Cks
MyMemory error: 'Bring' attempt 6 429 Client Error: Too Many Requests for url: https://api.mymemory.translated.net/get?q=Bring&langpair=en%7Cks
give up: 'Bring' 429 Client Error: Too Many Requests for url: https://api.mymemory.translated.net/get?q=Bring&langpair=en%7Cks
MyMemory error: 'Complain' attempt 1 429 Client Error: Too Many Requests for url: https://api.mymemory.translated.net/get?q=Complain&langpair=en%7Cks
MyMemory error: 'Complain' attempt 2 429 Client Error: Too Many Requests for url: https://api.mymemory.translated.net/get?q=Complain&langpair=en%7Cks
MyMemory error: 'Complain' attempt 3 429 Client Error: Too Many Requests for url: https://api.mymemory.translated.net/get?q=Complain&langpair=en%7Cks
MyMemory error: 'Complain' attempt 4 429 Client Error: Too Many Requests for url: https://api.mymemory.translated.net/get?q=Complain&langpair=en%7Cks
MyMemory error: 'Complain' attempt 5 429 Client Error: Too Many Requests for url: https://api.mymemory.translated.net/get?q=Complain&langpair=en%7Cks
MyMemory error: 'Complain' attempt 6 429 Client Error: Too Many Requests for url: https://api.mymemory.translated.net/get?q=Complain&langpair=en%7Cks
give up: 'Complain' 429 Client Error: Too Many Requests for url: https://api.mymemory.translated.net/get?q=Complain&langpair=en%7Cks
MyMemory error: 'Draw' attempt 1 429 Client Error: Too Many Requests for url: https://api.mymemory.translated.net/get?q=Draw&langpair=en%7Cks
MyMemory error: 'Draw' attempt 2 429 Client Error: Too Many Requests for url: https://api.mymemory.translated.net/get?q=Draw&langpair=en%7Cks
MyMemory error: 'Draw' attempt 3 429 Client Error: Too Many Requests for url: https://api.mymemory.translated.net/get?q=Draw&langpair=en%7Cks
MyMemory error: 'Draw' attempt 4 429 Client Error: Too Many Requests for url: https://api.mymemory.translated.net/get?q=Draw&langpair=en%7Cks
MyMemory error: 'Draw' attempt 5 429 Client Error: Too Many Requests for url: https://api.mymemory.translated.net/get?q=Draw&langpair=en%7Cks
MyMemory error: 'Draw' attempt 6 429 Client Error: Too Many Requests for url: https://api.mymemory.translated.net/get?q=Draw&langpair=en%7Cks
give up: 'Draw' 429 Client Error: Too Many Requests for url: https://api.mymemory.translated.net/get?q=Draw&langpair=en%7Cks
MyMemory error: 'Fall' attempt 1 429 Client Error: Too Many Requests for url: https://api.mymemory.translated.net/get?q=Fall&langpair=en%7Cks
MyMemory error: 'Fall' attempt 2 429 Client Error: Too Many Requests for url: https://api.mymemory.translated.net/get?q=Fall&langpair=en%7Cks
MyMemory error: 'Fall' attempt 3 429 Client Error: Too Many Requests for url: https://api.mymemory.translated.net/get?q=Fall&langpair=en%7Cks
MyMemory error: 'Fall' attempt 4 429 Client Error: Too Many Requests for url: https://api.mymemory.translated.net/get?q=Fall&langpair=en%7Cks
MyMemory error: 'Fall' attempt 5 429 Client Error: Too Many Requests for url: https://api.mymemory.translated.net/get?q=Fall&langpair=en%7Cks
MyMemory error: 'Fall' attempt 6 429 Client Error: Too Many Requests for url: https://api.mymemory.translated.net/get?q=Fall&langpair=en%7Cks
give up: 'Fall' 429 Client Error: Too Many Requests for url: https://api.mymemory.translated.net/get?q=Fall&langpair=en%7Cks
MyMemory error: 'Fill' attempt 1 429 Client Error: Too Many Requests for url: https://api.mymemory.translated.net/get?q=Fill&langpair=en%7Cks
MyMemory error: 'Fill' attempt 2 429 Client Error: Too Many Requests for url: https://api.mymemory.translated.net/get?q=Fill&langpair=en%7Cks
MyMemory error: 'Fill' attempt 3 429 Client Error: Too Many Requests for url: https://api.mymemory.translated.net/get?q=Fill&langpair=en%7Cks
MyMemory error: 'Fill' attempt 4 429 Client Error: Too Many Requests for url: https://api.mymemory.translated.net/get?q=Fill&langpair=en%7Cks
MyMemory error: 'Fill' attempt 5 429 Client Error: Too Many Requests for url: https://api.mymemory.translated.net/get?q=Fill&langpair=en%7Cks
MyMemory error: 'Fill' attempt 6 429 Client Error: Too Many Requests for url: https://api.mymemory.translated.net/get?q=Fill&langpair=en%7Cks
give up: 'Fill' 429 Client Error: Too Many Requests for url: https://api.mymemory.translated.net/get?q=Fill&langpair=en%7Cks
MyMemory error: 'Start/begin' attempt 1 429 Client Error: Too Many Requests for url: https://api.mymemory.translated.net/get?q=Start%2Fbegin&langpair=en%7Cks
MyMemory error: 'Start/begin' attempt 2 429 Client Error: Too Many Requests for url: https://api.mymemory.translated.net/get?q=Start%2Fbegin&langpair=en%7Cks
MyMemory error: 'Start/begin' attempt 3 429 Client Error: Too Many Requests for url: https://api.mymemory.translated.net/get?q=Start%2Fbegin&langpair=en%7Cks
MyMemory error: 'Start/begin' attempt 4 429 Client Error: Too Many Requests for url: https://api.mymemory.translated.net/get?q=Start%2Fbegin&langpair=en%7Cks
MyMemory error: 'Start/begin' attempt 5 429 Client Error: Too Many Requests for url: https://api.mymemory.translated.net/get?q=Start%2Fbegin&langpair=en%7Cks
MyMemory error: 'Start/begin' attempt 6 429 Client Error: Too Many Requests for url: https://api.mymemory.translated.net/get?q=Start%2Fbegin&langpair=en%7Cks
give up: 'Start/begin' 429 Client Error: Too Many Requests for url: https://api.mymemory.translated.net/get?q=Start%2Fbegin&langpair=en%7Cks
MyMemory error: 'Finish' attempt 1 429 Client Error: Too Many Requests for url: https://api.mymemory.translated.net/get?q=Finish&langpair=en%7Cks
MyMemory error: 'Finish' attempt 2 429 Client Error: Too Many Requests for url: https://api.mymemory.translated.net/get?q=Finish&langpair=en%7Cks
MyMemory error: 'Finish' attempt 3 429 Client Error: Too Many Requests for url: https://api.mymemory.translated.net/get?q=Finish&langpair=en%7Cks
MyMemory error: 'Finish' attempt 4 429 Client Error: Too Many Requests for url: https://api.mymemory.translated.net/get?q=Finish&langpair=en%7Cks
MyMemory error: 'Finish' attempt 5 429 Client Error: Too Many Requests for url: https://api.mymemory.translated.net/get?q=Finish&langpair=en%7Cks
MyMemory error: 'Finish' attempt 6 429 Client Error: Too Many Requests for url: https://api.mymemory.translated.net/get?q=Finish&langpair=en%7Cks
give up: 'Finish' 429 Client Error: Too Many Requests for url: https://api.mymemory.translated.net/get?q=Finish&langpair=en%7Cks
MyMemory error: 'Live' attempt 1 429 Client Error: Too Many Requests for url: https://api.mymemory.translated.net/get?q=Live&langpair=en%7Cks
MyMemory error: 'Live' attempt 2 429 Client Error: Too Many Requests for url: https://api.mymemory.translated.net/get?q=Live&langpair=en%7Cks
MyMemory error: 'Live' attempt 3 429 Client Error: Too Many Requests for url: https://api.mymemory.translated.net/get?q=Live&langpair=en%7Cks
MyMemory error: 'Live' attempt 4 429 Client Error: Too Many Requests for url: https://api.mymemory.translated.net/get?q=Live&langpair=en%7Cks
MyMemory error: 'Live' attempt 5 429 Client Error: Too Many Requests for url: https://api.mymemory.translated.net/get?q=Live&langpair=en%7Cks
MyMemory error: 'Live' attempt 6 429 Client Error: Too Many Requests for url: https://api.mymemory.translated.net/get?q=Live&langpair=en%7Cks
give up: 'Live' 429 Client Error: Too Many Requests for url: https://api.mymemory.translated.net/get?q=Live&langpair=en%7Cks
MyMemory error: 'See/watch/look' attempt 1 429 Client Error: Too Many Requests for url: https://api.mymemory.translated.net/get?q=See%2Fwatch%2Flook&langpair=en%7Cks
MyMemory error: 'See/watch/look' attempt 2 429 Client Error: Too Many Requests for url: https://api.mymemory.translated.net/get?q=See%2Fwatch%2Flook&langpair=en%7Cks
MyMemory error: 'See/watch/look' attempt 3 429 Client Error: Too Many Requests for url: https://api.mymemory.translated.net/get?q=See%2Fwatch%2Flook&langpair=en%7Cks
MyMemory error: 'See/watch/look' attempt 4 429 Client Error: Too Many Requests for url: https://api.mymemory.translated.net/get?q=See%2Fwatch%2Flook&langpair=en%7Cks
MyMemory error: 'See/watch/look' attempt 5 429 Client Error: Too Many Requests for url: https://api.mymemory.translated.net/get?q=See%2Fwatch%2Flook&langpair=en%7Cks
MyMemory error: 'See/watch/look' attempt 6 429 Client Error: Too Many Requests for url: https://api.mymemory.translated.net/get?q=See%2Fwatch%2Flook&langpair=en%7Cks
give up: 'See/watch/look' 429 Client Error: Too Many Requests for url: https://api.mymemory.translated.net/get?q=See%2Fwatch%2Flook&langpair=en%7Cks
MyMemory error: 'Use' attempt 1 429 Client Error: Too Many Requests for url: https://api.mymemory.translated.net/get?q=Use&langpair=en%7Cks
MyMemory error: 'Use' attempt 2 429 Client Error: Too Many Requests for url: https://api.mymemory.translated.net/get?q=Use&langpair=en%7Cks
MyMemory error: 'Use' attempt 3 429 Client Error: Too Many Requests for url: https://api.mymemory.translated.net/get?q=Use&langpair=en%7Cks
MyMemory error: 'Use' attempt 4 429 Client Error: Too Many Requests for url: https://api.mymemory.translated.net/get?q=Use&langpair=en%7Cks
MyMemory error: 'Use' attempt 5 429 Client Error: Too Many Requests for url: https://api.mymemory.translated.net/get?q=Use&langpair=en%7Cks
MyMemory error: 'Use' attempt 6 429 Client Error: Too Many Requests for url: https://api.mymemory.translated.net/get?q=Use&langpair=en%7Cks
give up: 'Use' 429 Client Error: Too Many Requests for url: https://api.mymemory.translated.net/get?q=Use&langpair=en%7Cks
MyMemory error: 'Teach' attempt 1 429 Client Error: Too Many Requests for url: https://api.mymemory.translated.net/get?q=Teach&langpair=en%7Cks
MyMemory error: 'Teach' attempt 2 429 Client Error: Too Many Requests for url: https://api.mymemory.translated.net/get?q=Teach&langpair=en%7Cks
MyMemory error: 'Teach' attempt 3 429 Client Error: Too Many Requests for url: https://api.mymemory.translated.net/get?q=Teach&langpair=en%7Cks
MyMemory error: 'Teach' attempt 4 429 Client Error: Too Many Requests for url: https://api.mymemory.translated.net/get?q=Teach&langpair=en%7Cks
MyMemory error: 'Teach' attempt 5 429 Client Error: Too Many Requests for url: https://api.mymemory.translated.net/get?q=Teach&langpair=en%7Cks
MyMemory error: 'Teach' attempt 6 429 Client Error: Too Many Requests for url: https://api.mymemory.translated.net/get?q=Teach&langpair=en%7Cks
give up: 'Teach' 429 Client Error: Too Many Requests for url: https://api.mymemory.translated.net/get?q=Teach&langpair=en%7Cks
MyMemory error: 'Study' attempt 1 429 Client Error: Too Many Requests for url: https://api.mymemory.translated.net/get?q=Study&langpair=en%7Cks
MyMemory error: 'Study' attempt 2 429 Client Error: Too Many Requests for url: https://api.mymemory.translated.net/get?q=Study&langpair=en%7Cks
MyMemory error: 'Study' attempt 3 429 Client Error: Too Many Requests for url: https://api.mymemory.translated.net/get?q=Study&langpair=en%7Cks
MyMemory error: 'Study' attempt 4 429 Client Error: Too Many Requests for url: https://api.mymemory.translated.net/get?q=Study&langpair=en%7Cks
MyMemory error: 'Study' attempt 5 429 Client Error: Too Many Requests for url: https://api.mymemory.translated.net/get?q=Study&langpair=en%7Cks
MyMemory error: 'Study' attempt 6 429 Client Error: Too Many Requests for url: https://api.mymemory.translated.net/get?q=Study&langpair=en%7Cks
give up: 'Study' 429 Client Error: Too Many Requests for url: https://api.mymemory.translated.net/get?q=Study&langpair=en%7Cks
MyMemory error: 'Read' attempt 1 429 Client Error: Too Many Requests for url: https://api.mymemory.translated.net/get?q=Read&langpair=en%7Cks
MyMemory error: 'Read' attempt 2 429 Client Error: Too Many Requests for url: https://api.mymemory.translated.net/get?q=Read&langpair=en%7Cks
MyMemory error: 'Read' attempt 3 429 Client Error: Too Many Requests for url: https://api.mymemory.translated.net/get?q=Read&langpair=en%7Cks
MyMemory error: 'Read' attempt 4 429 Client Error: Too Many Requests for url: https://api.mymemory.translated.net/get?q=Read&langpair=en%7Cks
MyMemory error: 'Read' attempt 5 429 Client Error: Too Many Requests for url: https://api.mymemory.translated.net/get?q=Read&langpair=en%7Cks
MyMemory error: 'Read' attempt 6 429 Client Error: Too Many Requests for url: https://api.mymemory.translated.net/get?q=Read&langpair=en%7Cks
give up: 'Read' 429 Client Error: Too Many Requests for url: https://api.mymemory.translated.net/get?q=Read&langpair=en%7Cks
MyMemory error: 'Make/prepare' attempt 1 429 Client Error: Too Many Requests for url: https://api.mymemory.translated.net/get?q=Make%2Fprepare&langpair=en%7Cks
MyMemory error: 'Make/prepare' attempt 2 429 Client Error: Too Many Requests for url: https://api.mymemory.translated.net/get?q=Make%2Fprepare&langpair=en%7Cks
MyMemory error: 'Make/prepare' attempt 3 429 Client Error: Too Many Requests for url: https://api.mymemory.translated.net/get?q=Make%2Fprepare&langpair=en%7Cks
MyMemory error: 'Make/prepare' attempt 4 429 Client Error: Too Many Requests for url: https://api.mymemory.translated.net/get?q=Make%2Fprepare&langpair=en%7Cks
MyMemory error: 'Make/prepare' attempt 5 429 Client Error: Too Many Requests for url: https://api.mymemory.translated.net/get?q=Make%2Fprepare&langpair=en%7Cks
MyMemory error: 'Make/prepare' attempt 6 429 Client Error: Too Many Requests for url: https://api.mymemory.translated.net/get?q=Make%2Fprepare&langpair=en%7Cks
give up: 'Make/prepare' 429 Client Error: Too Many Requests for url: https://api.mymemory.translated.net/get?q=Make%2Fprepare&langpair=en%7Cks
MyMemory error: 'Fly' attempt 1 429 Client Error: Too Many Requests for url: https://api.mymemory.translated.net/get?q=Fly&langpair=en%7Cks
MyMemory error: 'Fly' attempt 2 429 Client Error: Too Many Requests for url: https://api.mymemory.translated.net/get?q=Fly&langpair=en%7Cks
MyMemory error: 'Fly' attempt 3 429 Client Error: Too Many Requests for url: https://api.mymemory.translated.net/get?q=Fly&langpair=en%7Cks
MyMemory error: 'Fly' attempt 4 429 Client Error: Too Many Requests for url: https://api.mymemory.translated.net/get?q=Fly&langpair=en%7Cks
MyMemory error: 'Fly' attempt 5 429 Client Error: Too Many Requests for url: https://api.mymemory.translated.net/get?q=Fly&langpair=en%7Cks
MyMemory error: 'Fly' attempt 6 429 Client Error: Too Many Requests for url: https://api.mymemory.translated.net/get?q=Fly&langpair=en%7Cks
give up: 'Fly' 429 Client Error: Too Many Requests for url: https://api.mymemory.translated.net/get?q=Fly&langpair=en%7Cks
MyMemory error: 'Get bored' attempt 1 429 Client Error: Too Many Requests for url: https://api.mymemory.translated.net/get?q=Get+bored&langpair=en%7Cks
MyMemory error: 'Get bored' attempt 2 429 Client Error: Too Many Requests for url: https://api.mymemory.translated.net/get?q=Get+bored&langpair=en%7Cks
MyMemory error: 'Get bored' attempt 3 429 Client Error: Too Many Requests for url: https://api.mymemory.translated.net/get?q=Get+bored&langpair=en%7Cks
MyMemory error: 'Get bored' attempt 4 429 Client Error: Too Many Requests for url: https://api.mymemory.translated.net/get?q=Get+bored&langpair=en%7Cks
MyMemory error: 'Get bored' attempt 5 429 Client Error: Too Many Requests for url: https://api.mymemory.translated.net/get?q=Get+bored&langpair=en%7Cks
MyMemory error: 'Get bored' attempt 6 429 Client Error: Too Many Requests for url: https://api.mymemory.translated.net/get?q=Get+bored&langpair=en%7Cks
give up: 'Get bored' 429 Client Error: Too Many Requests for url: https://api.mymemory.translated.net/get?q=Get+bored&langpair=en%7Cks
MyMemory error: 'Leave' attempt 1 429 Client Error: Too Many Requests for url: https://api.mymemory.translated.net/get?q=Leave&langpair=en%7Cks
MyMemory error: 'Leave' attempt 2 429 Client Error: Too Many Requests for url: https://api.mymemory.translated.net/get?q=Leave&langpair=en%7Cks
MyMemory error: 'Leave' attempt 3 429 Client Error: Too Many Requests for url: https://api.mymemory.translated.net/get?q=Leave&langpair=en%7Cks
MyMemory error: 'Leave' attempt 4 429 Client Error: Too Many Requests for url: https://api.mymemory.translated.net/get?q=Leave&langpair=en%7Cks
MyMemory error: 'Leave' attempt 5 429 Client Error: Too Many Requests for url: https://api.mymemory.translated.net/get?q=Leave&langpair=en%7Cks
MyMemory error: 'Leave' attempt 6 429 Client Error: Too Many Requests for url: https://api.mymemory.translated.net/get?q=Leave&langpair=en%7Cks
give up: 'Leave' 429 Client Error: Too Many Requests for url: https://api.mymemory.translated.net/get?q=Leave&langpair=en%7Cks
MyMemory error: 'Want/need' attempt 1 429 Client Error: Too Many Requests for url: https://api.mymemory.translated.net/get?q=Want%2Fneed&langpair=en%7Cks
MyMemory error: 'Want/need' attempt 2 429 Client Error: Too Many Requests for url: https://api.mymemory.translated.net/get?q=Want%2Fneed&langpair=en%7Cks
MyMemory error: 'Want/need' attempt 3 429 Client Error: Too Many Requests for url: https://api.mymemory.translated.net/get?q=Want%2Fneed&langpair=en%7Cks
MyMemory error: 'Want/need' attempt 4 429 Client Error: Too Many Requests for url: https://api.mymemory.translated.net/get?q=Want%2Fneed&langpair=en%7Cks
MyMemory error: 'Want/need' attempt 5 429 Client Error: Too Many Requests for url: https://api.mymemory.translated.net/get?q=Want%2Fneed&langpair=en%7Cks
MyMemory error: 'Want/need' attempt 6 429 Client Error: Too Many Requests for url: https://api.mymemory.translated.net/get?q=Want%2Fneed&langpair=en%7Cks
give up: 'Want/need' 429 Client Error: Too Many Requests for url: https://api.mymemory.translated.net/get?q=Want%2Fneed&langpair=en%7Cks
MyMemory error: 'Sign' attempt 1 429 Client Error: Too Many Requests for url: https://api.mymemory.translated.net/get?q=Sign&langpair=en%7Cks
MyMemory error: 'Sign' attempt 2 429 Client Error: Too Many Requests for url: https://api.mymemory.translated.net/get?q=Sign&langpair=en%7Cks
MyMemory error: 'Sign' attempt 3 429 Client Error: Too Many Requests for url: https://api.mymemory.translated.net/get?q=Sign&langpair=en%7Cks
MyMemory error: 'Sign' attempt 4 429 Client Error: Too Many Requests for url: https://api.mymemory.translated.net/get?q=Sign&langpair=en%7Cks
MyMemory error: 'Sign' attempt 5 429 Client Error: Too Many Requests for url: https://api.mymemory.translated.net/get?q=Sign&langpair=en%7Cks
MyMemory error: 'Sign' attempt 6 429 Client Error: Too Many Requests for url: https://api.mymemory.translated.net/get?q=Sign&langpair=en%7Cks
give up: 'Sign' 429 Client Error: Too Many Requests for url: https://api.mymemory.translated.net/get?q=Sign&langpair=en%7Cks
MyMemory error: 'Swim' attempt 1 429 Client Error: Too Many Requests for url: https://api.mymemory.translated.net/get?q=Swim&langpair=en%7Cks
MyMemory error: 'Swim' attempt 2 429 Client Error: Too Many Requests for url: https://api.mymemory.translated.net/get?q=Swim&langpair=en%7Cks
MyMemory error: 'Swim' attempt 3 429 Client Error: Too Many Requests for url: https://api.mymemory.translated.net/get?q=Swim&langpair=en%7Cks
MyMemory error: 'Swim' attempt 4 429 Client Error: Too Many Requests for url: https://api.mymemory.translated.net/get?q=Swim&langpair=en%7Cks
MyMemory error: 'Swim' attempt 5 429 Client Error: Too Many Requests for url: https://api.mymemory.translated.net/get?q=Swim&langpair=en%7Cks
MyMemory error: 'Swim' attempt 6 429 Client Error: Too Many Requests for url: https://api.mymemory.translated.net/get?q=Swim&langpair=en%7Cks
give up: 'Swim' 429 Client Error: Too Many Requests for url: https://api.mymemory.translated.net/get?q=Swim&langpair=en%7Cks
MyMemory error: 'Try' attempt 1 429 Client Error: Too Many Requests for url: https://api.mymemory.translated.net/get?q=Try&langpair=en%7Cks
MyMemory error: 'Try' attempt 2 429 Client Error: Too Many Requests for url: https://api.mymemory.translated.net/get?q=Try&langpair=en%7Cks
MyMemory error: 'Try' attempt 3 429 Client Error: Too Many Requests for url: https://api.mymemory.translated.net/get?q=Try&langpair=en%7Cks
MyMemory error: 'Try' attempt 4 429 Client Error: Too Many Requests for url: https://api.mymemory.translated.net/get?q=Try&langpair=en%7Cks
MyMemory error: 'Try' attempt 5 429 Client Error: Too Many Requests for url: https://api.mymemory.translated.net/get?q=Try&langpair=en%7Cks
MyMemory error: 'Try' attempt 6 429 Client Error: Too Many Requests for url: https://api.mymemory.translated.net/get?q=Try&langpair=en%7Cks
give up: 'Try' 429 Client Error: Too Many Requests for url: https://api.mymemory.translated.net/get?q=Try&langpair=en%7Cks
MyMemory error: 'Worry' attempt 1 429 Client Error: Too Many Requests for url: https://api.mymemory.translated.net/get?q=Worry&langpair=en%7Cks
MyMemory error: 'Worry' attempt 2 429 Client Error: Too Many Requests for url: https://api.mymemory.translated.net/get?q=Worry&langpair=en%7Cks
MyMemory error: 'Worry' attempt 3 429 Client Error: Too Many Requests for url: https://api.mymemory.translated.net/get?q=Worry&langpair=en%7Cks
MyMemory error: 'Worry' attempt 4 429 Client Error: Too Many Requests for url: https://api.mymemory.translated.net/get?q=Worry&langpair=en%7Cks
MyMemory error: 'Worry' attempt 5 429 Client Error: Too Many Requests for url: https://api.mymemory.translated.net/get?q=Worry&langpair=en%7Cks
MyMemory error: 'Worry' attempt 6 429 Client Error: Too Many Requests for url: https://api.mymemory.translated.net/get?q=Worry&langpair=en%7Cks
give up: 'Worry' 429 Client Error: Too Many Requests for url: https://api.mymemory.translated.net/get?q=Worry&langpair=en%7Cks
MyMemory error: 'Achieve' attempt 1 429 Client Error: Too Many Requests for url: https://api.mymemory.translated.net/get?q=Achieve&langpair=en%7Cks
MyMemory error: 'Achieve' attempt 2 429 Client Error: Too Many Requests for url: https://api.mymemory.translated.net/get?q=Achieve&langpair=en%7Cks
MyMemory error: 'Achieve' attempt 3 429 Client Error: Too Many Requests for url: https://api.mymemory.translated.net/get?q=Achieve&langpair=en%7Cks
MyMemory error: 'Achieve' attempt 4 429 Client Error: Too Many Requests for url: https://api.mymemory.translated.net/get?q=Achieve&langpair=en%7Cks
MyMemory error: 'Achieve' attempt 5 429 Client Error: Too Many Requests for url: https://api.mymemory.translated.net/get?q=Achieve&langpair=en%7Cks
MyMemory error: 'Achieve' attempt 6 429 Client Error: Too Many Requests for url: https://api.mymemory.translated.net/get?q=Achieve&langpair=en%7Cks
give up: 'Achieve' 429 Client Error: Too Many Requests for url: https://api.mymemory.translated.net/get?q=Achieve&langpair=en%7Cks
MyMemory error: 'Admit (mistake)' attempt 1 429 Client Error: Too Many Requests for url: https://api.mymemory.translated.net/get?q=Admit+%28mistake%29&langpair=en%7Cks
MyMemory error: 'Admit (mistake)' attempt 2 429 Client Error: Too Many Requests for url: https://api.mymemory.translated.net/get?q=Admit+%28mistake%29&langpair=en%7Cks
MyMemory error: 'Admit (mistake)' attempt 3 429 Client Error: Too Many Requests for url: https://api.mymemory.translated.net/get?q=Admit+%28mistake%29&langpair=en%7Cks
MyMemory error: 'Admit (mistake)' attempt 4 429 Client Error: Too Many Requests for url: https://api.mymemory.translated.net/get?q=Admit+%28mistake%29&langpair=en%7Cks
MyMemory error: 'Admit (mistake)' attempt 5 429 Client Error: Too Many Requests for url: https://api.mymemory.translated.net/get?q=Admit+%28mistake%29&langpair=en%7Cks
MyMemory error: 'Admit (mistake)' attempt 6 429 Client Error: Too Many Requests for url: https://api.mymemory.translated.net/get?q=Admit+%28mistake%29&langpair=en%7Cks
give up: 'Admit (mistake)' 429 Client Error: Too Many Requests for url: https://api.mymemory.translated.net/get?q=Admit+%28mistake%29&langpair=en%7Cks
MyMemory error: 'Admit (school)' attempt 1 429 Client Error: Too Many Requests for url: https://api.mymemory.translated.net/get?q=Admit+%28school%29&langpair=en%7Cks
MyMemory error: 'Admit (school)' attempt 2 429 Client Error: Too Many Requests for url: https://api.mymemory.translated.net/get?q=Admit+%28school%29&langpair=en%7Cks
MyMemory error: 'Admit (school)' attempt 3 429 Client Error: Too Many Requests for url: https://api.mymemory.translated.net/get?q=Admit+%28school%29&langpair=en%7Cks
MyMemory error: 'Admit (school)' attempt 4 429 Client Error: Too Many Requests for url: https://api.mymemory.translated.net/get?q=Admit+%28school%29&langpair=en%7Cks
MyMemory error: 'Admit (school)' attempt 5 429 Client Error: Too Many Requests for url: https://api.mymemory.translated.net/get?q=Admit+%28school%29&langpair=en%7Cks
MyMemory error: 'Admit (school)' attempt 6 429 Client Error: Too Many Requests for url: https://api.mymemory.translated.net/get?q=Admit+%28school%29&langpair=en%7Cks
give up: 'Admit (school)' 429 Client Error: Too Many Requests for url: https://api.mymemory.translated.net/get?q=Admit+%28school%29&langpair=en%7Cks
MyMemory error: 'Afford' attempt 1 429 Client Error: Too Many Requests for url: https://api.mymemory.translated.net/get?q=Afford&langpair=en%7Cks
MyMemory error: 'Afford' attempt 2 429 Client Error: Too Many Requests for url: https://api.mymemory.translated.net/get?q=Afford&langpair=en%7Cks
MyMemory error: 'Afford' attempt 3 429 Client Error: Too Many Requests for url: https://api.mymemory.translated.net/get?q=Afford&langpair=en%7Cks
MyMemory error: 'Afford' attempt 4 429 Client Error: Too Many Requests for url: https://api.mymemory.translated.net/get?q=Afford&langpair=en%7Cks
MyMemory error: 'Afford' attempt 5 429 Client Error: Too Many Requests for url: https://api.mymemory.translated.net/get?q=Afford&langpair=en%7Cks
MyMemory error: 'Afford' attempt 6 429 Client Error: Too Many Requests for url: https://api.mymemory.translated.net/get?q=Afford&langpair=en%7Cks
give up: 'Afford' 429 Client Error: Too Many Requests for url: https://api.mymemory.translated.net/get?q=Afford&langpair=en%7Cks
MyMemory error: 'Win' attempt 1 429 Client Error: Too Many Requests for url: https://api.mymemory.translated.net/get?q=Win&langpair=en%7Cks
MyMemory error: 'Win' attempt 2 429 Client Error: Too Many Requests for url: https://api.mymemory.translated.net/get?q=Win&langpair=en%7Cks
MyMemory error: 'Win' attempt 3 429 Client Error: Too Many Requests for url: https://api.mymemory.translated.net/get?q=Win&langpair=en%7Cks
MyMemory error: 'Win' attempt 4 429 Client Error: Too Many Requests for url: https://api.mymemory.translated.net/get?q=Win&langpair=en%7Cks
MyMemory error: 'Win' attempt 5 429 Client Error: Too Many Requests for url: https://api.mymemory.translated.net/get?q=Win&langpair=en%7Cks
MyMemory error: 'Win' attempt 6 429 Client Error: Too Many Requests for url: https://api.mymemory.translated.net/get?q=Win&langpair=en%7Cks
give up: 'Win' 429 Client Error: Too Many Requests for url: https://api.mymemory.translated.net/get?q=Win&langpair=en%7Cks
MyMemory error: 'Lose' attempt 1 429 Client Error: Too Many Requests for url: https://api.mymemory.translated.net/get?q=Lose&langpair=en%7Cks
MyMemory error: 'Lose' attempt 2 429 Client Error: Too Many Requests for url: https://api.mymemory.translated.net/get?q=Lose&langpair=en%7Cks
MyMemory error: 'Lose' attempt 3 429 Client Error: Too Many Requests for url: https://api.mymemory.translated.net/get?q=Lose&langpair=en%7Cks
MyMemory error: 'Lose' attempt 4 429 Client Error: Too Many Requests for url: https://api.mymemory.translated.net/get?q=Lose&langpair=en%7Cks
MyMemory error: 'Lose' attempt 5 429 Client Error: Too Many Requests for url: https://api.mymemory.translated.net/get?q=Lose&langpair=en%7Cks
MyMemory error: 'Lose' attempt 6 429 Client Error: Too Many Requests for url: https://api.mymemory.translated.net/get?q=Lose&langpair=en%7Cks
give up: 'Lose' 429 Client Error: Too Many Requests for url: https://api.mymemory.translated.net/get?q=Lose&langpair=en%7Cks
MyMemory error: 'Shake' attempt 1 429 Client Error: Too Many Requests for url: https://api.mymemory.translated.net/get?q=Shake&langpair=en%7Cks
MyMemory error: 'Shake' attempt 2 429 Client Error: Too Many Requests for url: https://api.mymemory.translated.net/get?q=Shake&langpair=en%7Cks
MyMemory error: 'Shake' attempt 3 429 Client Error: Too Many Requests for url: https://api.mymemory.translated.net/get?q=Shake&langpair=en%7Cks
MyMemory error: 'Shake' attempt 4 429 Client Error: Too Many Requests for url: https://api.mymemory.translated.net/get?q=Shake&langpair=en%7Cks
MyMemory error: 'Shake' attempt 5 429 Client Error: Too Many Requests for url: https://api.mymemory.translated.net/get?q=Shake&langpair=en%7Cks
MyMemory error: 'Shake' attempt 6 429 Client Error: Too Many Requests for url: https://api.mymemory.translated.net/get?q=Shake&langpair=en%7Cks
give up: 'Shake' 429 Client Error: Too Many Requests for url: https://api.mymemory.translated.net/get?q=Shake&langpair=en%7Cks
…cached 2350 strings
MyMemory error: 'Decide' attempt 1 429 Client Error: Too Many Requests for url: https://api.mymemory.translated.net/get?q=Decide&langpair=en%7Cks
MyMemory error: 'Decide' attempt 2 429 Client Error: Too Many Requests for url: https://api.mymemory.translated.net/get?q=Decide&langpair=en%7Cks
MyMemory error: 'Decide' attempt 3 429 Client Error: Too Many Requests for url: https://api.mymemory.translated.net/get?q=Decide&langpair=en%7Cks
MyMemory error: 'Decide' attempt 4 429 Client Error: Too Many Requests for url: https://api.mymemory.translated.net/get?q=Decide&langpair=en%7Cks
MyMemory error: 'Decide' attempt 5 429 Client Error: Too Many Requests for url: https://api.mymemory.translated.net/get?q=Decide&langpair=en%7Cks
MyMemory error: 'Decide' attempt 6 429 Client Error: Too Many Requests for url: https://api.mymemory.translated.net/get?q=Decide&langpair=en%7Cks
give up: 'Decide' 429 Client Error: Too Many Requests for url: https://api.mymemory.translated.net/get?q=Decide&langpair=en%7Cks
MyMemory error: 'Hold' attempt 1 429 Client Error: Too Many Requests for url: https://api.mymemory.translated.net/get?q=Hold&langpair=en%7Cks
MyMemory error: 'Hold' attempt 2 429 Client Error: Too Many Requests for url: https://api.mymemory.translated.net/get?q=Hold&langpair=en%7Cks
MyMemory error: 'Hold' attempt 3 429 Client Error: Too Many Requests for url: https://api.mymemory.translated.net/get?q=Hold&langpair=en%7Cks
MyMemory error: 'Hold' attempt 4 429 Client Error: Too Many Requests for url: https://api.mymemory.translated.net/get?q=Hold&langpair=en%7Cks
MyMemory error: 'Hold' attempt 5 429 Client Error: Too Many Requests for url: https://api.mymemory.translated.net/get?q=Hold&langpair=en%7Cks
MyMemory error: 'Hold' attempt 6 429 Client Error: Too Many Requests for url: https://api.mymemory.translated.net/get?q=Hold&langpair=en%7Cks
give up: 'Hold' 429 Client Error: Too Many Requests for url: https://api.mymemory.translated.net/get?q=Hold&langpair=en%7Cks
MyMemory error: 'Choose' attempt 1 429 Client Error: Too Many Requests for url: https://api.mymemory.translated.net/get?q=Choose&langpair=en%7Cks
MyMemory error: 'Choose' attempt 2 429 Client Error: Too Many Requests for url: https://api.mymemory.translated.net/get?q=Choose&langpair=en%7Cks
MyMemory error: 'Choose' attempt 3 429 Client Error: Too Many Requests for url: https://api.mymemory.translated.net/get?q=Choose&langpair=en%7Cks
MyMemory error: 'Choose' attempt 4 429 Client Error: Too Many Requests for url: https://api.mymemory.translated.net/get?q=Choose&langpair=en%7Cks
MyMemory error: 'Choose' attempt 5 429 Client Error: Too Many Requests for url: https://api.mymemory.translated.net/get?q=Choose&langpair=en%7Cks
MyMemory error: 'Choose' attempt 6 429 Client Error: Too Many Requests for url: https://api.mymemory.translated.net/get?q=Choose&langpair=en%7Cks
give up: 'Choose' 429 Client Error: Too Many Requests for url: https://api.mymemory.translated.net/get?q=Choose&langpair=en%7Cks
MyMemory error: 'Turn' attempt 1 429 Client Error: Too Many Requests for url: https://api.mymemory.translated.net/get?q=Turn&langpair=en%7Cks
MyMemory error: 'Turn' attempt 2 429 Client Error: Too Many Requests for url: https://api.mymemory.translated.net/get?q=Turn&langpair=en%7Cks
MyMemory error: 'Turn' attempt 3 429 Client Error: Too Many Requests for url: https://api.mymemory.translated.net/get?q=Turn&langpair=en%7Cks
MyMemory error: 'Turn' attempt 4 429 Client Error: Too Many Requests for url: https://api.mymemory.translated.net/get?q=Turn&langpair=en%7Cks
MyMemory error: 'Turn' attempt 5 429 Client Error: Too Many Requests for url: https://api.mymemory.translated.net/get?q=Turn&langpair=en%7Cks
MyMemory error: 'Turn' attempt 6 429 Client Error: Too Many Requests for url: https://api.mymemory.translated.net/get?q=Turn&langpair=en%7Cks
give up: 'Turn' 429 Client Error: Too Many Requests for url: https://api.mymemory.translated.net/get?q=Turn&langpair=en%7Cks
MyMemory error: 'Rise' attempt 1 429 Client Error: Too Many Requests for url: https://api.mymemory.translated.net/get?q=Rise&langpair=en%7Cks
MyMemory error: 'Rise' attempt 2 429 Client Error: Too Many Requests for url: https://api.mymemory.translated.net/get?q=Rise&langpair=en%7Cks
MyMemory error: 'Rise' attempt 3 429 Client Error: Too Many Requests for url: https://api.mymemory.translated.net/get?q=Rise&langpair=en%7Cks
MyMemory error: 'Rise' attempt 4 429 Client Error: Too Many Requests for url: https://api.mymemory.translated.net/get?q=Rise&langpair=en%7Cks
MyMemory error: 'Rise' attempt 5 429 Client Error: Too Many Requests for url: https://api.mymemory.translated.net/get?q=Rise&langpair=en%7Cks
MyMemory error: 'Rise' attempt 6 429 Client Error: Too Many Requests for url: https://api.mymemory.translated.net/get?q=Rise&langpair=en%7Cks
give up: 'Rise' 429 Client Error: Too Many Requests for url: https://api.mymemory.translated.net/get?q=Rise&langpair=en%7Cks
MyMemory error: 'Set (sun,moon)' attempt 1 429 Client Error: Too Many Requests for url: https://api.mymemory.translated.net/get?q=Set+%28sun%2Cmoon%29&langpair=en%7Cks
MyMemory error: 'Set (sun,moon)' attempt 2 429 Client Error: Too Many Requests for url: https://api.mymemory.translated.net/get?q=Set+%28sun%2Cmoon%29&langpair=en%7Cks
MyMemory error: 'Set (sun,moon)' attempt 3 429 Client Error: Too Many Requests for url: https://api.mymemory.translated.net/get?q=Set+%28sun%2Cmoon%29&langpair=en%7Cks
MyMemory error: 'Set (sun,moon)' attempt 4 429 Client Error: Too Many Requests for url: https://api.mymemory.translated.net/get?q=Set+%28sun%2Cmoon%29&langpair=en%7Cks
MyMemory error: 'Set (sun,moon)' attempt 5 429 Client Error: Too Many Requests for url: https://api.mymemory.translated.net/get?q=Set+%28sun%2Cmoon%29&langpair=en%7Cks
MyMemory error: 'Set (sun,moon)' attempt 6 429 Client Error: Too Many Requests for url: https://api.mymemory.translated.net/get?q=Set+%28sun%2Cmoon%29&langpair=en%7Cks
give up: 'Set (sun,moon)' 429 Client Error: Too Many Requests for url: https://api.mymemory.translated.net/get?q=Set+%28sun%2Cmoon%29&langpair=en%7Cks
MyMemory error: 'Deny' attempt 1 429 Client Error: Too Many Requests for url: https://api.mymemory.translated.net/get?q=Deny&langpair=en%7Cks
MyMemory error: 'Deny' attempt 2 429 Client Error: Too Many Requests for url: https://api.mymemory.translated.net/get?q=Deny&langpair=en%7Cks
MyMemory error: 'Deny' attempt 3 429 Client Error: Too Many Requests for url: https://api.mymemory.translated.net/get?q=Deny&langpair=en%7Cks
MyMemory error: 'Deny' attempt 4 429 Client Error: Too Many Requests for url: https://api.mymemory.translated.net/get?q=Deny&langpair=en%7Cks
MyMemory error: 'Deny' attempt 5 429 Client Error: Too Many Requests for url: https://api.mymemory.translated.net/get?q=Deny&langpair=en%7Cks
MyMemory error: 'Deny' attempt 6 429 Client Error: Too Many Requests for url: https://api.mymemory.translated.net/get?q=Deny&langpair=en%7Cks
give up: 'Deny' 429 Client Error: Too Many Requests for url: https://api.mymemory.translated.net/get?q=Deny&langpair=en%7Cks
MyMemory error: 'To reproach/blame' attempt 1 429 Client Error: Too Many Requests for url: https://api.mymemory.translated.net/get?q=To+reproach%2Fblame&langpair=en%7Cks
MyMemory error: 'To reproach/blame' attempt 2 429 Client Error: Too Many Requests for url: https://api.mymemory.translated.net/get?q=To+reproach%2Fblame&langpair=en%7Cks
MyMemory error: 'To reproach/blame' attempt 3 429 Client Error: Too Many Requests for url: https://api.mymemory.translated.net/get?q=To+reproach%2Fblame&langpair=en%7Cks
MyMemory error: 'To reproach/blame' attempt 4 429 Client Error: Too Many Requests for url: https://api.mymemory.translated.net/get?q=To+reproach%2Fblame&langpair=en%7Cks
MyMemory error: 'To reproach/blame' attempt 5 429 Client Error: Too Many Requests for url: https://api.mymemory.translated.net/get?q=To+reproach%2Fblame&langpair=en%7Cks
MyMemory error: 'To reproach/blame' attempt 6 429 Client Error: Too Many Requests for url: https://api.mymemory.translated.net/get?q=To+reproach%2Fblame&langpair=en%7Cks
give up: 'To reproach/blame' 429 Client Error: Too Many Requests for url: https://api.mymemory.translated.net/get?q=To+reproach%2Fblame&langpair=en%7Cks
MyMemory error: 'To color' attempt 1 429 Client Error: Too Many Requests for url: https://api.mymemory.translated.net/get?q=To+color&langpair=en%7Cks
MyMemory error: 'To color' attempt 2 429 Client Error: Too Many Requests for url: https://api.mymemory.translated.net/get?q=To+color&langpair=en%7Cks
MyMemory error: 'To color' attempt 3 429 Client Error: Too Many Requests for url: https://api.mymemory.translated.net/get?q=To+color&langpair=en%7Cks
MyMemory error: 'To color' attempt 4 429 Client Error: Too Many Requests for url: https://api.mymemory.translated.net/get?q=To+color&langpair=en%7Cks
MyMemory error: 'To color' attempt 5 429 Client Error: Too Many Requests for url: https://api.mymemory.translated.net/get?q=To+color&langpair=en%7Cks
MyMemory error: 'To color' attempt 6 429 Client Error: Too Many Requests for url: https://api.mymemory.translated.net/get?q=To+color&langpair=en%7Cks
give up: 'To color' 429 Client Error: Too Many Requests for url: https://api.mymemory.translated.net/get?q=To+color&langpair=en%7Cks
MyMemory error: 'To destroy' attempt 1 429 Client Error: Too Many Requests for url: https://api.mymemory.translated.net/get?q=To+destroy&langpair=en%7Cks
MyMemory error: 'To destroy' attempt 2 429 Client Error: Too Many Requests for url: https://api.mymemory.translated.net/get?q=To+destroy&langpair=en%7Cks
MyMemory error: 'To destroy' attempt 3 429 Client Error: Too Many Requests for url: https://api.mymemory.translated.net/get?q=To+destroy&langpair=en%7Cks
MyMemory error: 'To destroy' attempt 4 429 Client Error: Too Many Requests for url: https://api.mymemory.translated.net/get?q=To+destroy&langpair=en%7Cks
MyMemory error: 'To destroy' attempt 5 429 Client Error: Too Many Requests for url: https://api.mymemory.translated.net/get?q=To+destroy&langpair=en%7Cks
MyMemory error: 'To destroy' attempt 6 429 Client Error: Too Many Requests for url: https://api.mymemory.translated.net/get?q=To+destroy&langpair=en%7Cks
give up: 'To destroy' 429 Client Error: Too Many Requests for url: https://api.mymemory.translated.net/get?q=To+destroy&langpair=en%7Cks
MyMemory error: 'Big' attempt 1 429 Client Error: Too Many Requests for url: https://api.mymemory.translated.net/get?q=Big&langpair=en%7Cks
MyMemory error: 'Big' attempt 2 429 Client Error: Too Many Requests for url: https://api.mymemory.translated.net/get?q=Big&langpair=en%7Cks
MyMemory error: 'Big' attempt 3 429 Client Error: Too Many Requests for url: https://api.mymemory.translated.net/get?q=Big&langpair=en%7Cks
MyMemory error: 'Big' attempt 4 429 Client Error: Too Many Requests for url: https://api.mymemory.translated.net/get?q=Big&langpair=en%7Cks
MyMemory error: 'Big' attempt 5 429 Client Error: Too Many Requests for url: https://api.mymemory.translated.net/get?q=Big&langpair=en%7Cks
MyMemory error: 'Big' attempt 6 429 Client Error: Too Many Requests for url: https://api.mymemory.translated.net/get?q=Big&langpair=en%7Cks
give up: 'Big' 429 Client Error: Too Many Requests for url: https://api.mymemory.translated.net/get?q=Big&langpair=en%7Cks
MyMemory error: 'Small' attempt 1 429 Client Error: Too Many Requests for url: https://api.mymemory.translated.net/get?q=Small&langpair=en%7Cks
MyMemory error: 'Small' attempt 2 429 Client Error: Too Many Requests for url: https://api.mymemory.translated.net/get?q=Small&langpair=en%7Cks
MyMemory error: 'Small' attempt 3 429 Client Error: Too Many Requests for url: https://api.mymemory.translated.net/get?q=Small&langpair=en%7Cks
MyMemory error: 'Small' attempt 4 429 Client Error: Too Many Requests for url: https://api.mymemory.translated.net/get?q=Small&langpair=en%7Cks
MyMemory error: 'Small' attempt 5 429 Client Error: Too Many Requests for url: https://api.mymemory.translated.net/get?q=Small&langpair=en%7Cks
MyMemory error: 'Small' attempt 6 429 Client Error: Too Many Requests for url: https://api.mymemory.translated.net/get?q=Small&langpair=en%7Cks
give up: 'Small' 429 Client Error: Too Many Requests for url: https://api.mymemory.translated.net/get?q=Small&langpair=en%7Cks
MyMemory error: 'Deep' attempt 1 429 Client Error: Too Many Requests for url: https://api.mymemory.translated.net/get?q=Deep&langpair=en%7Cks
MyMemory error: 'Deep' attempt 2 429 Client Error: Too Many Requests for url: https://api.mymemory.translated.net/get?q=Deep&langpair=en%7Cks
MyMemory error: 'Deep' attempt 3 429 Client Error: Too Many Requests for url: https://api.mymemory.translated.net/get?q=Deep&langpair=en%7Cks
MyMemory error: 'Deep' attempt 4 429 Client Error: Too Many Requests for url: https://api.mymemory.translated.net/get?q=Deep&langpair=en%7Cks
MyMemory error: 'Deep' attempt 5 429 Client Error: Too Many Requests for url: https://api.mymemory.translated.net/get?q=Deep&langpair=en%7Cks
MyMemory error: 'Deep' attempt 6 429 Client Error: Too Many Requests for url: https://api.mymemory.translated.net/get?q=Deep&langpair=en%7Cks
give up: 'Deep' 429 Client Error: Too Many Requests for url: https://api.mymemory.translated.net/get?q=Deep&langpair=en%7Cks
MyMemory error: 'Shallow' attempt 1 429 Client Error: Too Many Requests for url: https://api.mymemory.translated.net/get?q=Shallow&langpair=en%7Cks
MyMemory error: 'Shallow' attempt 2 429 Client Error: Too Many Requests for url: https://api.mymemory.translated.net/get?q=Shallow&langpair=en%7Cks
MyMemory error: 'Shallow' attempt 3 429 Client Error: Too Many Requests for url: https://api.mymemory.translated.net/get?q=Shallow&langpair=en%7Cks
MyMemory error: 'Shallow' attempt 4 429 Client Error: Too Many Requests for url: https://api.mymemory.translated.net/get?q=Shallow&langpair=en%7Cks
MyMemory error: 'Shallow' attempt 5 429 Client Error: Too Many Requests for url: https://api.mymemory.translated.net/get?q=Shallow&langpair=en%7Cks
MyMemory error: 'Shallow' attempt 6 429 Client Error: Too Many Requests for url: https://api.mymemory.translated.net/get?q=Shallow&langpair=en%7Cks
give up: 'Shallow' 429 Client Error: Too Many Requests for url: https://api.mymemory.translated.net/get?q=Shallow&langpair=en%7Cks
MyMemory error: 'Simple' attempt 1 429 Client Error: Too Many Requests for url: https://api.mymemory.translated.net/get?q=Simple&langpair=en%7Cks
MyMemory error: 'Simple' attempt 2 429 Client Error: Too Many Requests for url: https://api.mymemory.translated.net/get?q=Simple&langpair=en%7Cks
MyMemory error: 'Simple' attempt 3 429 Client Error: Too Many Requests for url: https://api.mymemory.translated.net/get?q=Simple&langpair=en%7Cks
MyMemory error: 'Simple' attempt 4 429 Client Error: Too Many Requests for url: https://api.mymemory.translated.net/get?q=Simple&langpair=en%7Cks
MyMemory error: 'Simple' attempt 5 429 Client Error: Too Many Requests for url: https://api.mymemory.translated.net/get?q=Simple&langpair=en%7Cks
MyMemory error: 'Simple' attempt 6 429 Client Error: Too Many Requests for url: https://api.mymemory.translated.net/get?q=Simple&langpair=en%7Cks
give up: 'Simple' 429 Client Error: Too Many Requests for url: https://api.mymemory.translated.net/get?q=Simple&langpair=en%7Cks
MyMemory error: 'Special' attempt 1 429 Client Error: Too Many Requests for url: https://api.mymemory.translated.net/get?q=Special&langpair=en%7Cks
MyMemory error: 'Special' attempt 2 429 Client Error: Too Many Requests for url: https://api.mymemory.translated.net/get?q=Special&langpair=en%7Cks
MyMemory error: 'Special' attempt 3 429 Client Error: Too Many Requests for url: https://api.mymemory.translated.net/get?q=Special&langpair=en%7Cks
MyMemory error: 'Special' attempt 4 429 Client Error: Too Many Requests for url: https://api.mymemory.translated.net/get?q=Special&langpair=en%7Cks
MyMemory error: 'Special' attempt 5 429 Client Error: Too Many Requests for url: https://api.mymemory.translated.net/get?q=Special&langpair=en%7Cks
MyMemory error: 'Special' attempt 6 429 Client Error: Too Many Requests for url: https://api.mymemory.translated.net/get?q=Special&langpair=en%7Cks
give up: 'Special' 429 Client Error: Too Many Requests for url: https://api.mymemory.translated.net/get?q=Special&langpair=en%7Cks
MyMemory error: 'Faint' attempt 1 429 Client Error: Too Many Requests for url: https://api.mymemory.translated.net/get?q=Faint&langpair=en%7Cks
MyMemory error: 'Faint' attempt 2 429 Client Error: Too Many Requests for url: https://api.mymemory.translated.net/get?q=Faint&langpair=en%7Cks
MyMemory error: 'Faint' attempt 3 429 Client Error: Too Many Requests for url: https://api.mymemory.translated.net/get?q=Faint&langpair=en%7Cks
MyMemory error: 'Faint' attempt 4 429 Client Error: Too Many Requests for url: https://api.mymemory.translated.net/get?q=Faint&langpair=en%7Cks
MyMemory error: 'Faint' attempt 5 429 Client Error: Too Many Requests for url: https://api.mymemory.translated.net/get?q=Faint&langpair=en%7Cks
MyMemory error: 'Faint' attempt 6 429 Client Error: Too Many Requests for url: https://api.mymemory.translated.net/get?q=Faint&langpair=en%7Cks
give up: 'Faint' 429 Client Error: Too Many Requests for url: https://api.mymemory.translated.net/get?q=Faint&langpair=en%7Cks
MyMemory error: 'Short' attempt 1 429 Client Error: Too Many Requests for url: https://api.mymemory.translated.net/get?q=Short&langpair=en%7Cks
MyMemory error: 'Short' attempt 2 429 Client Error: Too Many Requests for url: https://api.mymemory.translated.net/get?q=Short&langpair=en%7Cks
MyMemory error: 'Short' attempt 3 429 Client Error: Too Many Requests for url: https://api.mymemory.translated.net/get?q=Short&langpair=en%7Cks
MyMemory error: 'Short' attempt 4 429 Client Error: Too Many Requests for url: https://api.mymemory.translated.net/get?q=Short&langpair=en%7Cks
MyMemory error: 'Short' attempt 5 429 Client Error: Too Many Requests for url: https://api.mymemory.translated.net/get?q=Short&langpair=en%7Cks
MyMemory error: 'Short' attempt 6 429 Client Error: Too Many Requests for url: https://api.mymemory.translated.net/get?q=Short&langpair=en%7Cks
give up: 'Short' 429 Client Error: Too Many Requests for url: https://api.mymemory.translated.net/get?q=Short&langpair=en%7Cks
MyMemory error: 'Thin' attempt 1 429 Client Error: Too Many Requests for url: https://api.mymemory.translated.net/get?q=Thin&langpair=en%7Cks
MyMemory error: 'Thin' attempt 2 429 Client Error: Too Many Requests for url: https://api.mymemory.translated.net/get?q=Thin&langpair=en%7Cks
MyMemory error: 'Thin' attempt 3 429 Client Error: Too Many Requests for url: https://api.mymemory.translated.net/get?q=Thin&langpair=en%7Cks
MyMemory error: 'Thin' attempt 4 429 Client Error: Too Many Requests for url: https://api.mymemory.translated.net/get?q=Thin&langpair=en%7Cks
MyMemory error: 'Thin' attempt 5 429 Client Error: Too Many Requests for url: https://api.mymemory.translated.net/get?q=Thin&langpair=en%7Cks
MyMemory error: 'Thin' attempt 6 429 Client Error: Too Many Requests for url: https://api.mymemory.translated.net/get?q=Thin&langpair=en%7Cks
give up: 'Thin' 429 Client Error: Too Many Requests for url: https://api.mymemory.translated.net/get?q=Thin&langpair=en%7Cks
MyMemory error: 'Wide' attempt 1 429 Client Error: Too Many Requests for url: https://api.mymemory.translated.net/get?q=Wide&langpair=en%7Cks
MyMemory error: 'Wide' attempt 2 429 Client Error: Too Many Requests for url: https://api.mymemory.translated.net/get?q=Wide&langpair=en%7Cks
MyMemory error: 'Wide' attempt 3 429 Client Error: Too Many Requests for url: https://api.mymemory.translated.net/get?q=Wide&langpair=en%7Cks
MyMemory error: 'Wide' attempt 4 429 Client Error: Too Many Requests for url: https://api.mymemory.translated.net/get?q=Wide&langpair=en%7Cks
MyMemory error: 'Wide' attempt 5 429 Client Error: Too Many Requests for url: https://api.mymemory.translated.net/get?q=Wide&langpair=en%7Cks
MyMemory error: 'Wide' attempt 6 429 Client Error: Too Many Requests for url: https://api.mymemory.translated.net/get?q=Wide&langpair=en%7Cks
give up: 'Wide' 429 Client Error: Too Many Requests for url: https://api.mymemory.translated.net/get?q=Wide&langpair=en%7Cks
MyMemory error: 'Narrow' attempt 1 429 Client Error: Too Many Requests for url: https://api.mymemory.translated.net/get?q=Narrow&langpair=en%7Cks
MyMemory error: 'Narrow' attempt 2 429 Client Error: Too Many Requests for url: https://api.mymemory.translated.net/get?q=Narrow&langpair=en%7Cks
MyMemory error: 'Narrow' attempt 3 429 Client Error: Too Many Requests for url: https://api.mymemory.translated.net/get?q=Narrow&langpair=en%7Cks
MyMemory error: 'Narrow' attempt 4 429 Client Error: Too Many Requests for url: https://api.mymemory.translated.net/get?q=Narrow&langpair=en%7Cks
MyMemory error: 'Narrow' attempt 5 429 Client Error: Too Many Requests for url: https://api.mymemory.translated.net/get?q=Narrow&langpair=en%7Cks
MyMemory error: 'Narrow' attempt 6 429 Client Error: Too Many Requests for url: https://api.mymemory.translated.net/get?q=Narrow&langpair=en%7Cks
give up: 'Narrow' 429 Client Error: Too Many Requests for url: https://api.mymemory.translated.net/get?q=Narrow&langpair=en%7Cks
MyMemory error: 'Curved' attempt 1 429 Client Error: Too Many Requests for url: https://api.mymemory.translated.net/get?q=Curved&langpair=en%7Cks
MyMemory error: 'Curved' attempt 2 429 Client Error: Too Many Requests for url: https://api.mymemory.translated.net/get?q=Curved&langpair=en%7Cks
MyMemory error: 'Curved' attempt 3 429 Client Error: Too Many Requests for url: https://api.mymemory.translated.net/get?q=Curved&langpair=en%7Cks
MyMemory error: 'Curved' attempt 4 429 Client Error: Too Many Requests for url: https://api.mymemory.translated.net/get?q=Curved&langpair=en%7Cks
MyMemory error: 'Curved' attempt 5 429 Client Error: Too Many Requests for url: https://api.mymemory.translated.net/get?q=Curved&langpair=en%7Cks
MyMemory error: 'Curved' attempt 6 429 Client Error: Too Many Requests for url: https://api.mymemory.translated.net/get?q=Curved&langpair=en%7Cks
give up: 'Curved' 429 Client Error: Too Many Requests for url: https://api.mymemory.translated.net/get?q=Curved&langpair=en%7Cks
MyMemory error: 'Salty' attempt 1 429 Client Error: Too Many Requests for url: https://api.mymemory.translated.net/get?q=Salty&langpair=en%7Cks
MyMemory error: 'Salty' attempt 2 429 Client Error: Too Many Requests for url: https://api.mymemory.translated.net/get?q=Salty&langpair=en%7Cks
MyMemory error: 'Salty' attempt 3 429 Client Error: Too Many Requests for url: https://api.mymemory.translated.net/get?q=Salty&langpair=en%7Cks
MyMemory error: 'Salty' attempt 4 429 Client Error: Too Many Requests for url: https://api.mymemory.translated.net/get?q=Salty&langpair=en%7Cks
MyMemory error: 'Salty' attempt 5 429 Client Error: Too Many Requests for url: https://api.mymemory.translated.net/get?q=Salty&langpair=en%7Cks
MyMemory error: 'Salty' attempt 6 429 Client Error: Too Many Requests for url: https://api.mymemory.translated.net/get?q=Salty&langpair=en%7Cks
give up: 'Salty' 429 Client Error: Too Many Requests for url: https://api.mymemory.translated.net/get?q=Salty&langpair=en%7Cks
MyMemory error: 'Easy' attempt 1 429 Client Error: Too Many Requests for url: https://api.mymemory.translated.net/get?q=Easy&langpair=en%7Cks
MyMemory error: 'Easy' attempt 2 429 Client Error: Too Many Requests for url: https://api.mymemory.translated.net/get?q=Easy&langpair=en%7Cks
MyMemory error: 'Easy' attempt 3 429 Client Error: Too Many Requests for url: https://api.mymemory.translated.net/get?q=Easy&langpair=en%7Cks
MyMemory error: 'Easy' attempt 4 429 Client Error: Too Many Requests for url: https://api.mymemory.translated.net/get?q=Easy&langpair=en%7Cks
MyMemory error: 'Easy' attempt 5 429 Client Error: Too Many Requests for url: https://api.mymemory.translated.net/get?q=Easy&langpair=en%7Cks
MyMemory error: 'Easy' attempt 6 429 Client Error: Too Many Requests for url: https://api.mymemory.translated.net/get?q=Easy&langpair=en%7Cks
give up: 'Easy' 429 Client Error: Too Many Requests for url: https://api.mymemory.translated.net/get?q=Easy&langpair=en%7Cks
MyMemory error: 'Dry' attempt 1 429 Client Error: Too Many Requests for url: https://api.mymemory.translated.net/get?q=Dry&langpair=en%7Cks
MyMemory error: 'Dry' attempt 2 429 Client Error: Too Many Requests for url: https://api.mymemory.translated.net/get?q=Dry&langpair=en%7Cks
MyMemory error: 'Dry' attempt 3 429 Client Error: Too Many Requests for url: https://api.mymemory.translated.net/get?q=Dry&langpair=en%7Cks
MyMemory error: 'Dry' attempt 4 429 Client Error: Too Many Requests for url: https://api.mymemory.translated.net/get?q=Dry&langpair=en%7Cks
MyMemory error: 'Dry' attempt 5 429 Client Error: Too Many Requests for url: https://api.mymemory.translated.net/get?q=Dry&langpair=en%7Cks
MyMemory error: 'Dry' attempt 6 429 Client Error: Too Many Requests for url: https://api.mymemory.translated.net/get?q=Dry&langpair=en%7Cks
give up: 'Dry' 429 Client Error: Too Many Requests for url: https://api.mymemory.translated.net/get?q=Dry&langpair=en%7Cks
MyMemory error: 'Wet' attempt 1 429 Client Error: Too Many Requests for url: https://api.mymemory.translated.net/get?q=Wet&langpair=en%7Cks
MyMemory error: 'Wet' attempt 2 429 Client Error: Too Many Requests for url: https://api.mymemory.translated.net/get?q=Wet&langpair=en%7Cks
MyMemory error: 'Wet' attempt 3 429 Client Error: Too Many Requests for url: https://api.mymemory.translated.net/get?q=Wet&langpair=en%7Cks
MyMemory error: 'Wet' attempt 4 429 Client Error: Too Many Requests for url: https://api.mymemory.translated.net/get?q=Wet&langpair=en%7Cks
MyMemory error: 'Wet' attempt 5 429 Client Error: Too Many Requests for url: https://api.mymemory.translated.net/get?q=Wet&langpair=en%7Cks
MyMemory error: 'Wet' attempt 6 429 Client Error: Too Many Requests for url: https://api.mymemory.translated.net/get?q=Wet&langpair=en%7Cks
give up: 'Wet' 429 Client Error: Too Many Requests for url: https://api.mymemory.translated.net/get?q=Wet&langpair=en%7Cks
MyMemory error: 'Filled' attempt 1 429 Client Error: Too Many Requests for url: https://api.mymemory.translated.net/get?q=Filled&langpair=en%7Cks
MyMemory error: 'Filled' attempt 2 429 Client Error: Too Many Requests for url: https://api.mymemory.translated.net/get?q=Filled&langpair=en%7Cks
MyMemory error: 'Filled' attempt 3 429 Client Error: Too Many Requests for url: https://api.mymemory.translated.net/get?q=Filled&langpair=en%7Cks
MyMemory error: 'Filled' attempt 4 429 Client Error: Too Many Requests for url: https://api.mymemory.translated.net/get?q=Filled&langpair=en%7Cks
MyMemory error: 'Filled' attempt 5 429 Client Error: Too Many Requests for url: https://api.mymemory.translated.net/get?q=Filled&langpair=en%7Cks
MyMemory error: 'Filled' attempt 6 429 Client Error: Too Many Requests for url: https://api.mymemory.translated.net/get?q=Filled&langpair=en%7Cks
give up: 'Filled' 429 Client Error: Too Many Requests for url: https://api.mymemory.translated.net/get?q=Filled&langpair=en%7Cks
MyMemory error: 'Incomplete' attempt 1 429 Client Error: Too Many Requests for url: https://api.mymemory.translated.net/get?q=Incomplete&langpair=en%7Cks
MyMemory error: 'Incomplete' attempt 2 429 Client Error: Too Many Requests for url: https://api.mymemory.translated.net/get?q=Incomplete&langpair=en%7Cks
MyMemory error: 'Incomplete' attempt 3 429 Client Error: Too Many Requests for url: https://api.mymemory.translated.net/get?q=Incomplete&langpair=en%7Cks
MyMemory error: 'Incomplete' attempt 4 429 Client Error: Too Many Requests for url: https://api.mymemory.translated.net/get?q=Incomplete&langpair=en%7Cks
MyMemory error: 'Incomplete' attempt 5 429 Client Error: Too Many Requests for url: https://api.mymemory.translated.net/get?q=Incomplete&langpair=en%7Cks
MyMemory error: 'Incomplete' attempt 6 429 Client Error: Too Many Requests for url: https://api.mymemory.translated.net/get?q=Incomplete&langpair=en%7Cks
give up: 'Incomplete' 429 Client Error: Too Many Requests for url: https://api.mymemory.translated.net/get?q=Incomplete&langpair=en%7Cks
MyMemory error: 'Hard (surface)' attempt 1 429 Client Error: Too Many Requests for url: https://api.mymemory.translated.net/get?q=Hard+%28surface%29&langpair=en%7Cks
MyMemory error: 'Hard (surface)' attempt 2 429 Client Error: Too Many Requests for url: https://api.mymemory.translated.net/get?q=Hard+%28surface%29&langpair=en%7Cks
MyMemory error: 'Hard (surface)' attempt 3 429 Client Error: Too Many Requests for url: https://api.mymemory.translated.net/get?q=Hard+%28surface%29&langpair=en%7Cks
MyMemory error: 'Hard (surface)' attempt 4 429 Client Error: Too Many Requests for url: https://api.mymemory.translated.net/get?q=Hard+%28surface%29&langpair=en%7Cks
MyMemory error: 'Hard (surface)' attempt 5 429 Client Error: Too Many Requests for url: https://api.mymemory.translated.net/get?q=Hard+%28surface%29&langpair=en%7Cks
MyMemory error: 'Hard (surface)' attempt 6 429 Client Error: Too Many Requests for url: https://api.mymemory.translated.net/get?q=Hard+%28surface%29&langpair=en%7Cks
give up: 'Hard (surface)' 429 Client Error: Too Many Requests for url: https://api.mymemory.translated.net/get?q=Hard+%28surface%29&langpair=en%7Cks
MyMemory error: 'Soft' attempt 1 429 Client Error: Too Many Requests for url: https://api.mymemory.translated.net/get?q=Soft&langpair=en%7Cks
MyMemory error: 'Soft' attempt 2 429 Client Error: Too Many Requests for url: https://api.mymemory.translated.net/get?q=Soft&langpair=en%7Cks
MyMemory error: 'Soft' attempt 3 429 Client Error: Too Many Requests for url: https://api.mymemory.translated.net/get?q=Soft&langpair=en%7Cks
MyMemory error: 'Soft' attempt 4 429 Client Error: Too Many Requests for url: https://api.mymemory.translated.net/get?q=Soft&langpair=en%7Cks
MyMemory error: 'Soft' attempt 5 429 Client Error: Too Many Requests for url: https://api.mymemory.translated.net/get?q=Soft&langpair=en%7Cks
MyMemory error: 'Soft' attempt 6 429 Client Error: Too Many Requests for url: https://api.mymemory.translated.net/get?q=Soft&langpair=en%7Cks
give up: 'Soft' 429 Client Error: Too Many Requests for url: https://api.mymemory.translated.net/get?q=Soft&langpair=en%7Cks
MyMemory error: 'Heavy' attempt 1 429 Client Error: Too Many Requests for url: https://api.mymemory.translated.net/get?q=Heavy&langpair=en%7Cks
MyMemory error: 'Heavy' attempt 2 429 Client Error: Too Many Requests for url: https://api.mymemory.translated.net/get?q=Heavy&langpair=en%7Cks
MyMemory error: 'Heavy' attempt 3 429 Client Error: Too Many Requests for url: https://api.mymemory.translated.net/get?q=Heavy&langpair=en%7Cks
MyMemory error: 'Heavy' attempt 4 429 Client Error: Too Many Requests for url: https://api.mymemory.translated.net/get?q=Heavy&langpair=en%7Cks
MyMemory error: 'Heavy' attempt 5 429 Client Error: Too Many Requests for url: https://api.mymemory.translated.net/get?q=Heavy&langpair=en%7Cks
MyMemory error: 'Heavy' attempt 6 429 Client Error: Too Many Requests for url: https://api.mymemory.translated.net/get?q=Heavy&langpair=en%7Cks
give up: 'Heavy' 429 Client Error: Too Many Requests for url: https://api.mymemory.translated.net/get?q=Heavy&langpair=en%7Cks
MyMemory error: 'Light (weight)' attempt 1 429 Client Error: Too Many Requests for url: https://api.mymemory.translated.net/get?q=Light+%28weight%29&langpair=en%7Cks
MyMemory error: 'Light (weight)' attempt 2 429 Client Error: Too Many Requests for url: https://api.mymemory.translated.net/get?q=Light+%28weight%29&langpair=en%7Cks
MyMemory error: 'Light (weight)' attempt 3 429 Client Error: Too Many Requests for url: https://api.mymemory.translated.net/get?q=Light+%28weight%29&langpair=en%7Cks
MyMemory error: 'Light (weight)' attempt 4 429 Client Error: Too Many Requests for url: https://api.mymemory.translated.net/get?q=Light+%28weight%29&langpair=en%7Cks
MyMemory error: 'Light (weight)' attempt 5 429 Client Error: Too Many Requests for url: https://api.mymemory.translated.net/get?q=Light+%28weight%29&langpair=en%7Cks
MyMemory error: 'Light (weight)' attempt 6 429 Client Error: Too Many Requests for url: https://api.mymemory.translated.net/get?q=Light+%28weight%29&langpair=en%7Cks
give up: 'Light (weight)' 429 Client Error: Too Many Requests for url: https://api.mymemory.translated.net/get?q=Light+%28weight%29&langpair=en%7Cks
MyMemory error: 'New' attempt 1 429 Client Error: Too Many Requests for url: https://api.mymemory.translated.net/get?q=New&langpair=en%7Cks
MyMemory error: 'New' attempt 2 429 Client Error: Too Many Requests for url: https://api.mymemory.translated.net/get?q=New&langpair=en%7Cks
MyMemory error: 'New' attempt 3 429 Client Error: Too Many Requests for url: https://api.mymemory.translated.net/get?q=New&langpair=en%7Cks
MyMemory error: 'New' attempt 4 429 Client Error: Too Many Requests for url: https://api.mymemory.translated.net/get?q=New&langpair=en%7Cks
MyMemory error: 'New' attempt 5 429 Client Error: Too Many Requests for url: https://api.mymemory.translated.net/get?q=New&langpair=en%7Cks
MyMemory error: 'New' attempt 6 429 Client Error: Too Many Requests for url: https://api.mymemory.translated.net/get?q=New&langpair=en%7Cks
give up: 'New' 429 Client Error: Too Many Requests for url: https://api.mymemory.translated.net/get?q=New&langpair=en%7Cks
MyMemory error: 'Old' attempt 1 429 Client Error: Too Many Requests for url: https://api.mymemory.translated.net/get?q=Old&langpair=en%7Cks
MyMemory error: 'Old' attempt 2 429 Client Error: Too Many Requests for url: https://api.mymemory.translated.net/get?q=Old&langpair=en%7Cks
MyMemory error: 'Old' attempt 3 429 Client Error: Too Many Requests for url: https://api.mymemory.translated.net/get?q=Old&langpair=en%7Cks
MyMemory error: 'Old' attempt 4 429 Client Error: Too Many Requests for url: https://api.mymemory.translated.net/get?q=Old&langpair=en%7Cks
MyMemory error: 'Old' attempt 5 429 Client Error: Too Many Requests for url: https://api.mymemory.translated.net/get?q=Old&langpair=en%7Cks
MyMemory error: 'Old' attempt 6 429 Client Error: Too Many Requests for url: https://api.mymemory.translated.net/get?q=Old&langpair=en%7Cks
give up: 'Old' 429 Client Error: Too Many Requests for url: https://api.mymemory.translated.net/get?q=Old&langpair=en%7Cks
MyMemory error: 'Slow' attempt 1 429 Client Error: Too Many Requests for url: https://api.mymemory.translated.net/get?q=Slow&langpair=en%7Cks
MyMemory error: 'Slow' attempt 2 429 Client Error: Too Many Requests for url: https://api.mymemory.translated.net/get?q=Slow&langpair=en%7Cks
MyMemory error: 'Slow' attempt 3 429 Client Error: Too Many Requests for url: https://api.mymemory.translated.net/get?q=Slow&langpair=en%7Cks
MyMemory error: 'Slow' attempt 4 429 Client Error: Too Many Requests for url: https://api.mymemory.translated.net/get?q=Slow&langpair=en%7Cks
MyMemory error: 'Slow' attempt 5 429 Client Error: Too Many Requests for url: https://api.mymemory.translated.net/get?q=Slow&langpair=en%7Cks
MyMemory error: 'Slow' attempt 6 429 Client Error: Too Many Requests for url: https://api.mymemory.translated.net/get?q=Slow&langpair=en%7Cks
give up: 'Slow' 429 Client Error: Too Many Requests for url: https://api.mymemory.translated.net/get?q=Slow&langpair=en%7Cks
MyMemory error: 'Fast' attempt 1 429 Client Error: Too Many Requests for url: https://api.mymemory.translated.net/get?q=Fast&langpair=en%7Cks
MyMemory error: 'Fast' attempt 2 429 Client Error: Too Many Requests for url: https://api.mymemory.translated.net/get?q=Fast&langpair=en%7Cks
MyMemory error: 'Fast' attempt 3 429 Client Error: Too Many Requests for url: https://api.mymemory.translated.net/get?q=Fast&langpair=en%7Cks
MyMemory error: 'Fast' attempt 4 429 Client Error: Too Many Requests for url: https://api.mymemory.translated.net/get?q=Fast&langpair=en%7Cks
MyMemory error: 'Fast' attempt 5 429 Client Error: Too Many Requests for url: https://api.mymemory.translated.net/get?q=Fast&langpair=en%7Cks
MyMemory error: 'Fast' attempt 6 429 Client Error: Too Many Requests for url: https://api.mymemory.translated.net/get?q=Fast&langpair=en%7Cks
give up: 'Fast' 429 Client Error: Too Many Requests for url: https://api.mymemory.translated.net/get?q=Fast&langpair=en%7Cks
MyMemory error: 'Young' attempt 1 429 Client Error: Too Many Requests for url: https://api.mymemory.translated.net/get?q=Young&langpair=en%7Cks
MyMemory error: 'Young' attempt 2 429 Client Error: Too Many Requests for url: https://api.mymemory.translated.net/get?q=Young&langpair=en%7Cks
MyMemory error: 'Young' attempt 3 429 Client Error: Too Many Requests for url: https://api.mymemory.translated.net/get?q=Young&langpair=en%7Cks
MyMemory error: 'Young' attempt 4 429 Client Error: Too Many Requests for url: https://api.mymemory.translated.net/get?q=Young&langpair=en%7Cks
MyMemory error: 'Young' attempt 5 429 Client Error: Too Many Requests for url: https://api.mymemory.translated.net/get?q=Young&langpair=en%7Cks
MyMemory error: 'Young' attempt 6 429 Client Error: Too Many Requests for url: https://api.mymemory.translated.net/get?q=Young&langpair=en%7Cks
give up: 'Young' 429 Client Error: Too Many Requests for url: https://api.mymemory.translated.net/get?q=Young&langpair=en%7Cks
MyMemory error: 'Unhappy' attempt 1 429 Client Error: Too Many Requests for url: https://api.mymemory.translated.net/get?q=Unhappy&langpair=en%7Cks
MyMemory error: 'Unhappy' attempt 2 429 Client Error: Too Many Requests for url: https://api.mymemory.translated.net/get?q=Unhappy&langpair=en%7Cks
MyMemory error: 'Unhappy' attempt 3 429 Client Error: Too Many Requests for url: https://api.mymemory.translated.net/get?q=Unhappy&langpair=en%7Cks
MyMemory error: 'Unhappy' attempt 4 429 Client Error: Too Many Requests for url: https://api.mymemory.translated.net/get?q=Unhappy&langpair=en%7Cks
MyMemory error: 'Unhappy' attempt 5 429 Client Error: Too Many Requests for url: https://api.mymemory.translated.net/get?q=Unhappy&langpair=en%7Cks
MyMemory error: 'Unhappy' attempt 6 429 Client Error: Too Many Requests for url: https://api.mymemory.translated.net/get?q=Unhappy&langpair=en%7Cks
give up: 'Unhappy' 429 Client Error: Too Many Requests for url: https://api.mymemory.translated.net/get?q=Unhappy&langpair=en%7Cks
MyMemory error: 'Gloomy' attempt 1 429 Client Error: Too Many Requests for url: https://api.mymemory.translated.net/get?q=Gloomy&langpair=en%7Cks
MyMemory error: 'Gloomy' attempt 2 429 Client Error: Too Many Requests for url: https://api.mymemory.translated.net/get?q=Gloomy&langpair=en%7Cks
MyMemory error: 'Gloomy' attempt 3 429 Client Error: Too Many Requests for url: https://api.mymemory.translated.net/get?q=Gloomy&langpair=en%7Cks
MyMemory error: 'Gloomy' attempt 4 429 Client Error: Too Many Requests for url: https://api.mymemory.translated.net/get?q=Gloomy&langpair=en%7Cks
MyMemory error: 'Gloomy' attempt 5 429 Client Error: Too Many Requests for url: https://api.mymemory.translated.net/get?q=Gloomy&langpair=en%7Cks
MyMemory error: 'Gloomy' attempt 6 429 Client Error: Too Many Requests for url: https://api.mymemory.translated.net/get?q=Gloomy&langpair=en%7Cks
give up: 'Gloomy' 429 Client Error: Too Many Requests for url: https://api.mymemory.translated.net/get?q=Gloomy&langpair=en%7Cks
MyMemory error: 'Carefully' attempt 1 429 Client Error: Too Many Requests for url: https://api.mymemory.translated.net/get?q=Carefully&langpair=en%7Cks
MyMemory error: 'Carefully' attempt 2 429 Client Error: Too Many Requests for url: https://api.mymemory.translated.net/get?q=Carefully&langpair=en%7Cks
MyMemory error: 'Carefully' attempt 3 429 Client Error: Too Many Requests for url: https://api.mymemory.translated.net/get?q=Carefully&langpair=en%7Cks
MyMemory error: 'Carefully' attempt 4 429 Client Error: Too Many Requests for url: https://api.mymemory.translated.net/get?q=Carefully&langpair=en%7Cks
MyMemory error: 'Carefully' attempt 5 429 Client Error: Too Many Requests for url: https://api.mymemory.translated.net/get?q=Carefully&langpair=en%7Cks
MyMemory error: 'Carefully' attempt 6 429 Client Error: Too Many Requests for url: https://api.mymemory.translated.net/get?q=Carefully&langpair=en%7Cks
give up: 'Carefully' 429 Client Error: Too Many Requests for url: https://api.mymemory.translated.net/get?q=Carefully&langpair=en%7Cks
MyMemory error: 'Slowly' attempt 1 429 Client Error: Too Many Requests for url: https://api.mymemory.translated.net/get?q=Slowly&langpair=en%7Cks
MyMemory error: 'Slowly' attempt 2 429 Client Error: Too Many Requests for url: https://api.mymemory.translated.net/get?q=Slowly&langpair=en%7Cks
MyMemory error: 'Slowly' attempt 3 429 Client Error: Too Many Requests for url: https://api.mymemory.translated.net/get?q=Slowly&langpair=en%7Cks
MyMemory error: 'Slowly' attempt 4 429 Client Error: Too Many Requests for url: https://api.mymemory.translated.net/get?q=Slowly&langpair=en%7Cks
MyMemory error: 'Slowly' attempt 5 429 Client Error: Too Many Requests for url: https://api.mymemory.translated.net/get?q=Slowly&langpair=en%7Cks
MyMemory error: 'Slowly' attempt 6 429 Client Error: Too Many Requests for url: https://api.mymemory.translated.net/get?q=Slowly&langpair=en%7Cks
give up: 'Slowly' 429 Client Error: Too Many Requests for url: https://api.mymemory.translated.net/get?q=Slowly&langpair=en%7Cks
MyMemory error: 'Quickly' attempt 1 429 Client Error: Too Many Requests for url: https://api.mymemory.translated.net/get?q=Quickly&langpair=en%7Cks
MyMemory error: 'Quickly' attempt 2 429 Client Error: Too Many Requests for url: https://api.mymemory.translated.net/get?q=Quickly&langpair=en%7Cks
MyMemory error: 'Quickly' attempt 3 429 Client Error: Too Many Requests for url: https://api.mymemory.translated.net/get?q=Quickly&langpair=en%7Cks
MyMemory error: 'Quickly' attempt 4 429 Client Error: Too Many Requests for url: https://api.mymemory.translated.net/get?q=Quickly&langpair=en%7Cks
MyMemory error: 'Quickly' attempt 5 429 Client Error: Too Many Requests for url: https://api.mymemory.translated.net/get?q=Quickly&langpair=en%7Cks
MyMemory error: 'Quickly' attempt 6 429 Client Error: Too Many Requests for url: https://api.mymemory.translated.net/get?q=Quickly&langpair=en%7Cks
give up: 'Quickly' 429 Client Error: Too Many Requests for url: https://api.mymemory.translated.net/get?q=Quickly&langpair=en%7Cks
MyMemory error: 'A bit' attempt 1 429 Client Error: Too Many Requests for url: https://api.mymemory.translated.net/get?q=A+bit&langpair=en%7Cks
MyMemory error: 'A bit' attempt 2 429 Client Error: Too Many Requests for url: https://api.mymemory.translated.net/get?q=A+bit&langpair=en%7Cks
MyMemory error: 'A bit' attempt 3 429 Client Error: Too Many Requests for url: https://api.mymemory.translated.net/get?q=A+bit&langpair=en%7Cks
MyMemory error: 'A bit' attempt 4 429 Client Error: Too Many Requests for url: https://api.mymemory.translated.net/get?q=A+bit&langpair=en%7Cks
MyMemory error: 'A bit' attempt 5 429 Client Error: Too Many Requests for url: https://api.mymemory.translated.net/get?q=A+bit&langpair=en%7Cks
MyMemory error: 'A bit' attempt 6 429 Client Error: Too Many Requests for url: https://api.mymemory.translated.net/get?q=A+bit&langpair=en%7Cks
give up: 'A bit' 429 Client Error: Too Many Requests for url: https://api.mymemory.translated.net/get?q=A+bit&langpair=en%7Cks
MyMemory error: 'A lot' attempt 1 429 Client Error: Too Many Requests for url: https://api.mymemory.translated.net/get?q=A+lot&langpair=en%7Cks
MyMemory error: 'A lot' attempt 2 429 Client Error: Too Many Requests for url: https://api.mymemory.translated.net/get?q=A+lot&langpair=en%7Cks
MyMemory error: 'A lot' attempt 3 429 Client Error: Too Many Requests for url: https://api.mymemory.translated.net/get?q=A+lot&langpair=en%7Cks
MyMemory error: 'A lot' attempt 4 429 Client Error: Too Many Requests for url: https://api.mymemory.translated.net/get?q=A+lot&langpair=en%7Cks
MyMemory error: 'A lot' attempt 5 429 Client Error: Too Many Requests for url: https://api.mymemory.translated.net/get?q=A+lot&langpair=en%7Cks
MyMemory error: 'A lot' attempt 6 429 Client Error: Too Many Requests for url: https://api.mymemory.translated.net/get?q=A+lot&langpair=en%7Cks
give up: 'A lot' 429 Client Error: Too Many Requests for url: https://api.mymemory.translated.net/get?q=A+lot&langpair=en%7Cks
MyMemory error: 'Aback' attempt 1 429 Client Error: Too Many Requests for url: https://api.mymemory.translated.net/get?q=Aback&langpair=en%7Cks
MyMemory error: 'Aback' attempt 2 429 Client Error: Too Many Requests for url: https://api.mymemory.translated.net/get?q=Aback&langpair=en%7Cks
MyMemory error: 'Aback' attempt 3 429 Client Error: Too Many Requests for url: https://api.mymemory.translated.net/get?q=Aback&langpair=en%7Cks
MyMemory error: 'Aback' attempt 4 429 Client Error: Too Many Requests for url: https://api.mymemory.translated.net/get?q=Aback&langpair=en%7Cks
MyMemory error: 'Aback' attempt 5 429 Client Error: Too Many Requests for url: https://api.mymemory.translated.net/get?q=Aback&langpair=en%7Cks
MyMemory error: 'Aback' attempt 6 429 Client Error: Too Many Requests for url: https://api.mymemory.translated.net/get?q=Aback&langpair=en%7Cks
give up: 'Aback' 429 Client Error: Too Many Requests for url: https://api.mymemory.translated.net/get?q=Aback&langpair=en%7Cks
MyMemory error: 'Accordingly' attempt 1 429 Client Error: Too Many Requests for url: https://api.mymemory.translated.net/get?q=Accordingly&langpair=en%7Cks
MyMemory error: 'Accordingly' attempt 2 429 Client Error: Too Many Requests for url: https://api.mymemory.translated.net/get?q=Accordingly&langpair=en%7Cks
MyMemory error: 'Accordingly' attempt 3 429 Client Error: Too Many Requests for url: https://api.mymemory.translated.net/get?q=Accordingly&langpair=en%7Cks
MyMemory error: 'Accordingly' attempt 4 429 Client Error: Too Many Requests for url: https://api.mymemory.translated.net/get?q=Accordingly&langpair=en%7Cks
MyMemory error: 'Accordingly' attempt 5 429 Client Error: Too Many Requests for url: https://api.mymemory.translated.net/get?q=Accordingly&langpair=en%7Cks
MyMemory error: 'Accordingly' attempt 6 429 Client Error: Too Many Requests for url: https://api.mymemory.translated.net/get?q=Accordingly&langpair=en%7Cks
give up: 'Accordingly' 429 Client Error: Too Many Requests for url: https://api.mymemory.translated.net/get?q=Accordingly&langpair=en%7Cks
MyMemory error: 'Accurately' attempt 1 429 Client Error: Too Many Requests for url: https://api.mymemory.translated.net/get?q=Accurately&langpair=en%7Cks
MyMemory error: 'Accurately' attempt 2 429 Client Error: Too Many Requests for url: https://api.mymemory.translated.net/get?q=Accurately&langpair=en%7Cks
MyMemory error: 'Accurately' attempt 3 429 Client Error: Too Many Requests for url: https://api.mymemory.translated.net/get?q=Accurately&langpair=en%7Cks
MyMemory error: 'Accurately' attempt 4 429 Client Error: Too Many Requests for url: https://api.mymemory.translated.net/get?q=Accurately&langpair=en%7Cks
MyMemory error: 'Accurately' attempt 5 429 Client Error: Too Many Requests for url: https://api.mymemory.translated.net/get?q=Accurately&langpair=en%7Cks
MyMemory error: 'Accurately' attempt 6 429 Client Error: Too Many Requests for url: https://api.mymemory.translated.net/get?q=Accurately&langpair=en%7Cks
give up: 'Accurately' 429 Client Error: Too Many Requests for url: https://api.mymemory.translated.net/get?q=Accurately&langpair=en%7Cks
MyMemory error: 'Actively' attempt 1 429 Client Error: Too Many Requests for url: https://api.mymemory.translated.net/get?q=Actively&langpair=en%7Cks
MyMemory error: 'Actively' attempt 2 429 Client Error: Too Many Requests for url: https://api.mymemory.translated.net/get?q=Actively&langpair=en%7Cks
MyMemory error: 'Actively' attempt 3 429 Client Error: Too Many Requests for url: https://api.mymemory.translated.net/get?q=Actively&langpair=en%7Cks
MyMemory error: 'Actively' attempt 4 429 Client Error: Too Many Requests for url: https://api.mymemory.translated.net/get?q=Actively&langpair=en%7Cks
MyMemory error: 'Actively' attempt 5 429 Client Error: Too Many Requests for url: https://api.mymemory.translated.net/get?q=Actively&langpair=en%7Cks
MyMemory error: 'Actively' attempt 6 429 Client Error: Too Many Requests for url: https://api.mymemory.translated.net/get?q=Actively&langpair=en%7Cks
give up: 'Actively' 429 Client Error: Too Many Requests for url: https://api.mymemory.translated.net/get?q=Actively&langpair=en%7Cks
MyMemory error: 'Afresh' attempt 1 429 Client Error: Too Many Requests for url: https://api.mymemory.translated.net/get?q=Afresh&langpair=en%7Cks
MyMemory error: 'Afresh' attempt 2 429 Client Error: Too Many Requests for url: https://api.mymemory.translated.net/get?q=Afresh&langpair=en%7Cks
MyMemory error: 'Afresh' attempt 3 429 Client Error: Too Many Requests for url: https://api.mymemory.translated.net/get?q=Afresh&langpair=en%7Cks
MyMemory error: 'Afresh' attempt 4 429 Client Error: Too Many Requests for url: https://api.mymemory.translated.net/get?q=Afresh&langpair=en%7Cks
MyMemory error: 'Afresh' attempt 5 429 Client Error: Too Many Requests for url: https://api.mymemory.translated.net/get?q=Afresh&langpair=en%7Cks
MyMemory error: 'Afresh' attempt 6 429 Client Error: Too Many Requests for url: https://api.mymemory.translated.net/get?q=Afresh&langpair=en%7Cks
give up: 'Afresh' 429 Client Error: Too Many Requests for url: https://api.mymemory.translated.net/get?q=Afresh&langpair=en%7Cks
MyMemory error: 'Ago' attempt 1 429 Client Error: Too Many Requests for url: https://api.mymemory.translated.net/get?q=Ago&langpair=en%7Cks
MyMemory error: 'Ago' attempt 2 429 Client Error: Too Many Requests for url: https://api.mymemory.translated.net/get?q=Ago&langpair=en%7Cks
MyMemory error: 'Ago' attempt 3 429 Client Error: Too Many Requests for url: https://api.mymemory.translated.net/get?q=Ago&langpair=en%7Cks
MyMemory error: 'Ago' attempt 4 429 Client Error: Too Many Requests for url: https://api.mymemory.translated.net/get?q=Ago&langpair=en%7Cks
MyMemory error: 'Ago' attempt 5 429 Client Error: Too Many Requests for url: https://api.mymemory.translated.net/get?q=Ago&langpair=en%7Cks
MyMemory error: 'Ago' attempt 6 429 Client Error: Too Many Requests for url: https://api.mymemory.translated.net/get?q=Ago&langpair=en%7Cks
give up: 'Ago' 429 Client Error: Too Many Requests for url: https://api.mymemory.translated.net/get?q=Ago&langpair=en%7Cks
…cached 2400 strings
MyMemory error: 'Agreeably' attempt 1 429 Client Error: Too Many Requests for url: https://api.mymemory.translated.net/get?q=Agreeably&langpair=en%7Cks
MyMemory error: 'Agreeably' attempt 2 429 Client Error: Too Many Requests for url: https://api.mymemory.translated.net/get?q=Agreeably&langpair=en%7Cks
MyMemory error: 'Agreeably' attempt 3 429 Client Error: Too Many Requests for url: https://api.mymemory.translated.net/get?q=Agreeably&langpair=en%7Cks
MyMemory error: 'Agreeably' attempt 4 429 Client Error: Too Many Requests for url: https://api.mymemory.translated.net/get?q=Agreeably&langpair=en%7Cks
MyMemory error: 'Agreeably' attempt 5 429 Client Error: Too Many Requests for url: https://api.mymemory.translated.net/get?q=Agreeably&langpair=en%7Cks
MyMemory error: 'Agreeably' attempt 6 429 Client Error: Too Many Requests for url: https://api.mymemory.translated.net/get?q=Agreeably&langpair=en%7Cks
give up: 'Agreeably' 429 Client Error: Too Many Requests for url: https://api.mymemory.translated.net/get?q=Agreeably&langpair=en%7Cks
MyMemory error: 'Altogether' attempt 1 429 Client Error: Too Many Requests for url: https://api.mymemory.translated.net/get?q=Altogether&langpair=en%7Cks
MyMemory error: 'Altogether' attempt 2 429 Client Error: Too Many Requests for url: https://api.mymemory.translated.net/get?q=Altogether&langpair=en%7Cks
MyMemory error: 'Altogether' attempt 3 429 Client Error: Too Many Requests for url: https://api.mymemory.translated.net/get?q=Altogether&langpair=en%7Cks
MyMemory error: 'Altogether' attempt 4 429 Client Error: Too Many Requests for url: https://api.mymemory.translated.net/get?q=Altogether&langpair=en%7Cks
MyMemory error: 'Altogether' attempt 5 429 Client Error: Too Many Requests for url: https://api.mymemory.translated.net/get?q=Altogether&langpair=en%7Cks
MyMemory error: 'Altogether' attempt 6 429 Client Error: Too Many Requests for url: https://api.mymemory.translated.net/get?q=Altogether&langpair=en%7Cks
give up: 'Altogether' 429 Client Error: Too Many Requests for url: https://api.mymemory.translated.net/get?q=Altogether&langpair=en%7Cks
MyMemory error: 'Any' attempt 1 429 Client Error: Too Many Requests for url: https://api.mymemory.translated.net/get?q=Any&langpair=en%7Cks
MyMemory error: 'Any' attempt 2 429 Client Error: Too Many Requests for url: https://api.mymemory.translated.net/get?q=Any&langpair=en%7Cks
MyMemory error: 'Any' attempt 3 429 Client Error: Too Many Requests for url: https://api.mymemory.translated.net/get?q=Any&langpair=en%7Cks
MyMemory error: 'Any' attempt 4 429 Client Error: Too Many Requests for url: https://api.mymemory.translated.net/get?q=Any&langpair=en%7Cks
MyMemory error: 'Any' attempt 5 429 Client Error: Too Many Requests for url: https://api.mymemory.translated.net/get?q=Any&langpair=en%7Cks
MyMemory error: 'Any' attempt 6 429 Client Error: Too Many Requests for url: https://api.mymemory.translated.net/get?q=Any&langpair=en%7Cks
give up: 'Any' 429 Client Error: Too Many Requests for url: https://api.mymemory.translated.net/get?q=Any&langpair=en%7Cks
MyMemory error: 'Away' attempt 1 429 Client Error: Too Many Requests for url: https://api.mymemory.translated.net/get?q=Away&langpair=en%7Cks
MyMemory error: 'Away' attempt 2 429 Client Error: Too Many Requests for url: https://api.mymemory.translated.net/get?q=Away&langpair=en%7Cks
MyMemory error: 'Away' attempt 3 429 Client Error: Too Many Requests for url: https://api.mymemory.translated.net/get?q=Away&langpair=en%7Cks
MyMemory error: 'Away' attempt 4 429 Client Error: Too Many Requests for url: https://api.mymemory.translated.net/get?q=Away&langpair=en%7Cks
MyMemory error: 'Away' attempt 5 429 Client Error: Too Many Requests for url: https://api.mymemory.translated.net/get?q=Away&langpair=en%7Cks
MyMemory error: 'Away' attempt 6 429 Client Error: Too Many Requests for url: https://api.mymemory.translated.net/get?q=Away&langpair=en%7Cks
give up: 'Away' 429 Client Error: Too Many Requests for url: https://api.mymemory.translated.net/get?q=Away&langpair=en%7Cks
wrote D:\Downloads\bhaashabuddy-project\bhaashabuddy\Bhaashabuddy-project\kashmiri_data.js | cache entries: 2404
